month,hour,day_type,daylight_savings_status,indoor_dry_bulb_temperature,average_unmet_cooling_setpoint_difference,indoor_relative_humidity,non_shiftable_load,dhw_demand,cooling_demand,heating_demand,solar_generation
1,1,3,,,,,,,,,0.0
1,1,3,,,,,,,,,0.0
1,1,3,,,,,,,,,0.0
1,1,3,,,,,,,,,0.0
1,2,3,,,,,,,,,0.0
1,2,3,,,,,,,,,0.0
1,2,3,,,,,,,,,0.0
1,2,3,,,,,,,,,0.0
1,3,3,,,,,,,,,0.0
1,3,3,,,,,,,,,0.0
1,3,3,,,,,,,,,0.0
1,3,3,,,,,,,,,0.0
1,4,3,,,,,,,,,0.0
1,4,3,,,,,,,,,0.0
1,4,3,,,,,,,,,0.0
1,4,3,,,,,,,,,0.0
1,5,3,,,,,,,,,0.0
1,5,3,,,,,,,,,0.0
1,5,3,,,,,,,,,0.0
1,5,3,,,,,,,,,0.0
1,6,3,,,,,,,,,0.0
1,6,3,,,,,,,,,0.0
1,6,3,,,,,,,,,0.0
1,6,3,,,,,,,,,0.0
1,7,3,,,,,,,,,0.0
1,7,3,,,,,,,,,0.0
1,7,3,,,,,,,,,0.0
1,7,3,,,,,,,,,0.0
1,8,3,,,,,,,,,0.0
1,8,3,,,,,,,,,0.0
1,8,3,,,,,,,,,0.0
1,8,3,,,,,,,,,0.0
1,9,3,,,,,,,,,0.0025
1,9,3,,,,,,,,,0.0475
1,9,3,,,,,,,,,0.115
1,9,3,,,,,,,,,0.215
1,10,3,,,,,,,,,0.365
1,10,3,,,,,,,,,0.675
1,10,3,,,,,,,,,1.13
1,10,3,,,,,,,,,1.2825
1,11,3,,,,,,,,,1.835
1,11,3,,,,,,,,,3.0825
1,11,3,,,,,,,,,3.8
1,11,3,,,,,,,,,4.18
1,12,3,,,,,,,,,4.3925
1,12,3,,,,,,,,,4.475
1,12,3,,,,,,,,,4.685
1,12,3,,,,,,,,,4.7975
1,13,3,,,,,,,,,4.975
1,13,3,,,,,,,,,5.0025
1,13,3,,,,,,,,,5.125
1,13,3,,,,,,,,,5.2025
1,14,3,,,,,,,,,4.985
1,14,3,,,,,,,,,5.1125
1,14,3,,,,,,,,,5.0425
1,14,3,,,,,,,,,3.6375
1,15,3,,,,,,,,,4.9675
1,15,3,,,,,,,,,4.495
1,15,3,,,,,,,,,4.22
1,15,3,,,,,,,,,3.9925
1,16,3,,,,,,,,,3.68
1,16,3,,,,,,,,,3.415
1,16,3,,,,,,,,,2.6475
1,16,3,,,,,,,,,1.5175
1,17,3,,,,,,,,,1.5125
1,17,3,,,,,,,,,1.185
1,17,3,,,,,,,,,0.58
1,17,3,,,,,,,,,0.2775
1,18,3,,,,,,,,,0.23
1,18,3,,,,,,,,,0.0775
1,18,3,,,,,,,,,0.005
1,18,3,,,,,,,,,0.0
1,19,3,,,,,,,,,0.0
1,19,3,,,,,,,,,0.0
1,19,3,,,,,,,,,0.0
1,19,3,,,,,,,,,0.0
1,20,3,,,,,,,,,0.0
1,20,3,,,,,,,,,0.0
1,20,3,,,,,,,,,0.0
1,20,3,,,,,,,,,0.0
1,21,3,,,,,,,,,0.0
1,21,3,,,,,,,,,0.0
1,21,3,,,,,,,,,0.0
1,21,3,,,,,,,,,0.0
1,22,3,,,,,,,,,0.0
1,22,3,,,,,,,,,0.0
1,22,3,,,,,,,,,0.0
1,22,3,,,,,,,,,0.0
1,23,3,,,,,,,,,0.0
1,23,3,,,,,,,,,0.0
1,23,3,,,,,,,,,0.0
1,23,3,,,,,,,,,0.0
1,24,3,,,,,,,,,0.0
1,24,3,,,,,,,,,0.0
1,24,3,,,,,,,,,0.0
1,24,3,,,,,,,,,0.0
1,1,4,,,,,,,,,0.0
1,1,4,,,,,,,,,0.0
1,1,4,,,,,,,,,0.0
1,1,4,,,,,,,,,0.0
1,2,4,,,,,,,,,0.0
1,2,4,,,,,,,,,0.0
1,2,4,,,,,,,,,0.0
1,2,4,,,,,,,,,0.0
1,3,4,,,,,,,,,0.0
1,3,4,,,,,,,,,0.0
1,3,4,,,,,,,,,0.0
1,3,4,,,,,,,,,0.0
1,4,4,,,,,,,,,0.0
1,4,4,,,,,,,,,0.0
1,4,4,,,,,,,,,0.0
1,4,4,,,,,,,,,0.0
1,5,4,,,,,,,,,0.0
1,5,4,,,,,,,,,0.0
1,5,4,,,,,,,,,0.0
1,5,4,,,,,,,,,0.0
1,6,4,,,,,,,,,0.0
1,6,4,,,,,,,,,0.0
1,6,4,,,,,,,,,0.0
1,6,4,,,,,,,,,0.0
1,7,4,,,,,,,,,0.0
1,7,4,,,,,,,,,0.0
1,7,4,,,,,,,,,0.0
1,7,4,,,,,,,,,0.0
1,8,4,,,,,,,,,0.0
1,8,4,,,,,,,,,0.0
1,8,4,,,,,,,,,0.0
1,8,4,,,,,,,,,0.0
1,9,4,,,,,,,,,0.0
1,9,4,,,,,,,,,0.0075
1,9,4,,,,,,,,,0.0925
1,9,4,,,,,,,,,0.145
1,10,4,,,,,,,,,0.2175
1,10,4,,,,,,,,,0.325
1,10,4,,,,,,,,,0.485
1,10,4,,,,,,,,,0.8675
1,11,4,,,,,,,,,1.385
1,11,4,,,,,,,,,1.64
1,11,4,,,,,,,,,2.42
1,11,4,,,,,,,,,1.335
1,12,4,,,,,,,,,1.4525
1,12,4,,,,,,,,,1.4275
1,12,4,,,,,,,,,2.59
1,12,4,,,,,,,,,2.88
1,13,4,,,,,,,,,2.87
1,13,4,,,,,,,,,2.9775
1,13,4,,,,,,,,,4.395
1,13,4,,,,,,,,,4.835
1,14,4,,,,,,,,,4.4
1,14,4,,,,,,,,,3.605
1,14,4,,,,,,,,,4.2225
1,14,4,,,,,,,,,2.4225
1,15,4,,,,,,,,,1.6475
1,15,4,,,,,,,,,1.275
1,15,4,,,,,,,,,1.2025
1,15,4,,,,,,,,,1.4675
1,16,4,,,,,,,,,2.1925
1,16,4,,,,,,,,,3.02
1,16,4,,,,,,,,,2.7175
1,16,4,,,,,,,,,2.02
1,17,4,,,,,,,,,1.33
1,17,4,,,,,,,,,0.6675
1,17,4,,,,,,,,,0.4675
1,17,4,,,,,,,,,0.2575
1,18,4,,,,,,,,,0.115
1,18,4,,,,,,,,,0.0225
1,18,4,,,,,,,,,0.0
1,18,4,,,,,,,,,0.0
1,19,4,,,,,,,,,0.0
1,19,4,,,,,,,,,0.0
1,19,4,,,,,,,,,0.0
1,19,4,,,,,,,,,0.0
1,20,4,,,,,,,,,0.0
1,20,4,,,,,,,,,0.0
1,20,4,,,,,,,,,0.0
1,20,4,,,,,,,,,0.0
1,21,4,,,,,,,,,0.0
1,21,4,,,,,,,,,0.0
1,21,4,,,,,,,,,0.0
1,21,4,,,,,,,,,0.0
1,22,4,,,,,,,,,0.0
1,22,4,,,,,,,,,0.0
1,22,4,,,,,,,,,0.0
1,22,4,,,,,,,,,0.0
1,23,4,,,,,,,,,0.0
1,23,4,,,,,,,,,0.0
1,23,4,,,,,,,,,0.0
1,23,4,,,,,,,,,0.0
1,24,4,,,,,,,,,0.0
1,24,4,,,,,,,,,0.0
1,24,4,,,,,,,,,0.0
1,24,4,,,,,,,,,0.0
1,1,5,,,,,,,,,0.0
1,1,5,,,,,,,,,0.0
1,1,5,,,,,,,,,0.0
1,1,5,,,,,,,,,0.0
1,2,5,,,,,,,,,0.0
1,2,5,,,,,,,,,0.0
1,2,5,,,,,,,,,0.0
1,2,5,,,,,,,,,0.0
1,3,5,,,,,,,,,0.0
1,3,5,,,,,,,,,0.0
1,3,5,,,,,,,,,0.0
1,3,5,,,,,,,,,0.0
1,4,5,,,,,,,,,0.0
1,4,5,,,,,,,,,0.0
1,4,5,,,,,,,,,0.0
1,4,5,,,,,,,,,0.0
1,5,5,,,,,,,,,0.0
1,5,5,,,,,,,,,0.0
1,5,5,,,,,,,,,0.0
1,5,5,,,,,,,,,0.0
1,6,5,,,,,,,,,0.0
1,6,5,,,,,,,,,0.0
1,6,5,,,,,,,,,0.0
1,6,5,,,,,,,,,0.0
1,7,5,,,,,,,,,0.0
1,7,5,,,,,,,,,0.0
1,7,5,,,,,,,,,0.0
1,7,5,,,,,,,,,0.0
1,8,5,,,,,,,,,0.0
1,8,5,,,,,,,,,0.0
1,8,5,,,,,,,,,0.0
1,8,5,,,,,,,,,0.0
1,9,5,,,,,,,,,0.0
1,9,5,,,,,,,,,0.0025
1,9,5,,,,,,,,,0.0475
1,9,5,,,,,,,,,0.1025
1,10,5,,,,,,,,,0.24
1,10,5,,,,,,,,,0.36
1,10,5,,,,,,,,,0.47
1,10,5,,,,,,,,,0.77
1,11,5,,,,,,,,,1.125
1,11,5,,,,,,,,,1.1325
1,11,5,,,,,,,,,1.3575
1,11,5,,,,,,,,,1.3625
1,12,5,,,,,,,,,1.4575
1,12,5,,,,,,,,,1.3225
1,12,5,,,,,,,,,1.275
1,12,5,,,,,,,,,1.345
1,13,5,,,,,,,,,1.3875
1,13,5,,,,,,,,,1.7
1,13,5,,,,,,,,,1.355
1,13,5,,,,,,,,,1.23
1,14,5,,,,,,,,,1.4025
1,14,5,,,,,,,,,1.2375
1,14,5,,,,,,,,,1.205
1,14,5,,,,,,,,,0.9825
1,15,5,,,,,,,,,0.8625
1,15,5,,,,,,,,,0.9
1,15,5,,,,,,,,,0.8725
1,15,5,,,,,,,,,0.63
1,16,5,,,,,,,,,0.7125
1,16,5,,,,,,,,,0.555
1,16,5,,,,,,,,,0.425
1,16,5,,,,,,,,,0.4375
1,17,5,,,,,,,,,0.47
1,17,5,,,,,,,,,0.4225
1,17,5,,,,,,,,,0.45
1,17,5,,,,,,,,,0.1525
1,18,5,,,,,,,,,0.05
1,18,5,,,,,,,,,0.015
1,18,5,,,,,,,,,0.0
1,18,5,,,,,,,,,0.0
1,19,5,,,,,,,,,0.0
1,19,5,,,,,,,,,0.0
1,19,5,,,,,,,,,0.0
1,19,5,,,,,,,,,0.0
1,20,5,,,,,,,,,0.0
1,20,5,,,,,,,,,0.0
1,20,5,,,,,,,,,0.0
1,20,5,,,,,,,,,0.0
1,21,5,,,,,,,,,0.0
1,21,5,,,,,,,,,0.0
1,21,5,,,,,,,,,0.0
1,21,5,,,,,,,,,0.0
1,22,5,,,,,,,,,0.0
1,22,5,,,,,,,,,0.0
1,22,5,,,,,,,,,0.0
1,22,5,,,,,,,,,0.0
1,23,5,,,,,,,,,0.0
1,23,5,,,,,,,,,0.0
1,23,5,,,,,,,,,0.0
1,23,5,,,,,,,,,0.0
1,24,5,,,,,,,,,0.0
1,24,5,,,,,,,,,0.0
1,24,5,,,,,,,,,0.0
1,24,5,,,,,,,,,0.0
1,1,6,,,,,,,,,0.0
1,1,6,,,,,,,,,0.0
1,1,6,,,,,,,,,0.0
1,1,6,,,,,,,,,0.0
1,2,6,,,,,,,,,0.0
1,2,6,,,,,,,,,0.0
1,2,6,,,,,,,,,0.0
1,2,6,,,,,,,,,0.0
1,3,6,,,,,,,,,0.0
1,3,6,,,,,,,,,0.0
1,3,6,,,,,,,,,0.0
1,3,6,,,,,,,,,0.0
1,4,6,,,,,,,,,0.0
1,4,6,,,,,,,,,0.0
1,4,6,,,,,,,,,0.0
1,4,6,,,,,,,,,0.0
1,5,6,,,,,,,,,0.0
1,5,6,,,,,,,,,0.0
1,5,6,,,,,,,,,0.0
1,5,6,,,,,,,,,0.0
1,6,6,,,,,,,,,0.0
1,6,6,,,,,,,,,0.0
1,6,6,,,,,,,,,0.0
1,6,6,,,,,,,,,0.0
1,7,6,,,,,,,,,0.0
1,7,6,,,,,,,,,0.0
1,7,6,,,,,,,,,0.0
1,7,6,,,,,,,,,0.0
1,8,6,,,,,,,,,0.0
1,8,6,,,,,,,,,0.0
1,8,6,,,,,,,,,0.0
1,8,6,,,,,,,,,0.0
1,9,6,,,,,,,,,0.0
1,9,6,,,,,,,,,0.0
1,9,6,,,,,,,,,0.065
1,9,6,,,,,,,,,0.22
1,10,6,,,,,,,,,0.3075
1,10,6,,,,,,,,,0.305
1,10,6,,,,,,,,,0.405
1,10,6,,,,,,,,,0.6975
1,11,6,,,,,,,,,0.98
1,11,6,,,,,,,,,1.025
1,11,6,,,,,,,,,1.005
1,11,6,,,,,,,,,1.26
1,12,6,,,,,,,,,1.405
1,12,6,,,,,,,,,1.735
1,12,6,,,,,,,,,1.36
1,12,6,,,,,,,,,2.0175
1,13,6,,,,,,,,,1.42
1,13,6,,,,,,,,,1.4075
1,13,6,,,,,,,,,1.5
1,13,6,,,,,,,,,2.6
1,14,6,,,,,,,,,1.91
1,14,6,,,,,,,,,1.6175
1,14,6,,,,,,,,,1.3625
1,14,6,,,,,,,,,0.68
1,15,6,,,,,,,,,0.5975
1,15,6,,,,,,,,,0.2975
1,15,6,,,,,,,,,0.6425
1,15,6,,,,,,,,,0.57
1,16,6,,,,,,,,,0.5825
1,16,6,,,,,,,,,0.61
1,16,6,,,,,,,,,0.5825
1,16,6,,,,,,,,,0.585
1,17,6,,,,,,,,,0.32
1,17,6,,,,,,,,,0.245
1,17,6,,,,,,,,,0.21
1,17,6,,,,,,,,,0.0825
1,18,6,,,,,,,,,0.0325
1,18,6,,,,,,,,,0.0
1,18,6,,,,,,,,,0.0
1,18,6,,,,,,,,,0.0
1,19,6,,,,,,,,,0.0
1,19,6,,,,,,,,,0.0
1,19,6,,,,,,,,,0.0
1,19,6,,,,,,,,,0.0
1,20,6,,,,,,,,,0.0
1,20,6,,,,,,,,,0.0
1,20,6,,,,,,,,,0.0
1,20,6,,,,,,,,,0.0
1,21,6,,,,,,,,,0.0
1,21,6,,,,,,,,,0.0
1,21,6,,,,,,,,,0.0
1,21,6,,,,,,,,,0.0
1,22,6,,,,,,,,,0.0
1,22,6,,,,,,,,,0.0
1,22,6,,,,,,,,,0.0
1,22,6,,,,,,,,,0.0
1,23,6,,,,,,,,,0.0
1,23,6,,,,,,,,,0.0
1,23,6,,,,,,,,,0.0
1,23,6,,,,,,,,,0.0
1,24,6,,,,,,,,,0.0
1,24,6,,,,,,,,,0.0
1,24,6,,,,,,,,,0.0
1,24,6,,,,,,,,,0.0
1,1,7,,,,,,,,,0.0
1,1,7,,,,,,,,,0.0
1,1,7,,,,,,,,,0.0
1,1,7,,,,,,,,,0.0
1,2,7,,,,,,,,,0.0
1,2,7,,,,,,,,,0.0
1,2,7,,,,,,,,,0.0
1,2,7,,,,,,,,,0.0
1,3,7,,,,,,,,,0.0
1,3,7,,,,,,,,,0.0
1,3,7,,,,,,,,,0.0
1,3,7,,,,,,,,,0.0
1,4,7,,,,,,,,,0.0
1,4,7,,,,,,,,,0.0
1,4,7,,,,,,,,,0.0
1,4,7,,,,,,,,,0.0
1,5,7,,,,,,,,,0.0
1,5,7,,,,,,,,,0.0
1,5,7,,,,,,,,,0.0
1,5,7,,,,,,,,,0.0
1,6,7,,,,,,,,,0.0
1,6,7,,,,,,,,,0.0
1,6,7,,,,,,,,,0.0
1,6,7,,,,,,,,,0.0
1,7,7,,,,,,,,,0.0
1,7,7,,,,,,,,,0.0
1,7,7,,,,,,,,,0.0
1,7,7,,,,,,,,,0.0
1,8,7,,,,,,,,,0.0
1,8,7,,,,,,,,,0.0
1,8,7,,,,,,,,,0.0
1,8,7,,,,,,,,,0.0
1,9,7,,,,,,,,,0.0
1,9,7,,,,,,,,,0.0
1,9,7,,,,,,,,,0.0
1,9,7,,,,,,,,,0.01
1,10,7,,,,,,,,,0.09
1,10,7,,,,,,,,,0.0925
1,10,7,,,,,,,,,0.12
1,10,7,,,,,,,,,0.1825
1,11,7,,,,,,,,,0.17
1,11,7,,,,,,,,,0.225
1,11,7,,,,,,,,,0.4875
1,11,7,,,,,,,,,0.36
1,12,7,,,,,,,,,0.11
1,12,7,,,,,,,,,0.065
1,12,7,,,,,,,,,0.07
1,12,7,,,,,,,,,0.12
1,13,7,,,,,,,,,0.19
1,13,7,,,,,,,,,0.305
1,13,7,,,,,,,,,0.4675
1,13,7,,,,,,,,,0.4725
1,14,7,,,,,,,,,0.5
1,14,7,,,,,,,,,1.545
1,14,7,,,,,,,,,1.5225
1,14,7,,,,,,,,,1.315
1,15,7,,,,,,,,,0.89
1,15,7,,,,,,,,,0.98
1,15,7,,,,,,,,,0.47
1,15,7,,,,,,,,,0.655
1,16,7,,,,,,,,,0.7075
1,16,7,,,,,,,,,0.8
1,16,7,,,,,,,,,1.055
1,16,7,,,,,,,,,0.4175
1,17,7,,,,,,,,,0.785
1,17,7,,,,,,,,,0.85
1,17,7,,,,,,,,,0.2925
1,17,7,,,,,,,,,0.795
1,18,7,,,,,,,,,0.2475
1,18,7,,,,,,,,,0.065
1,18,7,,,,,,,,,0.005
1,18,7,,,,,,,,,0.0
1,19,7,,,,,,,,,0.0
1,19,7,,,,,,,,,0.0
1,19,7,,,,,,,,,0.0
1,19,7,,,,,,,,,0.0
1,20,7,,,,,,,,,0.0
1,20,7,,,,,,,,,0.0
1,20,7,,,,,,,,,0.0
1,20,7,,,,,,,,,0.0
1,21,7,,,,,,,,,0.0
1,21,7,,,,,,,,,0.0
1,21,7,,,,,,,,,0.0
1,21,7,,,,,,,,,0.0
1,22,7,,,,,,,,,0.0
1,22,7,,,,,,,,,0.0
1,22,7,,,,,,,,,0.0
1,22,7,,,,,,,,,0.0
1,23,7,,,,,,,,,0.0
1,23,7,,,,,,,,,0.0
1,23,7,,,,,,,,,0.0
1,23,7,,,,,,,,,0.0
1,24,7,,,,,,,,,0.0
1,24,7,,,,,,,,,0.0
1,24,7,,,,,,,,,0.0
1,24,7,,,,,,,,,0.0
1,1,1,,,,,,,,,0.0
1,1,1,,,,,,,,,0.0
1,1,1,,,,,,,,,0.0
1,1,1,,,,,,,,,0.0
1,2,1,,,,,,,,,0.0
1,2,1,,,,,,,,,0.0
1,2,1,,,,,,,,,0.0
1,2,1,,,,,,,,,0.0
1,3,1,,,,,,,,,0.0
1,3,1,,,,,,,,,0.0
1,3,1,,,,,,,,,0.0
1,3,1,,,,,,,,,0.0
1,4,1,,,,,,,,,0.0
1,4,1,,,,,,,,,0.0
1,4,1,,,,,,,,,0.0
1,4,1,,,,,,,,,0.0
1,5,1,,,,,,,,,0.0
1,5,1,,,,,,,,,0.0
1,5,1,,,,,,,,,0.0
1,5,1,,,,,,,,,0.0
1,6,1,,,,,,,,,0.0
1,6,1,,,,,,,,,0.0
1,6,1,,,,,,,,,0.0
1,6,1,,,,,,,,,0.0
1,7,1,,,,,,,,,0.0
1,7,1,,,,,,,,,0.0
1,7,1,,,,,,,,,0.0
1,7,1,,,,,,,,,0.0
1,8,1,,,,,,,,,0.0
1,8,1,,,,,,,,,0.0
1,8,1,,,,,,,,,0.0
1,8,1,,,,,,,,,0.0
1,9,1,,,,,,,,,0.0
1,9,1,,,,,,,,,0.005
1,9,1,,,,,,,,,0.075
1,9,1,,,,,,,,,0.3925
1,10,1,,,,,,,,,0.665
1,10,1,,,,,,,,,0.3775
1,10,1,,,,,,,,,0.6475
1,10,1,,,,,,,,,1.2175
1,11,1,,,,,,,,,1.8475
1,11,1,,,,,,,,,2.3375
1,11,1,,,,,,,,,1.2725
1,11,1,,,,,,,,,3.7475
1,12,1,,,,,,,,,2.3025
1,12,1,,,,,,,,,4.76
1,12,1,,,,,,,,,3.015
1,12,1,,,,,,,,,3.9275
1,13,1,,,,,,,,,5.3425
1,13,1,,,,,,,,,5.4925
1,13,1,,,,,,,,,5.5975
1,13,1,,,,,,,,,2.9975
1,14,1,,,,,,,,,2.525
1,14,1,,,,,,,,,5.28
1,14,1,,,,,,,,,5.2
1,14,1,,,,,,,,,4.455
1,15,1,,,,,,,,,3.67
1,15,1,,,,,,,,,5.06
1,15,1,,,,,,,,,4.145
1,15,1,,,,,,,,,3.955
1,16,1,,,,,,,,,2.85
1,16,1,,,,,,,,,0.8375
1,16,1,,,,,,,,,3.0175
1,16,1,,,,,,,,,2.7225
1,17,1,,,,,,,,,2.105
1,17,1,,,,,,,,,1.365
1,17,1,,,,,,,,,0.565
1,17,1,,,,,,,,,0.335
1,18,1,,,,,,,,,0.3175
1,18,1,,,,,,,,,0.135
1,18,1,,,,,,,,,0.0125
1,18,1,,,,,,,,,0.0
1,19,1,,,,,,,,,0.0
1,19,1,,,,,,,,,0.0
1,19,1,,,,,,,,,0.0
1,19,1,,,,,,,,,0.0
1,20,1,,,,,,,,,0.0
1,20,1,,,,,,,,,0.0
1,20,1,,,,,,,,,0.0
1,20,1,,,,,,,,,0.0
1,21,1,,,,,,,,,0.0
1,21,1,,,,,,,,,0.0
1,21,1,,,,,,,,,0.0
1,21,1,,,,,,,,,0.0
1,22,1,,,,,,,,,0.0
1,22,1,,,,,,,,,0.0
1,22,1,,,,,,,,,0.0
1,22,1,,,,,,,,,0.0
1,23,1,,,,,,,,,0.0
1,23,1,,,,,,,,,0.0
1,23,1,,,,,,,,,0.0
1,23,1,,,,,,,,,0.0
1,24,1,,,,,,,,,0.0
1,24,1,,,,,,,,,0.0
1,24,1,,,,,,,,,0.0
1,24,1,,,,,,,,,0.0
1,1,2,,,,,,,,,0.0
1,1,2,,,,,,,,,0.0
1,1,2,,,,,,,,,0.0
1,1,2,,,,,,,,,0.0
1,2,2,,,,,,,,,0.0
1,2,2,,,,,,,,,0.0
1,2,2,,,,,,,,,0.0
1,2,2,,,,,,,,,0.0
1,3,2,,,,,,,,,0.0
1,3,2,,,,,,,,,0.0
1,3,2,,,,,,,,,0.0
1,3,2,,,,,,,,,0.0
1,4,2,,,,,,,,,0.0
1,4,2,,,,,,,,,0.0
1,4,2,,,,,,,,,0.0
1,4,2,,,,,,,,,0.0
1,5,2,,,,,,,,,0.0
1,5,2,,,,,,,,,0.0
1,5,2,,,,,,,,,0.0
1,5,2,,,,,,,,,0.0
1,6,2,,,,,,,,,0.0
1,6,2,,,,,,,,,0.0
1,6,2,,,,,,,,,0.0
1,6,2,,,,,,,,,0.0
1,7,2,,,,,,,,,0.0
1,7,2,,,,,,,,,0.0
1,7,2,,,,,,,,,0.0
1,7,2,,,,,,,,,0.0
1,8,2,,,,,,,,,0.0
1,8,2,,,,,,,,,0.0
1,8,2,,,,,,,,,0.0
1,8,2,,,,,,,,,0.0
1,9,2,,,,,,,,,0.0
1,9,2,,,,,,,,,0.0
1,9,2,,,,,,,,,0.0275
1,9,2,,,,,,,,,0.085
1,10,2,,,,,,,,,0.0675
1,10,2,,,,,,,,,0.1075
1,10,2,,,,,,,,,0.19
1,10,2,,,,,,,,,0.3
1,11,2,,,,,,,,,0.3475
1,11,2,,,,,,,,,0.425
1,11,2,,,,,,,,,0.68
1,11,2,,,,,,,,,0.6475
1,12,2,,,,,,,,,0.685
1,12,2,,,,,,,,,0.54
1,12,2,,,,,,,,,0.3875
1,12,2,,,,,,,,,0.595
1,13,2,,,,,,,,,0.4925
1,13,2,,,,,,,,,0.37
1,13,2,,,,,,,,,0.54
1,13,2,,,,,,,,,0.2775
1,14,2,,,,,,,,,0.2375
1,14,2,,,,,,,,,0.3925
1,14,2,,,,,,,,,0.3275
1,14,2,,,,,,,,,0.295
1,15,2,,,,,,,,,0.2075
1,15,2,,,,,,,,,0.2775
1,15,2,,,,,,,,,0.25
1,15,2,,,,,,,,,0.27
1,16,2,,,,,,,,,0.265
1,16,2,,,,,,,,,0.165
1,16,2,,,,,,,,,0.205
1,16,2,,,,,,,,,0.1975
1,17,2,,,,,,,,,0.3025
1,17,2,,,,,,,,,0.4475
1,17,2,,,,,,,,,0.29
1,17,2,,,,,,,,,0.29
1,18,2,,,,,,,,,0.145
1,18,2,,,,,,,,,0.0325
1,18,2,,,,,,,,,0.0
1,18,2,,,,,,,,,0.0
1,19,2,,,,,,,,,0.0
1,19,2,,,,,,,,,0.0
1,19,2,,,,,,,,,0.0
1,19,2,,,,,,,,,0.0
1,20,2,,,,,,,,,0.0
1,20,2,,,,,,,,,0.0
1,20,2,,,,,,,,,0.0
1,20,2,,,,,,,,,0.0
1,21,2,,,,,,,,,0.0
1,21,2,,,,,,,,,0.0
1,21,2,,,,,,,,,0.0
1,21,2,,,,,,,,,0.0
1,22,2,,,,,,,,,0.0
1,22,2,,,,,,,,,0.0
1,22,2,,,,,,,,,0.0
1,22,2,,,,,,,,,0.0
1,23,2,,,,,,,,,0.0
1,23,2,,,,,,,,,0.0
1,23,2,,,,,,,,,0.0
1,23,2,,,,,,,,,0.0
1,24,2,,,,,,,,,0.0
1,24,2,,,,,,,,,0.0
1,24,2,,,,,,,,,0.0
1,24,2,,,,,,,,,0.0
1,1,3,,,,,,,,,0.0
1,1,3,,,,,,,,,0.0
1,1,3,,,,,,,,,0.0
1,1,3,,,,,,,,,0.0
1,2,3,,,,,,,,,0.0
1,2,3,,,,,,,,,0.0
1,2,3,,,,,,,,,0.0
1,2,3,,,,,,,,,0.0
1,3,3,,,,,,,,,0.0
1,3,3,,,,,,,,,0.0
1,3,3,,,,,,,,,0.0
1,3,3,,,,,,,,,0.0
1,4,3,,,,,,,,,0.0
1,4,3,,,,,,,,,0.0
1,4,3,,,,,,,,,0.0
1,4,3,,,,,,,,,0.0
1,5,3,,,,,,,,,0.0
1,5,3,,,,,,,,,0.0
1,5,3,,,,,,,,,0.0
1,5,3,,,,,,,,,0.0
1,6,3,,,,,,,,,0.0
1,6,3,,,,,,,,,0.0
1,6,3,,,,,,,,,0.0
1,6,3,,,,,,,,,0.0
1,7,3,,,,,,,,,0.0
1,7,3,,,,,,,,,0.0
1,7,3,,,,,,,,,0.0
1,7,3,,,,,,,,,0.0
1,8,3,,,,,,,,,0.0
1,8,3,,,,,,,,,0.0
1,8,3,,,,,,,,,0.0
1,8,3,,,,,,,,,0.0
1,9,3,,,,,,,,,0.0
1,9,3,,,,,,,,,0.0
1,9,3,,,,,,,,,0.0
1,9,3,,,,,,,,,0.0
1,10,3,,,,,,,,,0.0
1,10,3,,,,,,,,,0.0
1,10,3,,,,,,,,,0.01
1,10,3,,,,,,,,,0.045
1,11,3,,,,,,,,,0.275
1,11,3,,,,,,,,,0.5375
1,11,3,,,,,,,,,1.0225
1,11,3,,,,,,,,,0.76
1,12,3,,,,,,,,,0.715
1,12,3,,,,,,,,,1.5625
1,12,3,,,,,,,,,1.3625
1,12,3,,,,,,,,,1.38
1,13,3,,,,,,,,,1.2725
1,13,3,,,,,,,,,1.46
1,13,3,,,,,,,,,1.665
1,13,3,,,,,,,,,1.5425
1,14,3,,,,,,,,,1.3775
1,14,3,,,,,,,,,1.19
1,14,3,,,,,,,,,0.9775
1,14,3,,,,,,,,,0.885
1,15,3,,,,,,,,,1.335
1,15,3,,,,,,,,,2.0475
1,15,3,,,,,,,,,1.5375
1,15,3,,,,,,,,,1.09
1,16,3,,,,,,,,,0.605
1,16,3,,,,,,,,,0.4275
1,16,3,,,,,,,,,0.3875
1,16,3,,,,,,,,,0.33
1,17,3,,,,,,,,,0.21
1,17,3,,,,,,,,,0.33
1,17,3,,,,,,,,,0.25
1,17,3,,,,,,,,,0.125
1,18,3,,,,,,,,,0.0425
1,18,3,,,,,,,,,0.01
1,18,3,,,,,,,,,0.0
1,18,3,,,,,,,,,0.0
1,19,3,,,,,,,,,0.0
1,19,3,,,,,,,,,0.0
1,19,3,,,,,,,,,0.0
1,19,3,,,,,,,,,0.0
1,20,3,,,,,,,,,0.0
1,20,3,,,,,,,,,0.0
1,20,3,,,,,,,,,0.0
1,20,3,,,,,,,,,0.0
1,21,3,,,,,,,,,0.0
1,21,3,,,,,,,,,0.0
1,21,3,,,,,,,,,0.0
1,21,3,,,,,,,,,0.0
1,22,3,,,,,,,,,0.0
1,22,3,,,,,,,,,0.0
1,22,3,,,,,,,,,0.0
1,22,3,,,,,,,,,0.0
1,23,3,,,,,,,,,0.0
1,23,3,,,,,,,,,0.0
1,23,3,,,,,,,,,0.0
1,23,3,,,,,,,,,0.0
1,24,3,,,,,,,,,0.0
1,24,3,,,,,,,,,0.0
1,24,3,,,,,,,,,0.0
1,24,3,,,,,,,,,0.0
1,1,4,,,,,,,,,0.0
1,1,4,,,,,,,,,0.0
1,1,4,,,,,,,,,0.0
1,1,4,,,,,,,,,0.0
1,2,4,,,,,,,,,0.0
1,2,4,,,,,,,,,0.0
1,2,4,,,,,,,,,0.0
1,2,4,,,,,,,,,0.0
1,3,4,,,,,,,,,0.0
1,3,4,,,,,,,,,0.0
1,3,4,,,,,,,,,0.0
1,3,4,,,,,,,,,0.0
1,4,4,,,,,,,,,0.0
1,4,4,,,,,,,,,0.0
1,4,4,,,,,,,,,0.0
1,4,4,,,,,,,,,0.0
1,5,4,,,,,,,,,0.0
1,5,4,,,,,,,,,0.0
1,5,4,,,,,,,,,0.0
1,5,4,,,,,,,,,0.0
1,6,4,,,,,,,,,0.0
1,6,4,,,,,,,,,0.0
1,6,4,,,,,,,,,0.0
1,6,4,,,,,,,,,0.0
1,7,4,,,,,,,,,0.0
1,7,4,,,,,,,,,0.0
1,7,4,,,,,,,,,0.0
1,7,4,,,,,,,,,0.0
1,8,4,,,,,,,,,0.0
1,8,4,,,,,,,,,0.0
1,8,4,,,,,,,,,0.0
1,8,4,,,,,,,,,0.0
1,9,4,,,,,,,,,0.0
1,9,4,,,,,,,,,0.0
1,9,4,,,,,,,,,0.0
1,9,4,,,,,,,,,0.0
1,10,4,,,,,,,,,0.015
1,10,4,,,,,,,,,0.03
1,10,4,,,,,,,,,0.0425
1,10,4,,,,,,,,,0.0725
1,11,4,,,,,,,,,0.16
1,11,4,,,,,,,,,0.1425
1,11,4,,,,,,,,,0.1375
1,11,4,,,,,,,,,0.16
1,12,4,,,,,,,,,0.33
1,12,4,,,,,,,,,0.72
1,12,4,,,,,,,,,1.61
1,12,4,,,,,,,,,1.2425
1,13,4,,,,,,,,,2.4525
1,13,4,,,,,,,,,1.665
1,13,4,,,,,,,,,2.18
1,13,4,,,,,,,,,0.9925
1,14,4,,,,,,,,,2.4925
1,14,4,,,,,,,,,4.81
1,14,4,,,,,,,,,3.25
1,14,4,,,,,,,,,2.0025
1,15,4,,,,,,,,,2.185
1,15,4,,,,,,,,,3.305
1,15,4,,,,,,,,,2.76
1,15,4,,,,,,,,,3.3825
1,16,4,,,,,,,,,2.8975
1,16,4,,,,,,,,,3.11
1,16,4,,,,,,,,,2.7825
1,16,4,,,,,,,,,1.1825
1,17,4,,,,,,,,,1.685
1,17,4,,,,,,,,,0.69
1,17,4,,,,,,,,,0.8525
1,17,4,,,,,,,,,0.49
1,18,4,,,,,,,,,0.3375
1,18,4,,,,,,,,,0.125
1,18,4,,,,,,,,,0.0125
1,18,4,,,,,,,,,0.0
1,19,4,,,,,,,,,0.0
1,19,4,,,,,,,,,0.0
1,19,4,,,,,,,,,0.0
1,19,4,,,,,,,,,0.0
1,20,4,,,,,,,,,0.0
1,20,4,,,,,,,,,0.0
1,20,4,,,,,,,,,0.0
1,20,4,,,,,,,,,0.0
1,21,4,,,,,,,,,0.0
1,21,4,,,,,,,,,0.0
1,21,4,,,,,,,,,0.0
1,21,4,,,,,,,,,0.0
1,22,4,,,,,,,,,0.0
1,22,4,,,,,,,,,0.0
1,22,4,,,,,,,,,0.0
1,22,4,,,,,,,,,0.0
1,23,4,,,,,,,,,0.0
1,23,4,,,,,,,,,0.0
1,23,4,,,,,,,,,0.0
1,23,4,,,,,,,,,0.0
1,24,4,,,,,,,,,0.0
1,24,4,,,,,,,,,0.0
1,24,4,,,,,,,,,0.0
1,24,4,,,,,,,,,0.0
1,1,5,,,,,,,,,0.0
1,1,5,,,,,,,,,0.0
1,1,5,,,,,,,,,0.0
1,1,5,,,,,,,,,0.0
1,2,5,,,,,,,,,0.0
1,2,5,,,,,,,,,0.0
1,2,5,,,,,,,,,0.0
1,2,5,,,,,,,,,0.0
1,3,5,,,,,,,,,0.0
1,3,5,,,,,,,,,0.0
1,3,5,,,,,,,,,0.0
1,3,5,,,,,,,,,0.0
1,4,5,,,,,,,,,0.0
1,4,5,,,,,,,,,0.0
1,4,5,,,,,,,,,0.0
1,4,5,,,,,,,,,0.0
1,5,5,,,,,,,,,0.0
1,5,5,,,,,,,,,0.0
1,5,5,,,,,,,,,0.0
1,5,5,,,,,,,,,0.0
1,6,5,,,,,,,,,0.0
1,6,5,,,,,,,,,0.0
1,6,5,,,,,,,,,0.0
1,6,5,,,,,,,,,0.0
1,7,5,,,,,,,,,0.0
1,7,5,,,,,,,,,0.0
1,7,5,,,,,,,,,0.0
1,7,5,,,,,,,,,0.0
1,8,5,,,,,,,,,0.0
1,8,5,,,,,,,,,0.0
1,8,5,,,,,,,,,0.0
1,8,5,,,,,,,,,0.0
1,9,5,,,,,,,,,0.0
1,9,5,,,,,,,,,0.0
1,9,5,,,,,,,,,0.0
1,9,5,,,,,,,,,0.0025
1,10,5,,,,,,,,,0.035
1,10,5,,,,,,,,,0.0575
1,10,5,,,,,,,,,0.03
1,10,5,,,,,,,,,0.0675
1,11,5,,,,,,,,,0.0775
1,11,5,,,,,,,,,0.105
1,11,5,,,,,,,,,0.1225
1,11,5,,,,,,,,,0.13
1,12,5,,,,,,,,,0.0825
1,12,5,,,,,,,,,0.1625
1,12,5,,,,,,,,,0.14
1,12,5,,,,,,,,,0.1175
1,13,5,,,,,,,,,0.125
1,13,5,,,,,,,,,0.1425
1,13,5,,,,,,,,,0.105
1,13,5,,,,,,,,,0.16
1,14,5,,,,,,,,,0.155
1,14,5,,,,,,,,,0.1575
1,14,5,,,,,,,,,0.1875
1,14,5,,,,,,,,,0.16
1,15,5,,,,,,,,,0.105
1,15,5,,,,,,,,,0.1075
1,15,5,,,,,,,,,0.09
1,15,5,,,,,,,,,0.29
1,16,5,,,,,,,,,1.35
1,16,5,,,,,,,,,1.905
1,16,5,,,,,,,,,0.5725
1,16,5,,,,,,,,,0.6725
1,17,5,,,,,,,,,0.265
1,17,5,,,,,,,,,0.1175
1,17,5,,,,,,,,,0.095
1,17,5,,,,,,,,,0.07
1,18,5,,,,,,,,,0.16
1,18,5,,,,,,,,,0.025
1,18,5,,,,,,,,,0.0
1,18,5,,,,,,,,,0.0
1,19,5,,,,,,,,,0.0
1,19,5,,,,,,,,,0.0
1,19,5,,,,,,,,,0.0
1,19,5,,,,,,,,,0.0
1,20,5,,,,,,,,,0.0
1,20,5,,,,,,,,,0.0
1,20,5,,,,,,,,,0.0
1,20,5,,,,,,,,,0.0
1,21,5,,,,,,,,,0.0
1,21,5,,,,,,,,,0.0
1,21,5,,,,,,,,,0.0
1,21,5,,,,,,,,,0.0
1,22,5,,,,,,,,,0.0
1,22,5,,,,,,,,,0.0
1,22,5,,,,,,,,,0.0
1,22,5,,,,,,,,,0.0
1,23,5,,,,,,,,,0.0
1,23,5,,,,,,,,,0.0
1,23,5,,,,,,,,,0.0
1,23,5,,,,,,,,,0.0
1,24,5,,,,,,,,,0.0
1,24,5,,,,,,,,,0.0
1,24,5,,,,,,,,,0.0
1,24,5,,,,,,,,,0.0
1,1,6,,,,,,,,,0.0
1,1,6,,,,,,,,,0.0
1,1,6,,,,,,,,,0.0
1,1,6,,,,,,,,,0.0
1,2,6,,,,,,,,,0.0
1,2,6,,,,,,,,,0.0
1,2,6,,,,,,,,,0.0
1,2,6,,,,,,,,,0.0
1,3,6,,,,,,,,,0.0
1,3,6,,,,,,,,,0.0
1,3,6,,,,,,,,,0.0
1,3,6,,,,,,,,,0.0
1,4,6,,,,,,,,,0.0
1,4,6,,,,,,,,,0.0
1,4,6,,,,,,,,,0.0
1,4,6,,,,,,,,,0.0
1,5,6,,,,,,,,,0.0
1,5,6,,,,,,,,,0.0
1,5,6,,,,,,,,,0.0
1,5,6,,,,,,,,,0.0
1,6,6,,,,,,,,,0.0
1,6,6,,,,,,,,,0.0
1,6,6,,,,,,,,,0.0
1,6,6,,,,,,,,,0.0
1,7,6,,,,,,,,,0.0
1,7,6,,,,,,,,,0.0
1,7,6,,,,,,,,,0.0
1,7,6,,,,,,,,,0.0
1,8,6,,,,,,,,,0.0
1,8,6,,,,,,,,,0.0
1,8,6,,,,,,,,,0.0
1,8,6,,,,,,,,,0.0
1,9,6,,,,,,,,,0.0
1,9,6,,,,,,,,,0.0
1,9,6,,,,,,,,,0.0
1,9,6,,,,,,,,,0.0
1,10,6,,,,,,,,,0.0
1,10,6,,,,,,,,,0.0
1,10,6,,,,,,,,,0.045
1,10,6,,,,,,,,,0.065
1,11,6,,,,,,,,,0.07
1,11,6,,,,,,,,,0.085
1,11,6,,,,,,,,,0.095
1,11,6,,,,,,,,,0.1375
1,12,6,,,,,,,,,1.0475
1,12,6,,,,,,,,,0.705
1,12,6,,,,,,,,,0.945
1,12,6,,,,,,,,,0.69
1,13,6,,,,,,,,,0.7425
1,13,6,,,,,,,,,0.82
1,13,6,,,,,,,,,0.6
1,13,6,,,,,,,,,0.8625
1,14,6,,,,,,,,,1.1075
1,14,6,,,,,,,,,1.3675
1,14,6,,,,,,,,,1.375
1,14,6,,,,,,,,,1.545
1,15,6,,,,,,,,,1.09
1,15,6,,,,,,,,,1.515
1,15,6,,,,,,,,,2.04
1,15,6,,,,,,,,,2.15
1,16,6,,,,,,,,,2.195
1,16,6,,,,,,,,,1.68
1,16,6,,,,,,,,,1.685
1,16,6,,,,,,,,,0.915
1,17,6,,,,,,,,,0.45
1,17,6,,,,,,,,,0.3375
1,17,6,,,,,,,,,0.37
1,17,6,,,,,,,,,0.4075
1,18,6,,,,,,,,,0.1425
1,18,6,,,,,,,,,0.02
1,18,6,,,,,,,,,0.0
1,18,6,,,,,,,,,0.0
1,19,6,,,,,,,,,0.0
1,19,6,,,,,,,,,0.0
1,19,6,,,,,,,,,0.0
1,19,6,,,,,,,,,0.0
1,20,6,,,,,,,,,0.0
1,20,6,,,,,,,,,0.0
1,20,6,,,,,,,,,0.0
1,20,6,,,,,,,,,0.0
1,21,6,,,,,,,,,0.0
1,21,6,,,,,,,,,0.0
1,21,6,,,,,,,,,0.0
1,21,6,,,,,,,,,0.0
1,22,6,,,,,,,,,0.0
1,22,6,,,,,,,,,0.0
1,22,6,,,,,,,,,0.0
1,22,6,,,,,,,,,0.0
1,23,6,,,,,,,,,0.0
1,23,6,,,,,,,,,0.0
1,23,6,,,,,,,,,0.0
1,23,6,,,,,,,,,0.0
1,24,6,,,,,,,,,0.0
1,24,6,,,,,,,,,0.0
1,24,6,,,,,,,,,0.0
1,24,6,,,,,,,,,0.0
1,1,7,,,,,,,,,0.0
1,1,7,,,,,,,,,0.0
1,1,7,,,,,,,,,0.0
1,1,7,,,,,,,,,0.0
1,2,7,,,,,,,,,0.0
1,2,7,,,,,,,,,0.0
1,2,7,,,,,,,,,0.0
1,2,7,,,,,,,,,0.0
1,3,7,,,,,,,,,0.0
1,3,7,,,,,,,,,0.0
1,3,7,,,,,,,,,0.0
1,3,7,,,,,,,,,0.0
1,4,7,,,,,,,,,0.0
1,4,7,,,,,,,,,0.0
1,4,7,,,,,,,,,0.0
1,4,7,,,,,,,,,0.0
1,5,7,,,,,,,,,0.0
1,5,7,,,,,,,,,0.0
1,5,7,,,,,,,,,0.0
1,5,7,,,,,,,,,0.0
1,6,7,,,,,,,,,0.0
1,6,7,,,,,,,,,0.0
1,6,7,,,,,,,,,0.0
1,6,7,,,,,,,,,0.0
1,7,7,,,,,,,,,0.0
1,7,7,,,,,,,,,0.0
1,7,7,,,,,,,,,0.0
1,7,7,,,,,,,,,0.0
1,8,7,,,,,,,,,0.0
1,8,7,,,,,,,,,0.0
1,8,7,,,,,,,,,0.0
1,8,7,,,,,,,,,0.0
1,9,7,,,,,,,,,0.0
1,9,7,,,,,,,,,0.075
1,9,7,,,,,,,,,0.28
1,9,7,,,,,,,,,0.44
1,10,7,,,,,,,,,0.535
1,10,7,,,,,,,,,0.685
1,10,7,,,,,,,,,1.1125
1,10,7,,,,,,,,,1.625
1,11,7,,,,,,,,,2.0075
1,11,7,,,,,,,,,2.6525
1,11,7,,,,,,,,,3.1225
1,11,7,,,,,,,,,3.355
1,12,7,,,,,,,,,2.845
1,12,7,,,,,,,,,3.7175
1,12,7,,,,,,,,,4.3325
1,12,7,,,,,,,,,4.61
1,13,7,,,,,,,,,5.0
1,13,7,,,,,,,,,5.1275
1,13,7,,,,,,,,,5.1525
1,13,7,,,,,,,,,5.1475
1,14,7,,,,,,,,,5.2775
1,14,7,,,,,,,,,5.155
1,14,7,,,,,,,,,5.1125
1,14,7,,,,,,,,,4.945
1,15,7,,,,,,,,,4.59
1,15,7,,,,,,,,,4.325
1,15,7,,,,,,,,,4.3875
1,15,7,,,,,,,,,4.235
1,16,7,,,,,,,,,3.8275
1,16,7,,,,,,,,,3.2575
1,16,7,,,,,,,,,2.785
1,16,7,,,,,,,,,2.18
1,17,7,,,,,,,,,1.4575
1,17,7,,,,,,,,,1.21
1,17,7,,,,,,,,,0.82
1,17,7,,,,,,,,,0.54
1,18,7,,,,,,,,,0.3525
1,18,7,,,,,,,,,0.2025
1,18,7,,,,,,,,,0.0475
1,18,7,,,,,,,,,0.0
1,19,7,,,,,,,,,0.0
1,19,7,,,,,,,,,0.0
1,19,7,,,,,,,,,0.0
1,19,7,,,,,,,,,0.0
1,20,7,,,,,,,,,0.0
1,20,7,,,,,,,,,0.0
1,20,7,,,,,,,,,0.0
1,20,7,,,,,,,,,0.0
1,21,7,,,,,,,,,0.0
1,21,7,,,,,,,,,0.0
1,21,7,,,,,,,,,0.0
1,21,7,,,,,,,,,0.0
1,22,7,,,,,,,,,0.0
1,22,7,,,,,,,,,0.0
1,22,7,,,,,,,,,0.0
1,22,7,,,,,,,,,0.0
1,23,7,,,,,,,,,0.0
1,23,7,,,,,,,,,0.0
1,23,7,,,,,,,,,0.0
1,23,7,,,,,,,,,0.0
1,24,7,,,,,,,,,0.0
1,24,7,,,,,,,,,0.0
1,24,7,,,,,,,,,0.0
1,24,7,,,,,,,,,0.0
1,1,1,,,,,,,,,0.0
1,1,1,,,,,,,,,0.0
1,1,1,,,,,,,,,0.0
1,1,1,,,,,,,,,0.0
1,2,1,,,,,,,,,0.0
1,2,1,,,,,,,,,0.0
1,2,1,,,,,,,,,0.0
1,2,1,,,,,,,,,0.0
1,3,1,,,,,,,,,0.0
1,3,1,,,,,,,,,0.0
1,3,1,,,,,,,,,0.0
1,3,1,,,,,,,,,0.0
1,4,1,,,,,,,,,0.0
1,4,1,,,,,,,,,0.0
1,4,1,,,,,,,,,0.0
1,4,1,,,,,,,,,0.0
1,5,1,,,,,,,,,0.0
1,5,1,,,,,,,,,0.0
1,5,1,,,,,,,,,0.0
1,5,1,,,,,,,,,0.0
1,6,1,,,,,,,,,0.0
1,6,1,,,,,,,,,0.0
1,6,1,,,,,,,,,0.0
1,6,1,,,,,,,,,0.0
1,7,1,,,,,,,,,0.0
1,7,1,,,,,,,,,0.0
1,7,1,,,,,,,,,0.0
1,7,1,,,,,,,,,0.0
1,8,1,,,,,,,,,0.0
1,8,1,,,,,,,,,0.0
1,8,1,,,,,,,,,0.0
1,8,1,,,,,,,,,0.0
1,9,1,,,,,,,,,0.025
1,9,1,,,,,,,,,0.0775
1,9,1,,,,,,,,,0.2
1,9,1,,,,,,,,,0.3825
1,10,1,,,,,,,,,0.535
1,10,1,,,,,,,,,0.77
1,10,1,,,,,,,,,1.175
1,10,1,,,,,,,,,1.6575
1,11,1,,,,,,,,,2.14
1,11,1,,,,,,,,,2.01
1,11,1,,,,,,,,,3.2725
1,11,1,,,,,,,,,4.3675
1,12,1,,,,,,,,,3.8125
1,12,1,,,,,,,,,3.5475
1,12,1,,,,,,,,,3.775
1,12,1,,,,,,,,,3.175
1,13,1,,,,,,,,,3.105
1,13,1,,,,,,,,,3.4225
1,13,1,,,,,,,,,3.1575
1,13,1,,,,,,,,,3.3875
1,14,1,,,,,,,,,3.2425
1,14,1,,,,,,,,,3.5025
1,14,1,,,,,,,,,2.6275
1,14,1,,,,,,,,,2.37
1,15,1,,,,,,,,,1.88
1,15,1,,,,,,,,,1.875
1,15,1,,,,,,,,,1.83
1,15,1,,,,,,,,,1.465
1,16,1,,,,,,,,,1.1675
1,16,1,,,,,,,,,0.96
1,16,1,,,,,,,,,0.9025
1,16,1,,,,,,,,,0.865
1,17,1,,,,,,,,,0.625
1,17,1,,,,,,,,,0.465
1,17,1,,,,,,,,,0.3575
1,17,1,,,,,,,,,0.27
1,18,1,,,,,,,,,0.185
1,18,1,,,,,,,,,0.09
1,18,1,,,,,,,,,0.03
1,18,1,,,,,,,,,0.015
1,19,1,,,,,,,,,0.0
1,19,1,,,,,,,,,0.0
1,19,1,,,,,,,,,0.0
1,19,1,,,,,,,,,0.0
1,20,1,,,,,,,,,0.0
1,20,1,,,,,,,,,0.0
1,20,1,,,,,,,,,0.0
1,20,1,,,,,,,,,0.0
1,21,1,,,,,,,,,0.0
1,21,1,,,,,,,,,0.0
1,21,1,,,,,,,,,0.0
1,21,1,,,,,,,,,0.0
1,22,1,,,,,,,,,0.0
1,22,1,,,,,,,,,0.0
1,22,1,,,,,,,,,0.0
1,22,1,,,,,,,,,0.0
1,23,1,,,,,,,,,0.0
1,23,1,,,,,,,,,0.0
1,23,1,,,,,,,,,0.0
1,23,1,,,,,,,,,0.0
1,24,1,,,,,,,,,0.0
1,24,1,,,,,,,,,0.0
1,24,1,,,,,,,,,0.0
1,24,1,,,,,,,,,0.0
1,1,2,,,,,,,,,0.0
1,1,2,,,,,,,,,0.0
1,1,2,,,,,,,,,0.0
1,1,2,,,,,,,,,0.0
1,2,2,,,,,,,,,0.0
1,2,2,,,,,,,,,0.0
1,2,2,,,,,,,,,0.0
1,2,2,,,,,,,,,0.0
1,3,2,,,,,,,,,0.0
1,3,2,,,,,,,,,0.0
1,3,2,,,,,,,,,0.0
1,3,2,,,,,,,,,0.0
1,4,2,,,,,,,,,0.0
1,4,2,,,,,,,,,0.0
1,4,2,,,,,,,,,0.0
1,4,2,,,,,,,,,0.0
1,5,2,,,,,,,,,0.0
1,5,2,,,,,,,,,0.0
1,5,2,,,,,,,,,0.0
1,5,2,,,,,,,,,0.0
1,6,2,,,,,,,,,0.0
1,6,2,,,,,,,,,0.0
1,6,2,,,,,,,,,0.0
1,6,2,,,,,,,,,0.0
1,7,2,,,,,,,,,0.0
1,7,2,,,,,,,,,0.0
1,7,2,,,,,,,,,0.0
1,7,2,,,,,,,,,0.0
1,8,2,,,,,,,,,0.0
1,8,2,,,,,,,,,0.0
1,8,2,,,,,,,,,0.0
1,8,2,,,,,,,,,0.0
1,9,2,,,,,,,,,0.0
1,9,2,,,,,,,,,0.0425
1,9,2,,,,,,,,,0.1075
1,9,2,,,,,,,,,0.225
1,10,2,,,,,,,,,0.405
1,10,2,,,,,,,,,0.7975
1,10,2,,,,,,,,,1.5275
1,10,2,,,,,,,,,2.27
1,11,2,,,,,,,,,3.1925
1,11,2,,,,,,,,,3.85
1,11,2,,,,,,,,,4.25
1,11,2,,,,,,,,,4.075
1,12,2,,,,,,,,,4.295
1,12,2,,,,,,,,,5.115
1,12,2,,,,,,,,,5.3075
1,12,2,,,,,,,,,5.5075
1,13,2,,,,,,,,,5.6425
1,13,2,,,,,,,,,5.8575
1,13,2,,,,,,,,,5.93
1,13,2,,,,,,,,,5.91
1,14,2,,,,,,,,,5.88
1,14,2,,,,,,,,,6.0125
1,14,2,,,,,,,,,5.5275
1,14,2,,,,,,,,,2.0775
1,15,2,,,,,,,,,3.925
1,15,2,,,,,,,,,4.45
1,15,2,,,,,,,,,3.5025
1,15,2,,,,,,,,,1.745
1,16,2,,,,,,,,,1.4325
1,16,2,,,,,,,,,1.39
1,16,2,,,,,,,,,1.3875
1,16,2,,,,,,,,,1.24
1,17,2,,,,,,,,,1.04
1,17,2,,,,,,,,,0.8475
1,17,2,,,,,,,,,0.5575
1,17,2,,,,,,,,,0.39
1,18,2,,,,,,,,,0.2625
1,18,2,,,,,,,,,0.1275
1,18,2,,,,,,,,,0.0225
1,18,2,,,,,,,,,0.0
1,19,2,,,,,,,,,0.0
1,19,2,,,,,,,,,0.0
1,19,2,,,,,,,,,0.0
1,19,2,,,,,,,,,0.0
1,20,2,,,,,,,,,0.0
1,20,2,,,,,,,,,0.0
1,20,2,,,,,,,,,0.0
1,20,2,,,,,,,,,0.0
1,21,2,,,,,,,,,0.0
1,21,2,,,,,,,,,0.0
1,21,2,,,,,,,,,0.0
1,21,2,,,,,,,,,0.0
1,22,2,,,,,,,,,0.0
1,22,2,,,,,,,,,0.0
1,22,2,,,,,,,,,0.0
1,22,2,,,,,,,,,0.0
1,23,2,,,,,,,,,0.0
1,23,2,,,,,,,,,0.0
1,23,2,,,,,,,,,0.0
1,23,2,,,,,,,,,0.0
1,24,2,,,,,,,,,0.0
1,24,2,,,,,,,,,0.0
1,24,2,,,,,,,,,0.0
1,24,2,,,,,,,,,0.0
1,1,3,,,,,,,,,0.0
1,1,3,,,,,,,,,0.0
1,1,3,,,,,,,,,0.0
1,1,3,,,,,,,,,0.0
1,2,3,,,,,,,,,0.0
1,2,3,,,,,,,,,0.0
1,2,3,,,,,,,,,0.0
1,2,3,,,,,,,,,0.0
1,3,3,,,,,,,,,0.0
1,3,3,,,,,,,,,0.0
1,3,3,,,,,,,,,0.0
1,3,3,,,,,,,,,0.0
1,4,3,,,,,,,,,0.0
1,4,3,,,,,,,,,0.0
1,4,3,,,,,,,,,0.0
1,4,3,,,,,,,,,0.0
1,5,3,,,,,,,,,0.0
1,5,3,,,,,,,,,0.0
1,5,3,,,,,,,,,0.0
1,5,3,,,,,,,,,0.0
1,6,3,,,,,,,,,0.0
1,6,3,,,,,,,,,0.0
1,6,3,,,,,,,,,0.0
1,6,3,,,,,,,,,0.0
1,7,3,,,,,,,,,0.0
1,7,3,,,,,,,,,0.0
1,7,3,,,,,,,,,0.0
1,7,3,,,,,,,,,0.0
1,8,3,,,,,,,,,0.0
1,8,3,,,,,,,,,0.0
1,8,3,,,,,,,,,0.0
1,8,3,,,,,,,,,0.0
1,9,3,,,,,,,,,0.0
1,9,3,,,,,,,,,0.0475
1,9,3,,,,,,,,,0.1175
1,9,3,,,,,,,,,0.2325
1,10,3,,,,,,,,,0.4325
1,10,3,,,,,,,,,0.7925
1,10,3,,,,,,,,,1.515
1,10,3,,,,,,,,,2.18
1,11,3,,,,,,,,,2.985
1,11,3,,,,,,,,,3.445
1,11,3,,,,,,,,,4.0075
1,11,3,,,,,,,,,4.34
1,12,3,,,,,,,,,4.59
1,12,3,,,,,,,,,4.845
1,12,3,,,,,,,,,5.07
1,12,3,,,,,,,,,5.2325
1,13,3,,,,,,,,,5.2
1,13,3,,,,,,,,,5.02
1,13,3,,,,,,,,,5.1575
1,13,3,,,,,,,,,5.41
1,14,3,,,,,,,,,5.4725
1,14,3,,,,,,,,,5.49
1,14,3,,,,,,,,,5.44
1,14,3,,,,,,,,,5.275
1,15,3,,,,,,,,,5.1125
1,15,3,,,,,,,,,4.9425
1,15,3,,,,,,,,,4.775
1,15,3,,,,,,,,,4.54
1,16,3,,,,,,,,,4.24
1,16,3,,,,,,,,,3.9075
1,16,3,,,,,,,,,3.59
1,16,3,,,,,,,,,3.2075
1,17,3,,,,,,,,,2.6525
1,17,3,,,,,,,,,1.9675
1,17,3,,,,,,,,,1.3075
1,17,3,,,,,,,,,0.6675
1,18,3,,,,,,,,,0.3
1,18,3,,,,,,,,,0.115
1,18,3,,,,,,,,,0.0375
1,18,3,,,,,,,,,0.0025
1,19,3,,,,,,,,,0.0
1,19,3,,,,,,,,,0.0
1,19,3,,,,,,,,,0.0
1,19,3,,,,,,,,,0.0
1,20,3,,,,,,,,,0.0
1,20,3,,,,,,,,,0.0
1,20,3,,,,,,,,,0.0
1,20,3,,,,,,,,,0.0
1,21,3,,,,,,,,,0.0
1,21,3,,,,,,,,,0.0
1,21,3,,,,,,,,,0.0
1,21,3,,,,,,,,,0.0
1,22,3,,,,,,,,,0.0
1,22,3,,,,,,,,,0.0
1,22,3,,,,,,,,,0.0
1,22,3,,,,,,,,,0.0
1,23,3,,,,,,,,,0.0
1,23,3,,,,,,,,,0.0
1,23,3,,,,,,,,,0.0
1,23,3,,,,,,,,,0.0
1,24,3,,,,,,,,,0.0
1,24,3,,,,,,,,,0.0
1,24,3,,,,,,,,,0.0
1,24,3,,,,,,,,,0.0
1,1,4,,,,,,,,,0.0
1,1,4,,,,,,,,,0.0
1,1,4,,,,,,,,,0.0
1,1,4,,,,,,,,,0.0
1,2,4,,,,,,,,,0.0
1,2,4,,,,,,,,,0.0
1,2,4,,,,,,,,,0.0
1,2,4,,,,,,,,,0.0
1,3,4,,,,,,,,,0.0
1,3,4,,,,,,,,,0.0
1,3,4,,,,,,,,,0.0
1,3,4,,,,,,,,,0.0
1,4,4,,,,,,,,,0.0
1,4,4,,,,,,,,,0.0
1,4,4,,,,,,,,,0.0
1,4,4,,,,,,,,,0.0
1,5,4,,,,,,,,,0.0
1,5,4,,,,,,,,,0.0
1,5,4,,,,,,,,,0.0
1,5,4,,,,,,,,,0.0
1,6,4,,,,,,,,,0.0
1,6,4,,,,,,,,,0.0
1,6,4,,,,,,,,,0.0
1,6,4,,,,,,,,,0.0
1,7,4,,,,,,,,,0.0
1,7,4,,,,,,,,,0.0
1,7,4,,,,,,,,,0.0
1,7,4,,,,,,,,,0.0
1,8,4,,,,,,,,,0.0
1,8,4,,,,,,,,,0.0
1,8,4,,,,,,,,,0.0
1,8,4,,,,,,,,,0.0
1,9,4,,,,,,,,,0.0
1,9,4,,,,,,,,,0.0475
1,9,4,,,,,,,,,0.125
1,9,4,,,,,,,,,0.23
1,10,4,,,,,,,,,0.4225
1,10,4,,,,,,,,,0.795
1,10,4,,,,,,,,,1.4625
1,10,4,,,,,,,,,2.055
1,11,4,,,,,,,,,2.935
1,11,4,,,,,,,,,3.4425
1,11,4,,,,,,,,,3.775
1,11,4,,,,,,,,,4.08
1,12,4,,,,,,,,,4.35
1,12,4,,,,,,,,,4.5025
1,12,4,,,,,,,,,4.715
1,12,4,,,,,,,,,4.935
1,13,4,,,,,,,,,5.1275
1,13,4,,,,,,,,,5.1575
1,13,4,,,,,,,,,5.28
1,13,4,,,,,,,,,5.3825
1,14,4,,,,,,,,,5.375
1,14,4,,,,,,,,,5.31
1,14,4,,,,,,,,,5.175
1,14,4,,,,,,,,,5.0975
1,15,4,,,,,,,,,4.9575
1,15,4,,,,,,,,,4.845
1,15,4,,,,,,,,,4.595
1,15,4,,,,,,,,,4.3175
1,16,4,,,,,,,,,4.0975
1,16,4,,,,,,,,,3.84
1,16,4,,,,,,,,,3.495
1,16,4,,,,,,,,,3.1375
1,17,4,,,,,,,,,2.625
1,17,4,,,,,,,,,1.945
1,17,4,,,,,,,,,1.3125
1,17,4,,,,,,,,,0.6875
1,18,4,,,,,,,,,0.3125
1,18,4,,,,,,,,,0.1425
1,18,4,,,,,,,,,0.0575
1,18,4,,,,,,,,,0.005
1,19,4,,,,,,,,,0.0
1,19,4,,,,,,,,,0.0
1,19,4,,,,,,,,,0.0
1,19,4,,,,,,,,,0.0
1,20,4,,,,,,,,,0.0
1,20,4,,,,,,,,,0.0
1,20,4,,,,,,,,,0.0
1,20,4,,,,,,,,,0.0
1,21,4,,,,,,,,,0.0
1,21,4,,,,,,,,,0.0
1,21,4,,,,,,,,,0.0
1,21,4,,,,,,,,,0.0
1,22,4,,,,,,,,,0.0
1,22,4,,,,,,,,,0.0
1,22,4,,,,,,,,,0.0
1,22,4,,,,,,,,,0.0
1,23,4,,,,,,,,,0.0
1,23,4,,,,,,,,,0.0
1,23,4,,,,,,,,,0.0
1,23,4,,,,,,,,,0.0
1,24,4,,,,,,,,,0.0
1,24,4,,,,,,,,,0.0
1,24,4,,,,,,,,,0.0
1,24,4,,,,,,,,,0.0
1,1,5,,,,,,,,,0.0
1,1,5,,,,,,,,,0.0
1,1,5,,,,,,,,,0.0
1,1,5,,,,,,,,,0.0
1,2,5,,,,,,,,,0.0
1,2,5,,,,,,,,,0.0
1,2,5,,,,,,,,,0.0
1,2,5,,,,,,,,,0.0
1,3,5,,,,,,,,,0.0
1,3,5,,,,,,,,,0.0
1,3,5,,,,,,,,,0.0
1,3,5,,,,,,,,,0.0
1,4,5,,,,,,,,,0.0
1,4,5,,,,,,,,,0.0
1,4,5,,,,,,,,,0.0
1,4,5,,,,,,,,,0.0
1,5,5,,,,,,,,,0.0
1,5,5,,,,,,,,,0.0
1,5,5,,,,,,,,,0.0
1,5,5,,,,,,,,,0.0
1,6,5,,,,,,,,,0.0
1,6,5,,,,,,,,,0.0
1,6,5,,,,,,,,,0.0
1,6,5,,,,,,,,,0.0
1,7,5,,,,,,,,,0.0
1,7,5,,,,,,,,,0.0
1,7,5,,,,,,,,,0.0
1,7,5,,,,,,,,,0.0
1,8,5,,,,,,,,,0.0
1,8,5,,,,,,,,,0.0
1,8,5,,,,,,,,,0.0
1,8,5,,,,,,,,,0.0
1,9,5,,,,,,,,,0.0
1,9,5,,,,,,,,,0.0425
1,9,5,,,,,,,,,0.11
1,9,5,,,,,,,,,0.225
1,10,5,,,,,,,,,0.445
1,10,5,,,,,,,,,0.845
1,10,5,,,,,,,,,1.59
1,10,5,,,,,,,,,2.25
1,11,5,,,,,,,,,3.155
1,11,5,,,,,,,,,3.635
1,11,5,,,,,,,,,3.9725
1,11,5,,,,,,,,,4.2425
1,12,5,,,,,,,,,4.5275
1,12,5,,,,,,,,,4.7925
1,12,5,,,,,,,,,5.0425
1,12,5,,,,,,,,,5.2425
1,13,5,,,,,,,,,5.3875
1,13,5,,,,,,,,,5.445
1,13,5,,,,,,,,,5.525
1,13,5,,,,,,,,,5.55
1,14,5,,,,,,,,,5.51
1,14,5,,,,,,,,,5.3925
1,14,5,,,,,,,,,5.2575
1,14,5,,,,,,,,,5.0825
1,15,5,,,,,,,,,4.9625
1,15,5,,,,,,,,,4.7225
1,15,5,,,,,,,,,4.5425
1,15,5,,,,,,,,,4.2975
1,16,5,,,,,,,,,4.0275
1,16,5,,,,,,,,,3.785
1,16,5,,,,,,,,,3.46
1,16,5,,,,,,,,,3.12
1,17,5,,,,,,,,,2.625
1,17,5,,,,,,,,,1.9775
1,17,5,,,,,,,,,1.35
1,17,5,,,,,,,,,0.715
1,18,5,,,,,,,,,0.325
1,18,5,,,,,,,,,0.14
1,18,5,,,,,,,,,0.045
1,18,5,,,,,,,,,0.0075
1,19,5,,,,,,,,,0.0
1,19,5,,,,,,,,,0.0
1,19,5,,,,,,,,,0.0
1,19,5,,,,,,,,,0.0
1,20,5,,,,,,,,,0.0
1,20,5,,,,,,,,,0.0
1,20,5,,,,,,,,,0.0
1,20,5,,,,,,,,,0.0
1,21,5,,,,,,,,,0.0
1,21,5,,,,,,,,,0.0
1,21,5,,,,,,,,,0.0
1,21,5,,,,,,,,,0.0
1,22,5,,,,,,,,,0.0
1,22,5,,,,,,,,,0.0
1,22,5,,,,,,,,,0.0
1,22,5,,,,,,,,,0.0
1,23,5,,,,,,,,,0.0
1,23,5,,,,,,,,,0.0
1,23,5,,,,,,,,,0.0
1,23,5,,,,,,,,,0.0
1,24,5,,,,,,,,,0.0
1,24,5,,,,,,,,,0.0
1,24,5,,,,,,,,,0.0
1,24,5,,,,,,,,,0.0
1,1,6,,,,,,,,,0.0
1,1,6,,,,,,,,,0.0
1,1,6,,,,,,,,,0.0
1,1,6,,,,,,,,,0.0
1,2,6,,,,,,,,,0.0
1,2,6,,,,,,,,,0.0
1,2,6,,,,,,,,,0.0
1,2,6,,,,,,,,,0.0
1,3,6,,,,,,,,,0.0
1,3,6,,,,,,,,,0.0
1,3,6,,,,,,,,,0.0
1,3,6,,,,,,,,,0.0
1,4,6,,,,,,,,,0.0
1,4,6,,,,,,,,,0.0
1,4,6,,,,,,,,,0.0
1,4,6,,,,,,,,,0.0
1,5,6,,,,,,,,,0.0
1,5,6,,,,,,,,,0.0
1,5,6,,,,,,,,,0.0
1,5,6,,,,,,,,,0.0
1,6,6,,,,,,,,,0.0
1,6,6,,,,,,,,,0.0
1,6,6,,,,,,,,,0.0
1,6,6,,,,,,,,,0.0
1,7,6,,,,,,,,,0.0
1,7,6,,,,,,,,,0.0
1,7,6,,,,,,,,,0.0
1,7,6,,,,,,,,,0.0
1,8,6,,,,,,,,,0.0
1,8,6,,,,,,,,,0.0
1,8,6,,,,,,,,,0.0
1,8,6,,,,,,,,,0.0
1,9,6,,,,,,,,,0.0
1,9,6,,,,,,,,,0.045
1,9,6,,,,,,,,,0.115
1,9,6,,,,,,,,,0.2375
1,10,6,,,,,,,,,0.4625
1,10,6,,,,,,,,,0.89
1,10,6,,,,,,,,,1.6625
1,10,6,,,,,,,,,2.3525
1,11,6,,,,,,,,,3.235
1,11,6,,,,,,,,,3.6525
1,11,6,,,,,,,,,4.04
1,11,6,,,,,,,,,4.365
1,12,6,,,,,,,,,4.66
1,12,6,,,,,,,,,4.885
1,12,6,,,,,,,,,5.0925
1,12,6,,,,,,,,,5.255
1,13,6,,,,,,,,,5.3925
1,13,6,,,,,,,,,5.4475
1,13,6,,,,,,,,,5.445
1,13,6,,,,,,,,,5.4725
1,14,6,,,,,,,,,5.4425
1,14,6,,,,,,,,,5.3575
1,14,6,,,,,,,,,5.315
1,14,6,,,,,,,,,5.18
1,15,6,,,,,,,,,5.04
1,15,6,,,,,,,,,4.86
1,15,6,,,,,,,,,4.6675
1,15,6,,,,,,,,,4.4625
1,16,6,,,,,,,,,4.205
1,16,6,,,,,,,,,3.9325
1,16,6,,,,,,,,,3.59
1,16,6,,,,,,,,,3.2275
1,17,6,,,,,,,,,2.7375
1,17,6,,,,,,,,,2.0825
1,17,6,,,,,,,,,1.4575
1,17,6,,,,,,,,,0.815
1,18,6,,,,,,,,,0.385
1,18,6,,,,,,,,,0.16
1,18,6,,,,,,,,,0.0625
1,18,6,,,,,,,,,0.005
1,19,6,,,,,,,,,0.0
1,19,6,,,,,,,,,0.0
1,19,6,,,,,,,,,0.0
1,19,6,,,,,,,,,0.0
1,20,6,,,,,,,,,0.0
1,20,6,,,,,,,,,0.0
1,20,6,,,,,,,,,0.0
1,20,6,,,,,,,,,0.0
1,21,6,,,,,,,,,0.0
1,21,6,,,,,,,,,0.0
1,21,6,,,,,,,,,0.0
1,21,6,,,,,,,,,0.0
1,22,6,,,,,,,,,0.0
1,22,6,,,,,,,,,0.0
1,22,6,,,,,,,,,0.0
1,22,6,,,,,,,,,0.0
1,23,6,,,,,,,,,0.0
1,23,6,,,,,,,,,0.0
1,23,6,,,,,,,,,0.0
1,23,6,,,,,,,,,0.0
1,24,6,,,,,,,,,0.0
1,24,6,,,,,,,,,0.0
1,24,6,,,,,,,,,0.0
1,24,6,,,,,,,,,0.0
1,1,7,,,,,,,,,0.0
1,1,7,,,,,,,,,0.0
1,1,7,,,,,,,,,0.0
1,1,7,,,,,,,,,0.0
1,2,7,,,,,,,,,0.0
1,2,7,,,,,,,,,0.0
1,2,7,,,,,,,,,0.0
1,2,7,,,,,,,,,0.0
1,3,7,,,,,,,,,0.0
1,3,7,,,,,,,,,0.0
1,3,7,,,,,,,,,0.0
1,3,7,,,,,,,,,0.0
1,4,7,,,,,,,,,0.0
1,4,7,,,,,,,,,0.0
1,4,7,,,,,,,,,0.0
1,4,7,,,,,,,,,0.0
1,5,7,,,,,,,,,0.0
1,5,7,,,,,,,,,0.0
1,5,7,,,,,,,,,0.0
1,5,7,,,,,,,,,0.0
1,6,7,,,,,,,,,0.0
1,6,7,,,,,,,,,0.0
1,6,7,,,,,,,,,0.0
1,6,7,,,,,,,,,0.0
1,7,7,,,,,,,,,0.0
1,7,7,,,,,,,,,0.0
1,7,7,,,,,,,,,0.0
1,7,7,,,,,,,,,0.0
1,8,7,,,,,,,,,0.0
1,8,7,,,,,,,,,0.0
1,8,7,,,,,,,,,0.0
1,8,7,,,,,,,,,0.0
1,9,7,,,,,,,,,0.0
1,9,7,,,,,,,,,0.0
1,9,7,,,,,,,,,0.0
1,9,7,,,,,,,,,0.0125
1,10,7,,,,,,,,,0.135
1,10,7,,,,,,,,,0.41
1,10,7,,,,,,,,,0.345
1,10,7,,,,,,,,,0.375
1,11,7,,,,,,,,,0.245
1,11,7,,,,,,,,,0.25
1,11,7,,,,,,,,,0.195
1,11,7,,,,,,,,,0.22
1,12,7,,,,,,,,,0.2325
1,12,7,,,,,,,,,0.195
1,12,7,,,,,,,,,0.2325
1,12,7,,,,,,,,,0.34
1,13,7,,,,,,,,,0.4425
1,13,7,,,,,,,,,0.5975
1,13,7,,,,,,,,,0.5475
1,13,7,,,,,,,,,0.5275
1,14,7,,,,,,,,,0.505
1,14,7,,,,,,,,,0.4175
1,14,7,,,,,,,,,0.41
1,14,7,,,,,,,,,0.26
1,15,7,,,,,,,,,0.535
1,15,7,,,,,,,,,0.545
1,15,7,,,,,,,,,0.42
1,15,7,,,,,,,,,0.4
1,16,7,,,,,,,,,0.475
1,16,7,,,,,,,,,0.5125
1,16,7,,,,,,,,,0.6175
1,16,7,,,,,,,,,0.2425
1,17,7,,,,,,,,,0.105
1,17,7,,,,,,,,,0.3
1,17,7,,,,,,,,,0.12
1,17,7,,,,,,,,,0.245
1,18,7,,,,,,,,,0.1875
1,18,7,,,,,,,,,0.145
1,18,7,,,,,,,,,0.0025
1,18,7,,,,,,,,,0.0
1,19,7,,,,,,,,,0.0
1,19,7,,,,,,,,,0.0
1,19,7,,,,,,,,,0.0
1,19,7,,,,,,,,,0.0
1,20,7,,,,,,,,,0.0
1,20,7,,,,,,,,,0.0
1,20,7,,,,,,,,,0.0
1,20,7,,,,,,,,,0.0
1,21,7,,,,,,,,,0.0
1,21,7,,,,,,,,,0.0
1,21,7,,,,,,,,,0.0
1,21,7,,,,,,,,,0.0
1,22,7,,,,,,,,,0.0
1,22,7,,,,,,,,,0.0
1,22,7,,,,,,,,,0.0
1,22,7,,,,,,,,,0.0
1,23,7,,,,,,,,,0.0
1,23,7,,,,,,,,,0.0
1,23,7,,,,,,,,,0.0
1,23,7,,,,,,,,,0.0
1,24,7,,,,,,,,,0.0
1,24,7,,,,,,,,,0.0
1,24,7,,,,,,,,,0.0
1,24,7,,,,,,,,,0.0
1,1,1,,,,,,,,,0.0
1,1,1,,,,,,,,,0.0
1,1,1,,,,,,,,,0.0
1,1,1,,,,,,,,,0.0
1,2,1,,,,,,,,,0.0
1,2,1,,,,,,,,,0.0
1,2,1,,,,,,,,,0.0
1,2,1,,,,,,,,,0.0
1,3,1,,,,,,,,,0.0
1,3,1,,,,,,,,,0.0
1,3,1,,,,,,,,,0.0
1,3,1,,,,,,,,,0.0
1,4,1,,,,,,,,,0.0
1,4,1,,,,,,,,,0.0
1,4,1,,,,,,,,,0.0
1,4,1,,,,,,,,,0.0
1,5,1,,,,,,,,,0.0
1,5,1,,,,,,,,,0.0
1,5,1,,,,,,,,,0.0
1,5,1,,,,,,,,,0.0
1,6,1,,,,,,,,,0.0
1,6,1,,,,,,,,,0.0
1,6,1,,,,,,,,,0.0
1,6,1,,,,,,,,,0.0
1,7,1,,,,,,,,,0.0
1,7,1,,,,,,,,,0.0
1,7,1,,,,,,,,,0.0
1,7,1,,,,,,,,,0.0
1,8,1,,,,,,,,,0.0
1,8,1,,,,,,,,,0.0
1,8,1,,,,,,,,,0.0
1,8,1,,,,,,,,,0.0
1,9,1,,,,,,,,,0.0
1,9,1,,,,,,,,,0.0
1,9,1,,,,,,,,,0.0225
1,9,1,,,,,,,,,0.055
1,10,1,,,,,,,,,0.075
1,10,1,,,,,,,,,0.0875
1,10,1,,,,,,,,,0.0975
1,10,1,,,,,,,,,0.14
1,11,1,,,,,,,,,0.1775
1,11,1,,,,,,,,,0.2525
1,11,1,,,,,,,,,0.245
1,11,1,,,,,,,,,0.24
1,12,1,,,,,,,,,0.41
1,12,1,,,,,,,,,0.4825
1,12,1,,,,,,,,,0.5325
1,12,1,,,,,,,,,0.5625
1,13,1,,,,,,,,,0.6075
1,13,1,,,,,,,,,0.635
1,13,1,,,,,,,,,0.9025
1,13,1,,,,,,,,,0.665
1,14,1,,,,,,,,,0.8075
1,14,1,,,,,,,,,0.65
1,14,1,,,,,,,,,0.655
1,14,1,,,,,,,,,0.705
1,15,1,,,,,,,,,0.8275
1,15,1,,,,,,,,,0.7025
1,15,1,,,,,,,,,0.405
1,15,1,,,,,,,,,0.35
1,16,1,,,,,,,,,0.335
1,16,1,,,,,,,,,0.2925
1,16,1,,,,,,,,,0.2525
1,16,1,,,,,,,,,0.3075
1,17,1,,,,,,,,,0.2125
1,17,1,,,,,,,,,0.165
1,17,1,,,,,,,,,0.105
1,17,1,,,,,,,,,0.1125
1,18,1,,,,,,,,,0.1475
1,18,1,,,,,,,,,0.065
1,18,1,,,,,,,,,0.005
1,18,1,,,,,,,,,0.0
1,19,1,,,,,,,,,0.0
1,19,1,,,,,,,,,0.0
1,19,1,,,,,,,,,0.0
1,19,1,,,,,,,,,0.0
1,20,1,,,,,,,,,0.0
1,20,1,,,,,,,,,0.0
1,20,1,,,,,,,,,0.0
1,20,1,,,,,,,,,0.0
1,21,1,,,,,,,,,0.0
1,21,1,,,,,,,,,0.0
1,21,1,,,,,,,,,0.0
1,21,1,,,,,,,,,0.0
1,22,1,,,,,,,,,0.0
1,22,1,,,,,,,,,0.0
1,22,1,,,,,,,,,0.0
1,22,1,,,,,,,,,0.0
1,23,1,,,,,,,,,0.0
1,23,1,,,,,,,,,0.0
1,23,1,,,,,,,,,0.0
1,23,1,,,,,,,,,0.0
1,24,1,,,,,,,,,0.0
1,24,1,,,,,,,,,0.0
1,24,1,,,,,,,,,0.0
1,24,1,,,,,,,,,0.0
1,1,2,,,,,,,,,0.0
1,1,2,,,,,,,,,0.0
1,1,2,,,,,,,,,0.0
1,1,2,,,,,,,,,0.0
1,2,2,,,,,,,,,0.0
1,2,2,,,,,,,,,0.0
1,2,2,,,,,,,,,0.0
1,2,2,,,,,,,,,0.0
1,3,2,,,,,,,,,0.0
1,3,2,,,,,,,,,0.0
1,3,2,,,,,,,,,0.0
1,3,2,,,,,,,,,0.0
1,4,2,,,,,,,,,0.0
1,4,2,,,,,,,,,0.0
1,4,2,,,,,,,,,0.0
1,4,2,,,,,,,,,0.0
1,5,2,,,,,,,,,0.0
1,5,2,,,,,,,,,0.0
1,5,2,,,,,,,,,0.0
1,5,2,,,,,,,,,0.0
1,6,2,,,,,,,,,0.0
1,6,2,,,,,,,,,0.0
1,6,2,,,,,,,,,0.0
1,6,2,,,,,,,,,0.0
1,7,2,,,,,,,,,0.0
1,7,2,,,,,,,,,0.0
1,7,2,,,,,,,,,0.0
1,7,2,,,,,,,,,0.0
1,8,2,,,,,,,,,0.0
1,8,2,,,,,,,,,0.0
1,8,2,,,,,,,,,0.0
1,8,2,,,,,,,,,0.0
1,9,2,,,,,,,,,0.0
1,9,2,,,,,,,,,0.03
1,9,2,,,,,,,,,0.18
1,9,2,,,,,,,,,0.225
1,10,2,,,,,,,,,0.345
1,10,2,,,,,,,,,0.5575
1,10,2,,,,,,,,,1.125
1,10,2,,,,,,,,,1.595
1,11,2,,,,,,,,,2.355
1,11,2,,,,,,,,,3.225
1,11,2,,,,,,,,,3.5275
1,11,2,,,,,,,,,2.1175
1,12,2,,,,,,,,,1.535
1,12,2,,,,,,,,,2.7475
1,12,2,,,,,,,,,3.005
1,12,2,,,,,,,,,4.1125
1,13,2,,,,,,,,,3.975
1,13,2,,,,,,,,,3.4825
1,13,2,,,,,,,,,2.835
1,13,2,,,,,,,,,2.89
1,14,2,,,,,,,,,4.925
1,14,2,,,,,,,,,4.51
1,14,2,,,,,,,,,3.4975
1,14,2,,,,,,,,,3.1525
1,15,2,,,,,,,,,4.3425
1,15,2,,,,,,,,,3.6675
1,15,2,,,,,,,,,4.045
1,15,2,,,,,,,,,3.75
1,16,2,,,,,,,,,3.4325
1,16,2,,,,,,,,,2.915
1,16,2,,,,,,,,,0.875
1,16,2,,,,,,,,,0.6825
1,17,2,,,,,,,,,0.58
1,17,2,,,,,,,,,0.545
1,17,2,,,,,,,,,0.425
1,17,2,,,,,,,,,0.2825
1,18,2,,,,,,,,,0.175
1,18,2,,,,,,,,,0.07
1,18,2,,,,,,,,,0.005
1,18,2,,,,,,,,,0.0
1,19,2,,,,,,,,,0.0
1,19,2,,,,,,,,,0.0
1,19,2,,,,,,,,,0.0
1,19,2,,,,,,,,,0.0
1,20,2,,,,,,,,,0.0
1,20,2,,,,,,,,,0.0
1,20,2,,,,,,,,,0.0
1,20,2,,,,,,,,,0.0
1,21,2,,,,,,,,,0.0
1,21,2,,,,,,,,,0.0
1,21,2,,,,,,,,,0.0
1,21,2,,,,,,,,,0.0
1,22,2,,,,,,,,,0.0
1,22,2,,,,,,,,,0.0
1,22,2,,,,,,,,,0.0
1,22,2,,,,,,,,,0.0
1,23,2,,,,,,,,,0.0
1,23,2,,,,,,,,,0.0
1,23,2,,,,,,,,,0.0
1,23,2,,,,,,,,,0.0
1,24,2,,,,,,,,,0.0
1,24,2,,,,,,,,,0.0
1,24,2,,,,,,,,,0.0
1,24,2,,,,,,,,,0.0
1,1,3,,,,,,,,,0.0
1,1,3,,,,,,,,,0.0
1,1,3,,,,,,,,,0.0
1,1,3,,,,,,,,,0.0
1,2,3,,,,,,,,,0.0
1,2,3,,,,,,,,,0.0
1,2,3,,,,,,,,,0.0
1,2,3,,,,,,,,,0.0
1,3,3,,,,,,,,,0.0
1,3,3,,,,,,,,,0.0
1,3,3,,,,,,,,,0.0
1,3,3,,,,,,,,,0.0
1,4,3,,,,,,,,,0.0
1,4,3,,,,,,,,,0.0
1,4,3,,,,,,,,,0.0
1,4,3,,,,,,,,,0.0
1,5,3,,,,,,,,,0.0
1,5,3,,,,,,,,,0.0
1,5,3,,,,,,,,,0.0
1,5,3,,,,,,,,,0.0
1,6,3,,,,,,,,,0.0
1,6,3,,,,,,,,,0.0
1,6,3,,,,,,,,,0.0
1,6,3,,,,,,,,,0.0
1,7,3,,,,,,,,,0.0
1,7,3,,,,,,,,,0.0
1,7,3,,,,,,,,,0.0
1,7,3,,,,,,,,,0.0
1,8,3,,,,,,,,,0.0
1,8,3,,,,,,,,,0.0
1,8,3,,,,,,,,,0.0
1,8,3,,,,,,,,,0.0
1,9,3,,,,,,,,,0.0
1,9,3,,,,,,,,,0.0
1,9,3,,,,,,,,,0.0
1,9,3,,,,,,,,,0.0
1,10,3,,,,,,,,,0.0
1,10,3,,,,,,,,,0.02
1,10,3,,,,,,,,,0.005
1,10,3,,,,,,,,,0.02
1,11,3,,,,,,,,,0.0625
1,11,3,,,,,,,,,0.075
1,11,3,,,,,,,,,0.08
1,11,3,,,,,,,,,0.105
1,12,3,,,,,,,,,0.3
1,12,3,,,,,,,,,0.21
1,12,3,,,,,,,,,0.505
1,12,3,,,,,,,,,0.6675
1,13,3,,,,,,,,,0.965
1,13,3,,,,,,,,,0.92
1,13,3,,,,,,,,,2.595
1,13,3,,,,,,,,,3.135
1,14,3,,,,,,,,,0.6025
1,14,3,,,,,,,,,0.15
1,14,3,,,,,,,,,0.1925
1,14,3,,,,,,,,,0.3825
1,15,3,,,,,,,,,0.855
1,15,3,,,,,,,,,2.24
1,15,3,,,,,,,,,2.1275
1,15,3,,,,,,,,,2.69
1,16,3,,,,,,,,,4.2175
1,16,3,,,,,,,,,1.535
1,16,3,,,,,,,,,1.2325
1,16,3,,,,,,,,,3.4225
1,17,3,,,,,,,,,2.8825
1,17,3,,,,,,,,,1.7725
1,17,3,,,,,,,,,0.945
1,17,3,,,,,,,,,0.745
1,18,3,,,,,,,,,0.42
1,18,3,,,,,,,,,0.2275
1,18,3,,,,,,,,,0.0875
1,18,3,,,,,,,,,0.0225
1,19,3,,,,,,,,,0.0
1,19,3,,,,,,,,,0.0
1,19,3,,,,,,,,,0.0
1,19,3,,,,,,,,,0.0
1,20,3,,,,,,,,,0.0
1,20,3,,,,,,,,,0.0
1,20,3,,,,,,,,,0.0
1,20,3,,,,,,,,,0.0
1,21,3,,,,,,,,,0.0
1,21,3,,,,,,,,,0.0
1,21,3,,,,,,,,,0.0
1,21,3,,,,,,,,,0.0
1,22,3,,,,,,,,,0.0
1,22,3,,,,,,,,,0.0
1,22,3,,,,,,,,,0.0
1,22,3,,,,,,,,,0.0
1,23,3,,,,,,,,,0.0
1,23,3,,,,,,,,,0.0
1,23,3,,,,,,,,,0.0
1,23,3,,,,,,,,,0.0
1,24,3,,,,,,,,,0.0
1,24,3,,,,,,,,,0.0
1,24,3,,,,,,,,,0.0
1,24,3,,,,,,,,,0.0
1,1,4,,,,,,,,,0.0
1,1,4,,,,,,,,,0.0
1,1,4,,,,,,,,,0.0
1,1,4,,,,,,,,,0.0
1,2,4,,,,,,,,,0.0
1,2,4,,,,,,,,,0.0
1,2,4,,,,,,,,,0.0
1,2,4,,,,,,,,,0.0
1,3,4,,,,,,,,,0.0
1,3,4,,,,,,,,,0.0
1,3,4,,,,,,,,,0.0
1,3,4,,,,,,,,,0.0
1,4,4,,,,,,,,,0.0
1,4,4,,,,,,,,,0.0
1,4,4,,,,,,,,,0.0
1,4,4,,,,,,,,,0.0
1,5,4,,,,,,,,,0.0
1,5,4,,,,,,,,,0.0
1,5,4,,,,,,,,,0.0
1,5,4,,,,,,,,,0.0
1,6,4,,,,,,,,,0.0
1,6,4,,,,,,,,,0.0
1,6,4,,,,,,,,,0.0
1,6,4,,,,,,,,,0.0
1,7,4,,,,,,,,,0.0
1,7,4,,,,,,,,,0.0
1,7,4,,,,,,,,,0.0
1,7,4,,,,,,,,,0.0
1,8,4,,,,,,,,,0.0
1,8,4,,,,,,,,,0.0
1,8,4,,,,,,,,,0.0
1,8,4,,,,,,,,,0.0
1,9,4,,,,,,,,,0.0025
1,9,4,,,,,,,,,0.055
1,9,4,,,,,,,,,0.125
1,9,4,,,,,,,,,0.285
1,10,4,,,,,,,,,0.5925
1,10,4,,,,,,,,,1.1975
1,10,4,,,,,,,,,1.935
1,10,4,,,,,,,,,2.805
1,11,4,,,,,,,,,3.3375
1,11,4,,,,,,,,,3.705
1,11,4,,,,,,,,,4.025
1,11,4,,,,,,,,,4.355
1,12,4,,,,,,,,,4.6025
1,12,4,,,,,,,,,4.7675
1,12,4,,,,,,,,,4.9475
1,12,4,,,,,,,,,5.18
1,13,4,,,,,,,,,5.3475
1,13,4,,,,,,,,,5.425
1,13,4,,,,,,,,,5.5025
1,13,4,,,,,,,,,5.5475
1,14,4,,,,,,,,,5.5425
1,14,4,,,,,,,,,5.45
1,14,4,,,,,,,,,5.395
1,14,4,,,,,,,,,5.33
1,15,4,,,,,,,,,5.155
1,15,4,,,,,,,,,4.965
1,15,4,,,,,,,,,4.685
1,15,4,,,,,,,,,3.4775
1,16,4,,,,,,,,,2.37
1,16,4,,,,,,,,,3.21
1,16,4,,,,,,,,,3.1025
1,16,4,,,,,,,,,3.2
1,17,4,,,,,,,,,2.8225
1,17,4,,,,,,,,,2.26
1,17,4,,,,,,,,,1.62
1,17,4,,,,,,,,,0.9075
1,18,4,,,,,,,,,0.32
1,18,4,,,,,,,,,0.1925
1,18,4,,,,,,,,,0.0975
1,18,4,,,,,,,,,0.0125
1,19,4,,,,,,,,,0.0
1,19,4,,,,,,,,,0.0
1,19,4,,,,,,,,,0.0
1,19,4,,,,,,,,,0.0
1,20,4,,,,,,,,,0.0
1,20,4,,,,,,,,,0.0
1,20,4,,,,,,,,,0.0
1,20,4,,,,,,,,,0.0
1,21,4,,,,,,,,,0.0
1,21,4,,,,,,,,,0.0
1,21,4,,,,,,,,,0.0
1,21,4,,,,,,,,,0.0
1,22,4,,,,,,,,,0.0
1,22,4,,,,,,,,,0.0
1,22,4,,,,,,,,,0.0
1,22,4,,,,,,,,,0.0
1,23,4,,,,,,,,,0.0
1,23,4,,,,,,,,,0.0
1,23,4,,,,,,,,,0.0
1,23,4,,,,,,,,,0.0
1,24,4,,,,,,,,,0.0
1,24,4,,,,,,,,,0.0
1,24,4,,,,,,,,,0.0
1,24,4,,,,,,,,,0.0
1,1,5,,,,,,,,,0.0
1,1,5,,,,,,,,,0.0
1,1,5,,,,,,,,,0.0
1,1,5,,,,,,,,,0.0
1,2,5,,,,,,,,,0.0
1,2,5,,,,,,,,,0.0
1,2,5,,,,,,,,,0.0
1,2,5,,,,,,,,,0.0
1,3,5,,,,,,,,,0.0
1,3,5,,,,,,,,,0.0
1,3,5,,,,,,,,,0.0
1,3,5,,,,,,,,,0.0
1,4,5,,,,,,,,,0.0
1,4,5,,,,,,,,,0.0
1,4,5,,,,,,,,,0.0
1,4,5,,,,,,,,,0.0
1,5,5,,,,,,,,,0.0
1,5,5,,,,,,,,,0.0
1,5,5,,,,,,,,,0.0
1,5,5,,,,,,,,,0.0
1,6,5,,,,,,,,,0.0
1,6,5,,,,,,,,,0.0
1,6,5,,,,,,,,,0.0
1,6,5,,,,,,,,,0.0
1,7,5,,,,,,,,,0.0
1,7,5,,,,,,,,,0.0
1,7,5,,,,,,,,,0.0
1,7,5,,,,,,,,,0.0
1,8,5,,,,,,,,,0.0
1,8,5,,,,,,,,,0.0
1,8,5,,,,,,,,,0.0
1,8,5,,,,,,,,,0.0
1,9,5,,,,,,,,,0.0
1,9,5,,,,,,,,,0.0025
1,9,5,,,,,,,,,0.07
1,9,5,,,,,,,,,0.12
1,10,5,,,,,,,,,0.2
1,10,5,,,,,,,,,0.355
1,10,5,,,,,,,,,0.3925
1,10,5,,,,,,,,,0.535
1,11,5,,,,,,,,,0.5275
1,11,5,,,,,,,,,0.685
1,11,5,,,,,,,,,0.84
1,11,5,,,,,,,,,1.265
1,12,5,,,,,,,,,1.6
1,12,5,,,,,,,,,1.7675
1,12,5,,,,,,,,,1.38
1,12,5,,,,,,,,,1.515
1,13,5,,,,,,,,,1.5975
1,13,5,,,,,,,,,1.645
1,13,5,,,,,,,,,1.7275
1,13,5,,,,,,,,,1.5675
1,14,5,,,,,,,,,1.5525
1,14,5,,,,,,,,,1.5025
1,14,5,,,,,,,,,1.4425
1,14,5,,,,,,,,,0.965
1,15,5,,,,,,,,,1.05
1,15,5,,,,,,,,,0.995
1,15,5,,,,,,,,,0.705
1,15,5,,,,,,,,,0.7875
1,16,5,,,,,,,,,0.76
1,16,5,,,,,,,,,0.7575
1,16,5,,,,,,,,,0.575
1,16,5,,,,,,,,,0.415
1,17,5,,,,,,,,,0.3
1,17,5,,,,,,,,,0.1825
1,17,5,,,,,,,,,0.1875
1,17,5,,,,,,,,,0.1725
1,18,5,,,,,,,,,0.1175
1,18,5,,,,,,,,,0.035
1,18,5,,,,,,,,,0.01
1,18,5,,,,,,,,,0.0
1,19,5,,,,,,,,,0.0
1,19,5,,,,,,,,,0.0
1,19,5,,,,,,,,,0.0
1,19,5,,,,,,,,,0.0
1,20,5,,,,,,,,,0.0
1,20,5,,,,,,,,,0.0
1,20,5,,,,,,,,,0.0
1,20,5,,,,,,,,,0.0
1,21,5,,,,,,,,,0.0
1,21,5,,,,,,,,,0.0
1,21,5,,,,,,,,,0.0
1,21,5,,,,,,,,,0.0
1,22,5,,,,,,,,,0.0
1,22,5,,,,,,,,,0.0
1,22,5,,,,,,,,,0.0
1,22,5,,,,,,,,,0.0
1,23,5,,,,,,,,,0.0
1,23,5,,,,,,,,,0.0
1,23,5,,,,,,,,,0.0
1,23,5,,,,,,,,,0.0
1,24,5,,,,,,,,,0.0
1,24,5,,,,,,,,,0.0
1,24,5,,,,,,,,,0.0
1,24,5,,,,,,,,,0.0
1,1,6,,,,,,,,,0.0
1,1,6,,,,,,,,,0.0
1,1,6,,,,,,,,,0.0
1,1,6,,,,,,,,,0.0
1,2,6,,,,,,,,,0.0
1,2,6,,,,,,,,,0.0
1,2,6,,,,,,,,,0.0
1,2,6,,,,,,,,,0.0
1,3,6,,,,,,,,,0.0
1,3,6,,,,,,,,,0.0
1,3,6,,,,,,,,,0.0
1,3,6,,,,,,,,,0.0
1,4,6,,,,,,,,,0.0
1,4,6,,,,,,,,,0.0
1,4,6,,,,,,,,,0.0
1,4,6,,,,,,,,,0.0
1,5,6,,,,,,,,,0.0
1,5,6,,,,,,,,,0.0
1,5,6,,,,,,,,,0.0
1,5,6,,,,,,,,,0.0
1,6,6,,,,,,,,,0.0
1,6,6,,,,,,,,,0.0
1,6,6,,,,,,,,,0.0
1,6,6,,,,,,,,,0.0
1,7,6,,,,,,,,,0.0
1,7,6,,,,,,,,,0.0
1,7,6,,,,,,,,,0.0
1,7,6,,,,,,,,,0.0
1,8,6,,,,,,,,,0.0
1,8,6,,,,,,,,,0.0
1,8,6,,,,,,,,,0.0
1,8,6,,,,,,,,,0.0
1,9,6,,,,,,,,,0.0
1,9,6,,,,,,,,,0.0225
1,9,6,,,,,,,,,0.085
1,9,6,,,,,,,,,0.175
1,10,6,,,,,,,,,0.805
1,10,6,,,,,,,,,0.72
1,10,6,,,,,,,,,1.6525
1,10,6,,,,,,,,,0.4925
1,11,6,,,,,,,,,0.8925
1,11,6,,,,,,,,,1.7375
1,11,6,,,,,,,,,1.68
1,11,6,,,,,,,,,0.8325
1,12,6,,,,,,,,,2.3675
1,12,6,,,,,,,,,1.94
1,12,6,,,,,,,,,3.81
1,12,6,,,,,,,,,4.9775
1,13,6,,,,,,,,,5.2325
1,13,6,,,,,,,,,5.4375
1,13,6,,,,,,,,,5.47
1,13,6,,,,,,,,,5.5175
1,14,6,,,,,,,,,5.595
1,14,6,,,,,,,,,5.1525
1,14,6,,,,,,,,,5.445
1,14,6,,,,,,,,,5.3325
1,15,6,,,,,,,,,5.15
1,15,6,,,,,,,,,4.995
1,15,6,,,,,,,,,3.28
1,15,6,,,,,,,,,0.765
1,16,6,,,,,,,,,1.585
1,16,6,,,,,,,,,4.065
1,16,6,,,,,,,,,3.7975
1,16,6,,,,,,,,,3.32
1,17,6,,,,,,,,,1.8475
1,17,6,,,,,,,,,0.8875
1,17,6,,,,,,,,,1.48
1,17,6,,,,,,,,,0.5375
1,18,6,,,,,,,,,0.4825
1,18,6,,,,,,,,,0.485
1,18,6,,,,,,,,,0.12
1,18,6,,,,,,,,,0.0225
1,19,6,,,,,,,,,0.0
1,19,6,,,,,,,,,0.0
1,19,6,,,,,,,,,0.0
1,19,6,,,,,,,,,0.0
1,20,6,,,,,,,,,0.0
1,20,6,,,,,,,,,0.0
1,20,6,,,,,,,,,0.0
1,20,6,,,,,,,,,0.0
1,21,6,,,,,,,,,0.0
1,21,6,,,,,,,,,0.0
1,21,6,,,,,,,,,0.0
1,21,6,,,,,,,,,0.0
1,22,6,,,,,,,,,0.0
1,22,6,,,,,,,,,0.0
1,22,6,,,,,,,,,0.0
1,22,6,,,,,,,,,0.0
1,23,6,,,,,,,,,0.0
1,23,6,,,,,,,,,0.0
1,23,6,,,,,,,,,0.0
1,23,6,,,,,,,,,0.0
1,24,6,,,,,,,,,0.0
1,24,6,,,,,,,,,0.0
1,24,6,,,,,,,,,0.0
1,24,6,,,,,,,,,0.0
1,1,7,,,,,,,,,0.0
1,1,7,,,,,,,,,0.0
1,1,7,,,,,,,,,0.0
1,1,7,,,,,,,,,0.0
1,2,7,,,,,,,,,0.0
1,2,7,,,,,,,,,0.0
1,2,7,,,,,,,,,0.0
1,2,7,,,,,,,,,0.0
1,3,7,,,,,,,,,0.0
1,3,7,,,,,,,,,0.0
1,3,7,,,,,,,,,0.0
1,3,7,,,,,,,,,0.0
1,4,7,,,,,,,,,0.0
1,4,7,,,,,,,,,0.0
1,4,7,,,,,,,,,0.0
1,4,7,,,,,,,,,0.0
1,5,7,,,,,,,,,0.0
1,5,7,,,,,,,,,0.0
1,5,7,,,,,,,,,0.0
1,5,7,,,,,,,,,0.0
1,6,7,,,,,,,,,0.0
1,6,7,,,,,,,,,0.0
1,6,7,,,,,,,,,0.0
1,6,7,,,,,,,,,0.0
1,7,7,,,,,,,,,0.0
1,7,7,,,,,,,,,0.0
1,7,7,,,,,,,,,0.0
1,7,7,,,,,,,,,0.0
1,8,7,,,,,,,,,0.0
1,8,7,,,,,,,,,0.0
1,8,7,,,,,,,,,0.0
1,8,7,,,,,,,,,0.0
1,9,7,,,,,,,,,0.0
1,9,7,,,,,,,,,0.0
1,9,7,,,,,,,,,0.015
1,9,7,,,,,,,,,0.0225
1,10,7,,,,,,,,,0.05
1,10,7,,,,,,,,,0.07
1,10,7,,,,,,,,,0.2025
1,10,7,,,,,,,,,0.15
1,11,7,,,,,,,,,0.24
1,11,7,,,,,,,,,0.35
1,11,7,,,,,,,,,0.215
1,11,7,,,,,,,,,0.2925
1,12,7,,,,,,,,,0.2075
1,12,7,,,,,,,,,0.225
1,12,7,,,,,,,,,0.1975
1,12,7,,,,,,,,,0.2625
1,13,7,,,,,,,,,0.29
1,13,7,,,,,,,,,0.355
1,13,7,,,,,,,,,0.31
1,13,7,,,,,,,,,0.33
1,14,7,,,,,,,,,0.36
1,14,7,,,,,,,,,0.325
1,14,7,,,,,,,,,0.3425
1,14,7,,,,,,,,,0.235
1,15,7,,,,,,,,,0.2575
1,15,7,,,,,,,,,0.225
1,15,7,,,,,,,,,0.305
1,15,7,,,,,,,,,0.235
1,16,7,,,,,,,,,0.23
1,16,7,,,,,,,,,0.2225
1,16,7,,,,,,,,,0.215
1,16,7,,,,,,,,,0.22
1,17,7,,,,,,,,,0.225
1,17,7,,,,,,,,,0.08
1,17,7,,,,,,,,,0.0425
1,17,7,,,,,,,,,0.05
1,18,7,,,,,,,,,0.045
1,18,7,,,,,,,,,0.0175
1,18,7,,,,,,,,,0.0
1,18,7,,,,,,,,,0.0
1,19,7,,,,,,,,,0.0
1,19,7,,,,,,,,,0.0
1,19,7,,,,,,,,,0.0
1,19,7,,,,,,,,,0.0
1,20,7,,,,,,,,,0.0
1,20,7,,,,,,,,,0.0
1,20,7,,,,,,,,,0.0
1,20,7,,,,,,,,,0.0
1,21,7,,,,,,,,,0.0
1,21,7,,,,,,,,,0.0
1,21,7,,,,,,,,,0.0
1,21,7,,,,,,,,,0.0
1,22,7,,,,,,,,,0.0
1,22,7,,,,,,,,,0.0
1,22,7,,,,,,,,,0.0
1,22,7,,,,,,,,,0.0
1,23,7,,,,,,,,,0.0
1,23,7,,,,,,,,,0.0
1,23,7,,,,,,,,,0.0
1,23,7,,,,,,,,,0.0
1,24,7,,,,,,,,,0.0
1,24,7,,,,,,,,,0.0
1,24,7,,,,,,,,,0.0
1,24,7,,,,,,,,,0.0
1,1,1,,,,,,,,,0.0
1,1,1,,,,,,,,,0.0
1,1,1,,,,,,,,,0.0
1,1,1,,,,,,,,,0.0
1,2,1,,,,,,,,,0.0
1,2,1,,,,,,,,,0.0
1,2,1,,,,,,,,,0.0
1,2,1,,,,,,,,,0.0
1,3,1,,,,,,,,,0.0
1,3,1,,,,,,,,,0.0
1,3,1,,,,,,,,,0.0
1,3,1,,,,,,,,,0.0
1,4,1,,,,,,,,,0.0
1,4,1,,,,,,,,,0.0
1,4,1,,,,,,,,,0.0
1,4,1,,,,,,,,,0.0
1,5,1,,,,,,,,,0.0
1,5,1,,,,,,,,,0.0
1,5,1,,,,,,,,,0.0
1,5,1,,,,,,,,,0.0
1,6,1,,,,,,,,,0.0
1,6,1,,,,,,,,,0.0
1,6,1,,,,,,,,,0.0
1,6,1,,,,,,,,,0.0
1,7,1,,,,,,,,,0.0
1,7,1,,,,,,,,,0.0
1,7,1,,,,,,,,,0.0
1,7,1,,,,,,,,,0.0
1,8,1,,,,,,,,,0.0
1,8,1,,,,,,,,,0.0
1,8,1,,,,,,,,,0.0
1,8,1,,,,,,,,,0.0
1,9,1,,,,,,,,,0.0025
1,9,1,,,,,,,,,0.0575
1,9,1,,,,,,,,,0.17
1,9,1,,,,,,,,,0.1725
1,10,1,,,,,,,,,0.2575
1,10,1,,,,,,,,,0.515
1,10,1,,,,,,,,,0.4425
1,10,1,,,,,,,,,0.4625
1,11,1,,,,,,,,,0.4
1,11,1,,,,,,,,,0.4825
1,11,1,,,,,,,,,0.34
1,11,1,,,,,,,,,0.1925
1,12,1,,,,,,,,,0.415
1,12,1,,,,,,,,,0.365
1,12,1,,,,,,,,,2.495
1,12,1,,,,,,,,,2.2725
1,13,1,,,,,,,,,1.4875
1,13,1,,,,,,,,,1.4325
1,13,1,,,,,,,,,1.01
1,13,1,,,,,,,,,0.83
1,14,1,,,,,,,,,0.675
1,14,1,,,,,,,,,0.8175
1,14,1,,,,,,,,,1.1325
1,14,1,,,,,,,,,1.095
1,15,1,,,,,,,,,2.345
1,15,1,,,,,,,,,3.795
1,15,1,,,,,,,,,3.655
1,15,1,,,,,,,,,5.0375
1,16,1,,,,,,,,,3.3125
1,16,1,,,,,,,,,2.3225
1,16,1,,,,,,,,,0.735
1,16,1,,,,,,,,,0.2875
1,17,1,,,,,,,,,0.62
1,17,1,,,,,,,,,0.8175
1,17,1,,,,,,,,,0.29
1,17,1,,,,,,,,,0.145
1,18,1,,,,,,,,,0.4025
1,18,1,,,,,,,,,0.375
1,18,1,,,,,,,,,0.11
1,18,1,,,,,,,,,0.04
1,19,1,,,,,,,,,0.0075
1,19,1,,,,,,,,,0.0
1,19,1,,,,,,,,,0.0
1,19,1,,,,,,,,,0.0
1,20,1,,,,,,,,,0.0
1,20,1,,,,,,,,,0.0
1,20,1,,,,,,,,,0.0
1,20,1,,,,,,,,,0.0
1,21,1,,,,,,,,,0.0
1,21,1,,,,,,,,,0.0
1,21,1,,,,,,,,,0.0
1,21,1,,,,,,,,,0.0
1,22,1,,,,,,,,,0.0
1,22,1,,,,,,,,,0.0
1,22,1,,,,,,,,,0.0
1,22,1,,,,,,,,,0.0
1,23,1,,,,,,,,,0.0
1,23,1,,,,,,,,,0.0
1,23,1,,,,,,,,,0.0
1,23,1,,,,,,,,,0.0
1,24,1,,,,,,,,,0.0
1,24,1,,,,,,,,,0.0
1,24,1,,,,,,,,,0.0
1,24,1,,,,,,,,,0.0
1,1,2,,,,,,,,,0.0
1,1,2,,,,,,,,,0.0
1,1,2,,,,,,,,,0.0
1,1,2,,,,,,,,,0.0
1,2,2,,,,,,,,,0.0
1,2,2,,,,,,,,,0.0
1,2,2,,,,,,,,,0.0
1,2,2,,,,,,,,,0.0
1,3,2,,,,,,,,,0.0
1,3,2,,,,,,,,,0.0
1,3,2,,,,,,,,,0.0
1,3,2,,,,,,,,,0.0
1,4,2,,,,,,,,,0.0
1,4,2,,,,,,,,,0.0
1,4,2,,,,,,,,,0.0
1,4,2,,,,,,,,,0.0
1,5,2,,,,,,,,,0.0
1,5,2,,,,,,,,,0.0
1,5,2,,,,,,,,,0.0
1,5,2,,,,,,,,,0.0
1,6,2,,,,,,,,,0.0
1,6,2,,,,,,,,,0.0
1,6,2,,,,,,,,,0.0
1,6,2,,,,,,,,,0.0
1,7,2,,,,,,,,,0.0
1,7,2,,,,,,,,,0.0
1,7,2,,,,,,,,,0.0
1,7,2,,,,,,,,,0.0
1,8,2,,,,,,,,,0.0
1,8,2,,,,,,,,,0.0
1,8,2,,,,,,,,,0.0
1,8,2,,,,,,,,,0.0
1,9,2,,,,,,,,,0.0
1,9,2,,,,,,,,,0.0475
1,9,2,,,,,,,,,0.2075
1,9,2,,,,,,,,,0.33
1,10,2,,,,,,,,,0.1575
1,10,2,,,,,,,,,0.37
1,10,2,,,,,,,,,0.67
1,10,2,,,,,,,,,0.56
1,11,2,,,,,,,,,1.265
1,11,2,,,,,,,,,0.8575
1,11,2,,,,,,,,,2.375
1,11,2,,,,,,,,,2.515
1,12,2,,,,,,,,,3.37
1,12,2,,,,,,,,,1.205
1,12,2,,,,,,,,,0.9575
1,12,2,,,,,,,,,2.965
1,13,2,,,,,,,,,1.205
1,13,2,,,,,,,,,1.47
1,13,2,,,,,,,,,1.2025
1,13,2,,,,,,,,,4.46
1,14,2,,,,,,,,,5.585
1,14,2,,,,,,,,,5.5525
1,14,2,,,,,,,,,1.9825
1,14,2,,,,,,,,,5.38
1,15,2,,,,,,,,,2.9875
1,15,2,,,,,,,,,2.95
1,15,2,,,,,,,,,4.8525
1,15,2,,,,,,,,,3.5625
1,16,2,,,,,,,,,2.675
1,16,2,,,,,,,,,2.685
1,16,2,,,,,,,,,2.175
1,16,2,,,,,,,,,2.3825
1,17,2,,,,,,,,,1.29
1,17,2,,,,,,,,,0.795
1,17,2,,,,,,,,,0.795
1,17,2,,,,,,,,,0.46
1,18,2,,,,,,,,,0.09
1,18,2,,,,,,,,,0.055
1,18,2,,,,,,,,,0.0475
1,18,2,,,,,,,,,0.0125
1,19,2,,,,,,,,,0.0
1,19,2,,,,,,,,,0.0
1,19,2,,,,,,,,,0.0
1,19,2,,,,,,,,,0.0
1,20,2,,,,,,,,,0.0
1,20,2,,,,,,,,,0.0
1,20,2,,,,,,,,,0.0
1,20,2,,,,,,,,,0.0
1,21,2,,,,,,,,,0.0
1,21,2,,,,,,,,,0.0
1,21,2,,,,,,,,,0.0
1,21,2,,,,,,,,,0.0
1,22,2,,,,,,,,,0.0
1,22,2,,,,,,,,,0.0
1,22,2,,,,,,,,,0.0
1,22,2,,,,,,,,,0.0
1,23,2,,,,,,,,,0.0
1,23,2,,,,,,,,,0.0
1,23,2,,,,,,,,,0.0
1,23,2,,,,,,,,,0.0
1,24,2,,,,,,,,,0.0
1,24,2,,,,,,,,,0.0
1,24,2,,,,,,,,,0.0
1,24,2,,,,,,,,,0.0
1,1,3,,,,,,,,,0.0
1,1,3,,,,,,,,,0.0
1,1,3,,,,,,,,,0.0
1,1,3,,,,,,,,,0.0
1,2,3,,,,,,,,,0.0
1,2,3,,,,,,,,,0.0
1,2,3,,,,,,,,,0.0
1,2,3,,,,,,,,,0.0
1,3,3,,,,,,,,,0.0
1,3,3,,,,,,,,,0.0
1,3,3,,,,,,,,,0.0
1,3,3,,,,,,,,,0.0
1,4,3,,,,,,,,,0.0
1,4,3,,,,,,,,,0.0
1,4,3,,,,,,,,,0.0
1,4,3,,,,,,,,,0.0
1,5,3,,,,,,,,,0.0
1,5,3,,,,,,,,,0.0
1,5,3,,,,,,,,,0.0
1,5,3,,,,,,,,,0.0
1,6,3,,,,,,,,,0.0
1,6,3,,,,,,,,,0.0
1,6,3,,,,,,,,,0.0
1,6,3,,,,,,,,,0.0
1,7,3,,,,,,,,,0.0
1,7,3,,,,,,,,,0.0
1,7,3,,,,,,,,,0.0
1,7,3,,,,,,,,,0.0
1,8,3,,,,,,,,,0.0
1,8,3,,,,,,,,,0.0
1,8,3,,,,,,,,,0.0
1,8,3,,,,,,,,,0.0
1,9,3,,,,,,,,,0.0
1,9,3,,,,,,,,,0.0
1,9,3,,,,,,,,,0.0
1,9,3,,,,,,,,,0.005
1,10,3,,,,,,,,,0.0125
1,10,3,,,,,,,,,0.07
1,10,3,,,,,,,,,0.045
1,10,3,,,,,,,,,0.09
1,11,3,,,,,,,,,0.17
1,11,3,,,,,,,,,0.1525
1,11,3,,,,,,,,,0.2175
1,11,3,,,,,,,,,0.1575
1,12,3,,,,,,,,,1.765
1,12,3,,,,,,,,,4.345
1,12,3,,,,,,,,,4.455
1,12,3,,,,,,,,,4.51
1,13,3,,,,,,,,,5.2925
1,13,3,,,,,,,,,4.82
1,13,3,,,,,,,,,5.58
1,13,3,,,,,,,,,5.5525
1,14,3,,,,,,,,,5.3925
1,14,3,,,,,,,,,3.4475
1,14,3,,,,,,,,,3.3375
1,14,3,,,,,,,,,4.615
1,15,3,,,,,,,,,3.9275
1,15,3,,,,,,,,,4.2425
1,15,3,,,,,,,,,2.2275
1,15,3,,,,,,,,,1.865
1,16,3,,,,,,,,,1.0975
1,16,3,,,,,,,,,0.495
1,16,3,,,,,,,,,1.39
1,16,3,,,,,,,,,1.7625
1,17,3,,,,,,,,,2.9875
1,17,3,,,,,,,,,1.51
1,17,3,,,,,,,,,0.1825
1,17,3,,,,,,,,,0.19
1,18,3,,,,,,,,,0.0825
1,18,3,,,,,,,,,0.0525
1,18,3,,,,,,,,,0.095
1,18,3,,,,,,,,,0.005
1,19,3,,,,,,,,,0.0
1,19,3,,,,,,,,,0.0
1,19,3,,,,,,,,,0.0
1,19,3,,,,,,,,,0.0
1,20,3,,,,,,,,,0.0
1,20,3,,,,,,,,,0.0
1,20,3,,,,,,,,,0.0
1,20,3,,,,,,,,,0.0
1,21,3,,,,,,,,,0.0
1,21,3,,,,,,,,,0.0
1,21,3,,,,,,,,,0.0
1,21,3,,,,,,,,,0.0
1,22,3,,,,,,,,,0.0
1,22,3,,,,,,,,,0.0
1,22,3,,,,,,,,,0.0
1,22,3,,,,,,,,,0.0
1,23,3,,,,,,,,,0.0
1,23,3,,,,,,,,,0.0
1,23,3,,,,,,,,,0.0
1,23,3,,,,,,,,,0.0
1,24,3,,,,,,,,,0.0
1,24,3,,,,,,,,,0.0
1,24,3,,,,,,,,,0.0
1,24,3,,,,,,,,,0.0
1,1,4,,,,,,,,,0.0
1,1,4,,,,,,,,,0.0
1,1,4,,,,,,,,,0.0
1,1,4,,,,,,,,,0.0
1,2,4,,,,,,,,,0.0
1,2,4,,,,,,,,,0.0
1,2,4,,,,,,,,,0.0
1,2,4,,,,,,,,,0.0
1,3,4,,,,,,,,,0.0
1,3,4,,,,,,,,,0.0
1,3,4,,,,,,,,,0.0
1,3,4,,,,,,,,,0.0
1,4,4,,,,,,,,,0.0
1,4,4,,,,,,,,,0.0
1,4,4,,,,,,,,,0.0
1,4,4,,,,,,,,,0.0
1,5,4,,,,,,,,,0.0
1,5,4,,,,,,,,,0.0
1,5,4,,,,,,,,,0.0
1,5,4,,,,,,,,,0.0
1,6,4,,,,,,,,,0.0
1,6,4,,,,,,,,,0.0
1,6,4,,,,,,,,,0.0
1,6,4,,,,,,,,,0.0
1,7,4,,,,,,,,,0.0
1,7,4,,,,,,,,,0.0
1,7,4,,,,,,,,,0.0
1,7,4,,,,,,,,,0.0
1,8,4,,,,,,,,,0.0
1,8,4,,,,,,,,,0.0
1,8,4,,,,,,,,,0.0
1,8,4,,,,,,,,,0.0
1,9,4,,,,,,,,,0.02
1,9,4,,,,,,,,,0.115
1,9,4,,,,,,,,,0.24
1,9,4,,,,,,,,,0.42
1,10,4,,,,,,,,,0.865
1,10,4,,,,,,,,,1.54
1,10,4,,,,,,,,,2.33
1,10,4,,,,,,,,,2.97
1,11,4,,,,,,,,,3.385
1,11,4,,,,,,,,,3.8025
1,11,4,,,,,,,,,4.25
1,11,4,,,,,,,,,4.335
1,12,4,,,,,,,,,4.6925
1,12,4,,,,,,,,,5.1475
1,12,4,,,,,,,,,4.69
1,12,4,,,,,,,,,4.3725
1,13,4,,,,,,,,,5.055
1,13,4,,,,,,,,,5.74
1,13,4,,,,,,,,,5.275
1,13,4,,,,,,,,,5.6975
1,14,4,,,,,,,,,5.4
1,14,4,,,,,,,,,5.73
1,14,4,,,,,,,,,4.0125
1,14,4,,,,,,,,,4.67
1,15,4,,,,,,,,,4.925
1,15,4,,,,,,,,,5.0525
1,15,4,,,,,,,,,4.49
1,15,4,,,,,,,,,4.685
1,16,4,,,,,,,,,4.4725
1,16,4,,,,,,,,,4.135
1,16,4,,,,,,,,,3.7725
1,16,4,,,,,,,,,3.3925
1,17,4,,,,,,,,,2.965
1,17,4,,,,,,,,,2.455
1,17,4,,,,,,,,,1.85
1,17,4,,,,,,,,,1.3025
1,18,4,,,,,,,,,0.81
1,18,4,,,,,,,,,0.365
1,18,4,,,,,,,,,0.175
1,18,4,,,,,,,,,0.04
1,19,4,,,,,,,,,0.0025
1,19,4,,,,,,,,,0.0
1,19,4,,,,,,,,,0.0
1,19,4,,,,,,,,,0.0
1,20,4,,,,,,,,,0.0
1,20,4,,,,,,,,,0.0
1,20,4,,,,,,,,,0.0
1,20,4,,,,,,,,,0.0
1,21,4,,,,,,,,,0.0
1,21,4,,,,,,,,,0.0
1,21,4,,,,,,,,,0.0
1,21,4,,,,,,,,,0.0
1,22,4,,,,,,,,,0.0
1,22,4,,,,,,,,,0.0
1,22,4,,,,,,,,,0.0
1,22,4,,,,,,,,,0.0
1,23,4,,,,,,,,,0.0
1,23,4,,,,,,,,,0.0
1,23,4,,,,,,,,,0.0
1,23,4,,,,,,,,,0.0
1,24,4,,,,,,,,,0.0
1,24,4,,,,,,,,,0.0
1,24,4,,,,,,,,,0.0
1,24,4,,,,,,,,,0.0
1,1,5,,,,,,,,,0.0
1,1,5,,,,,,,,,0.0
1,1,5,,,,,,,,,0.0
1,1,5,,,,,,,,,0.0
1,2,5,,,,,,,,,0.0
1,2,5,,,,,,,,,0.0
1,2,5,,,,,,,,,0.0
1,2,5,,,,,,,,,0.0
1,3,5,,,,,,,,,0.0
1,3,5,,,,,,,,,0.0
1,3,5,,,,,,,,,0.0
1,3,5,,,,,,,,,0.0
1,4,5,,,,,,,,,0.0
1,4,5,,,,,,,,,0.0
1,4,5,,,,,,,,,0.0
1,4,5,,,,,,,,,0.0
1,5,5,,,,,,,,,0.0
1,5,5,,,,,,,,,0.0
1,5,5,,,,,,,,,0.0
1,5,5,,,,,,,,,0.0
1,6,5,,,,,,,,,0.0
1,6,5,,,,,,,,,0.0
1,6,5,,,,,,,,,0.0
1,6,5,,,,,,,,,0.0
1,7,5,,,,,,,,,0.0
1,7,5,,,,,,,,,0.0
1,7,5,,,,,,,,,0.0
1,7,5,,,,,,,,,0.0
1,8,5,,,,,,,,,0.0
1,8,5,,,,,,,,,0.0
1,8,5,,,,,,,,,0.0
1,8,5,,,,,,,,,0.0
1,9,5,,,,,,,,,0.02
1,9,5,,,,,,,,,0.09
1,9,5,,,,,,,,,0.1975
1,9,5,,,,,,,,,0.46
1,10,5,,,,,,,,,0.98
1,10,5,,,,,,,,,1.705
1,10,5,,,,,,,,,2.5125
1,10,5,,,,,,,,,3.12
1,11,5,,,,,,,,,3.4625
1,11,5,,,,,,,,,3.87
1,11,5,,,,,,,,,4.2375
1,11,5,,,,,,,,,4.58
1,12,5,,,,,,,,,4.87
1,12,5,,,,,,,,,5.07
1,12,5,,,,,,,,,5.255
1,12,5,,,,,,,,,5.335
1,13,5,,,,,,,,,5.3725
1,13,5,,,,,,,,,5.435
1,13,5,,,,,,,,,5.43
1,13,5,,,,,,,,,5.555
1,14,5,,,,,,,,,5.585
1,14,5,,,,,,,,,5.555
1,14,5,,,,,,,,,5.465
1,14,5,,,,,,,,,5.4125
1,15,5,,,,,,,,,5.295
1,15,5,,,,,,,,,5.1075
1,15,5,,,,,,,,,4.8275
1,15,5,,,,,,,,,4.7525
1,16,5,,,,,,,,,4.4875
1,16,5,,,,,,,,,4.04
1,16,5,,,,,,,,,3.4725
1,16,5,,,,,,,,,3.38
1,17,5,,,,,,,,,3.005
1,17,5,,,,,,,,,2.4825
1,17,5,,,,,,,,,1.49
1,17,5,,,,,,,,,1.2475
1,18,5,,,,,,,,,0.655
1,18,5,,,,,,,,,0.3425
1,18,5,,,,,,,,,0.195
1,18,5,,,,,,,,,0.075
1,19,5,,,,,,,,,0.0025
1,19,5,,,,,,,,,0.0
1,19,5,,,,,,,,,0.0
1,19,5,,,,,,,,,0.0
1,20,5,,,,,,,,,0.0
1,20,5,,,,,,,,,0.0
1,20,5,,,,,,,,,0.0
1,20,5,,,,,,,,,0.0
1,21,5,,,,,,,,,0.0
1,21,5,,,,,,,,,0.0
1,21,5,,,,,,,,,0.0
1,21,5,,,,,,,,,0.0
1,22,5,,,,,,,,,0.0
1,22,5,,,,,,,,,0.0
1,22,5,,,,,,,,,0.0
1,22,5,,,,,,,,,0.0
1,23,5,,,,,,,,,0.0
1,23,5,,,,,,,,,0.0
1,23,5,,,,,,,,,0.0
1,23,5,,,,,,,,,0.0
1,24,5,,,,,,,,,0.0
1,24,5,,,,,,,,,0.0
1,24,5,,,,,,,,,0.0
1,24,5,,,,,,,,,0.0
2,1,6,,,,,,,,,0.0
2,1,6,,,,,,,,,0.0
2,1,6,,,,,,,,,0.0
2,1,6,,,,,,,,,0.0
2,2,6,,,,,,,,,0.0
2,2,6,,,,,,,,,0.0
2,2,6,,,,,,,,,0.0
2,2,6,,,,,,,,,0.0
2,3,6,,,,,,,,,0.0
2,3,6,,,,,,,,,0.0
2,3,6,,,,,,,,,0.0
2,3,6,,,,,,,,,0.0
2,4,6,,,,,,,,,0.0
2,4,6,,,,,,,,,0.0
2,4,6,,,,,,,,,0.0
2,4,6,,,,,,,,,0.0
2,5,6,,,,,,,,,0.0
2,5,6,,,,,,,,,0.0
2,5,6,,,,,,,,,0.0
2,5,6,,,,,,,,,0.0
2,6,6,,,,,,,,,0.0
2,6,6,,,,,,,,,0.0
2,6,6,,,,,,,,,0.0
2,6,6,,,,,,,,,0.0
2,7,6,,,,,,,,,0.0
2,7,6,,,,,,,,,0.0
2,7,6,,,,,,,,,0.0
2,7,6,,,,,,,,,0.0
2,8,6,,,,,,,,,0.0
2,8,6,,,,,,,,,0.0
2,8,6,,,,,,,,,0.0
2,8,6,,,,,,,,,0.0
2,9,6,,,,,,,,,0.0
2,9,6,,,,,,,,,0.0
2,9,6,,,,,,,,,0.0
2,9,6,,,,,,,,,0.0
2,10,6,,,,,,,,,0.0125
2,10,6,,,,,,,,,0.0625
2,10,6,,,,,,,,,0.19
2,10,6,,,,,,,,,0.195
2,11,6,,,,,,,,,0.7725
2,11,6,,,,,,,,,2.045
2,11,6,,,,,,,,,1.78
2,11,6,,,,,,,,,2.045
2,12,6,,,,,,,,,1.605
2,12,6,,,,,,,,,1.325
2,12,6,,,,,,,,,1.3125
2,12,6,,,,,,,,,1.6025
2,13,6,,,,,,,,,1.595
2,13,6,,,,,,,,,1.535
2,13,6,,,,,,,,,2.385
2,13,6,,,,,,,,,1.4475
2,14,6,,,,,,,,,1.25
2,14,6,,,,,,,,,0.97
2,14,6,,,,,,,,,0.755
2,14,6,,,,,,,,,0.81
2,15,6,,,,,,,,,0.76
2,15,6,,,,,,,,,0.7475
2,15,6,,,,,,,,,0.84
2,15,6,,,,,,,,,0.7875
2,16,6,,,,,,,,,0.6775
2,16,6,,,,,,,,,0.505
2,16,6,,,,,,,,,0.43
2,16,6,,,,,,,,,0.46
2,17,6,,,,,,,,,0.4075
2,17,6,,,,,,,,,0.405
2,17,6,,,,,,,,,0.5625
2,17,6,,,,,,,,,0.3725
2,18,6,,,,,,,,,0.255
2,18,6,,,,,,,,,0.3225
2,18,6,,,,,,,,,0.1475
2,18,6,,,,,,,,,0.025
2,19,6,,,,,,,,,0.0
2,19,6,,,,,,,,,0.0
2,19,6,,,,,,,,,0.0
2,19,6,,,,,,,,,0.0
2,20,6,,,,,,,,,0.0
2,20,6,,,,,,,,,0.0
2,20,6,,,,,,,,,0.0
2,20,6,,,,,,,,,0.0
2,21,6,,,,,,,,,0.0
2,21,6,,,,,,,,,0.0
2,21,6,,,,,,,,,0.0
2,21,6,,,,,,,,,0.0
2,22,6,,,,,,,,,0.0
2,22,6,,,,,,,,,0.0
2,22,6,,,,,,,,,0.0
2,22,6,,,,,,,,,0.0
2,23,6,,,,,,,,,0.0
2,23,6,,,,,,,,,0.0
2,23,6,,,,,,,,,0.0
2,23,6,,,,,,,,,0.0
2,24,6,,,,,,,,,0.0
2,24,6,,,,,,,,,0.0
2,24,6,,,,,,,,,0.0
2,24,6,,,,,,,,,0.0
2,1,7,,,,,,,,,0.0
2,1,7,,,,,,,,,0.0
2,1,7,,,,,,,,,0.0
2,1,7,,,,,,,,,0.0
2,2,7,,,,,,,,,0.0
2,2,7,,,,,,,,,0.0
2,2,7,,,,,,,,,0.0
2,2,7,,,,,,,,,0.0
2,3,7,,,,,,,,,0.0
2,3,7,,,,,,,,,0.0
2,3,7,,,,,,,,,0.0
2,3,7,,,,,,,,,0.0
2,4,7,,,,,,,,,0.0
2,4,7,,,,,,,,,0.0
2,4,7,,,,,,,,,0.0
2,4,7,,,,,,,,,0.0
2,5,7,,,,,,,,,0.0
2,5,7,,,,,,,,,0.0
2,5,7,,,,,,,,,0.0
2,5,7,,,,,,,,,0.0
2,6,7,,,,,,,,,0.0
2,6,7,,,,,,,,,0.0
2,6,7,,,,,,,,,0.0
2,6,7,,,,,,,,,0.0
2,7,7,,,,,,,,,0.0
2,7,7,,,,,,,,,0.0
2,7,7,,,,,,,,,0.0
2,7,7,,,,,,,,,0.0
2,8,7,,,,,,,,,0.0
2,8,7,,,,,,,,,0.0
2,8,7,,,,,,,,,0.0
2,8,7,,,,,,,,,0.0
2,9,7,,,,,,,,,0.0
2,9,7,,,,,,,,,0.0
2,9,7,,,,,,,,,0.0175
2,9,7,,,,,,,,,0.0575
2,10,7,,,,,,,,,0.0975
2,10,7,,,,,,,,,0.06
2,10,7,,,,,,,,,0.305
2,10,7,,,,,,,,,0.635
2,11,7,,,,,,,,,0.7825
2,11,7,,,,,,,,,1.5
2,11,7,,,,,,,,,1.43
2,11,7,,,,,,,,,1.7625
2,12,7,,,,,,,,,4.6125
2,12,7,,,,,,,,,5.385
2,12,7,,,,,,,,,5.6025
2,12,7,,,,,,,,,4.78
2,13,7,,,,,,,,,5.7675
2,13,7,,,,,,,,,6.0025
2,13,7,,,,,,,,,5.9325
2,13,7,,,,,,,,,5.95
2,14,7,,,,,,,,,6.025
2,14,7,,,,,,,,,5.485
2,14,7,,,,,,,,,5.7775
2,14,7,,,,,,,,,5.595
2,15,7,,,,,,,,,5.4425
2,15,7,,,,,,,,,5.3575
2,15,7,,,,,,,,,4.775
2,15,7,,,,,,,,,4.705
2,16,7,,,,,,,,,4.57
2,16,7,,,,,,,,,4.2475
2,16,7,,,,,,,,,3.915
2,16,7,,,,,,,,,3.545
2,17,7,,,,,,,,,3.2025
2,17,7,,,,,,,,,2.6475
2,17,7,,,,,,,,,2.115
2,17,7,,,,,,,,,1.5075
2,18,7,,,,,,,,,1.0175
2,18,7,,,,,,,,,0.5125
2,18,7,,,,,,,,,0.2225
2,18,7,,,,,,,,,0.0725
2,19,7,,,,,,,,,0.0075
2,19,7,,,,,,,,,0.0
2,19,7,,,,,,,,,0.0
2,19,7,,,,,,,,,0.0
2,20,7,,,,,,,,,0.0
2,20,7,,,,,,,,,0.0
2,20,7,,,,,,,,,0.0
2,20,7,,,,,,,,,0.0
2,21,7,,,,,,,,,0.0
2,21,7,,,,,,,,,0.0
2,21,7,,,,,,,,,0.0
2,21,7,,,,,,,,,0.0
2,22,7,,,,,,,,,0.0
2,22,7,,,,,,,,,0.0
2,22,7,,,,,,,,,0.0
2,22,7,,,,,,,,,0.0
2,23,7,,,,,,,,,0.0
2,23,7,,,,,,,,,0.0
2,23,7,,,,,,,,,0.0
2,23,7,,,,,,,,,0.0
2,24,7,,,,,,,,,0.0
2,24,7,,,,,,,,,0.0
2,24,7,,,,,,,,,0.0
2,24,7,,,,,,,,,0.0
2,1,1,,,,,,,,,0.0
2,1,1,,,,,,,,,0.0
2,1,1,,,,,,,,,0.0
2,1,1,,,,,,,,,0.0
2,2,1,,,,,,,,,0.0
2,2,1,,,,,,,,,0.0
2,2,1,,,,,,,,,0.0
2,2,1,,,,,,,,,0.0
2,3,1,,,,,,,,,0.0
2,3,1,,,,,,,,,0.0
2,3,1,,,,,,,,,0.0
2,3,1,,,,,,,,,0.0
2,4,1,,,,,,,,,0.0
2,4,1,,,,,,,,,0.0
2,4,1,,,,,,,,,0.0
2,4,1,,,,,,,,,0.0
2,5,1,,,,,,,,,0.0
2,5,1,,,,,,,,,0.0
2,5,1,,,,,,,,,0.0
2,5,1,,,,,,,,,0.0
2,6,1,,,,,,,,,0.0
2,6,1,,,,,,,,,0.0
2,6,1,,,,,,,,,0.0
2,6,1,,,,,,,,,0.0
2,7,1,,,,,,,,,0.0
2,7,1,,,,,,,,,0.0
2,7,1,,,,,,,,,0.0
2,7,1,,,,,,,,,0.0
2,8,1,,,,,,,,,0.0
2,8,1,,,,,,,,,0.0
2,8,1,,,,,,,,,0.0
2,8,1,,,,,,,,,0.0
2,9,1,,,,,,,,,0.04
2,9,1,,,,,,,,,0.12
2,9,1,,,,,,,,,0.255
2,9,1,,,,,,,,,0.585
2,10,1,,,,,,,,,1.26
2,10,1,,,,,,,,,2.01
2,10,1,,,,,,,,,2.81
2,10,1,,,,,,,,,3.245
2,11,1,,,,,,,,,3.62
2,11,1,,,,,,,,,3.9625
2,11,1,,,,,,,,,4.33
2,11,1,,,,,,,,,4.68
2,12,1,,,,,,,,,4.975
2,12,1,,,,,,,,,5.21
2,12,1,,,,,,,,,5.4025
2,12,1,,,,,,,,,5.505
2,13,1,,,,,,,,,5.5575
2,13,1,,,,,,,,,5.6175
2,13,1,,,,,,,,,5.7075
2,13,1,,,,,,,,,5.6875
2,14,1,,,,,,,,,5.7025
2,14,1,,,,,,,,,5.5825
2,14,1,,,,,,,,,5.6075
2,14,1,,,,,,,,,5.4825
2,15,1,,,,,,,,,5.34
2,15,1,,,,,,,,,5.105
2,15,1,,,,,,,,,4.9875
2,15,1,,,,,,,,,4.715
2,16,1,,,,,,,,,4.4425
2,16,1,,,,,,,,,4.1575
2,16,1,,,,,,,,,3.835
2,16,1,,,,,,,,,3.51
2,17,1,,,,,,,,,3.135
2,17,1,,,,,,,,,2.7075
2,17,1,,,,,,,,,2.16
2,17,1,,,,,,,,,1.5625
2,18,1,,,,,,,,,1.03
2,18,1,,,,,,,,,0.5725
2,18,1,,,,,,,,,0.28
2,18,1,,,,,,,,,0.1175
2,19,1,,,,,,,,,0.015
2,19,1,,,,,,,,,0.0
2,19,1,,,,,,,,,0.0
2,19,1,,,,,,,,,0.0
2,20,1,,,,,,,,,0.0
2,20,1,,,,,,,,,0.0
2,20,1,,,,,,,,,0.0
2,20,1,,,,,,,,,0.0
2,21,1,,,,,,,,,0.0
2,21,1,,,,,,,,,0.0
2,21,1,,,,,,,,,0.0
2,21,1,,,,,,,,,0.0
2,22,1,,,,,,,,,0.0
2,22,1,,,,,,,,,0.0
2,22,1,,,,,,,,,0.0
2,22,1,,,,,,,,,0.0
2,23,1,,,,,,,,,0.0
2,23,1,,,,,,,,,0.0
2,23,1,,,,,,,,,0.0
2,23,1,,,,,,,,,0.0
2,24,1,,,,,,,,,0.0
2,24,1,,,,,,,,,0.0
2,24,1,,,,,,,,,0.0
2,24,1,,,,,,,,,0.0
2,1,2,,,,,,,,,0.0
2,1,2,,,,,,,,,0.0
2,1,2,,,,,,,,,0.0
2,1,2,,,,,,,,,0.0
2,2,2,,,,,,,,,0.0
2,2,2,,,,,,,,,0.0
2,2,2,,,,,,,,,0.0
2,2,2,,,,,,,,,0.0
2,3,2,,,,,,,,,0.0
2,3,2,,,,,,,,,0.0
2,3,2,,,,,,,,,0.0
2,3,2,,,,,,,,,0.0
2,4,2,,,,,,,,,0.0
2,4,2,,,,,,,,,0.0
2,4,2,,,,,,,,,0.0
2,4,2,,,,,,,,,0.0
2,5,2,,,,,,,,,0.0
2,5,2,,,,,,,,,0.0
2,5,2,,,,,,,,,0.0
2,5,2,,,,,,,,,0.0
2,6,2,,,,,,,,,0.0
2,6,2,,,,,,,,,0.0
2,6,2,,,,,,,,,0.0
2,6,2,,,,,,,,,0.0
2,7,2,,,,,,,,,0.0
2,7,2,,,,,,,,,0.0
2,7,2,,,,,,,,,0.0
2,7,2,,,,,,,,,0.0
2,8,2,,,,,,,,,0.0
2,8,2,,,,,,,,,0.0
2,8,2,,,,,,,,,0.0
2,8,2,,,,,,,,,0.0025
2,9,2,,,,,,,,,0.065
2,9,2,,,,,,,,,0.17
2,9,2,,,,,,,,,0.2775
2,9,2,,,,,,,,,0.3325
2,10,2,,,,,,,,,0.6325
2,10,2,,,,,,,,,1.265
2,10,2,,,,,,,,,2.065
2,10,2,,,,,,,,,3.095
2,11,2,,,,,,,,,3.52
2,11,2,,,,,,,,,3.79
2,11,2,,,,,,,,,4.39
2,11,2,,,,,,,,,4.995
2,12,2,,,,,,,,,5.0425
2,12,2,,,,,,,,,4.2175
2,12,2,,,,,,,,,2.13
2,12,2,,,,,,,,,2.385
2,13,2,,,,,,,,,3.6025
2,13,2,,,,,,,,,5.105
2,13,2,,,,,,,,,4.07
2,13,2,,,,,,,,,3.98
2,14,2,,,,,,,,,4.6975
2,14,2,,,,,,,,,3.7575
2,14,2,,,,,,,,,2.655
2,14,2,,,,,,,,,2.225
2,15,2,,,,,,,,,2.275
2,15,2,,,,,,,,,5.4325
2,15,2,,,,,,,,,3.7925
2,15,2,,,,,,,,,4.4025
2,16,2,,,,,,,,,3.0525
2,16,2,,,,,,,,,2.1375
2,16,2,,,,,,,,,2.055
2,16,2,,,,,,,,,3.29
2,17,2,,,,,,,,,3.2975
2,17,2,,,,,,,,,2.225
2,17,2,,,,,,,,,1.0
2,17,2,,,,,,,,,0.7075
2,18,2,,,,,,,,,0.5425
2,18,2,,,,,,,,,0.2775
2,18,2,,,,,,,,,0.185
2,18,2,,,,,,,,,0.065
2,19,2,,,,,,,,,0.005
2,19,2,,,,,,,,,0.0
2,19,2,,,,,,,,,0.0
2,19,2,,,,,,,,,0.0
2,20,2,,,,,,,,,0.0
2,20,2,,,,,,,,,0.0
2,20,2,,,,,,,,,0.0
2,20,2,,,,,,,,,0.0
2,21,2,,,,,,,,,0.0
2,21,2,,,,,,,,,0.0
2,21,2,,,,,,,,,0.0
2,21,2,,,,,,,,,0.0
2,22,2,,,,,,,,,0.0
2,22,2,,,,,,,,,0.0
2,22,2,,,,,,,,,0.0
2,22,2,,,,,,,,,0.0
2,23,2,,,,,,,,,0.0
2,23,2,,,,,,,,,0.0
2,23,2,,,,,,,,,0.0
2,23,2,,,,,,,,,0.0
2,24,2,,,,,,,,,0.0
2,24,2,,,,,,,,,0.0
2,24,2,,,,,,,,,0.0
2,24,2,,,,,,,,,0.0
2,1,3,,,,,,,,,0.0
2,1,3,,,,,,,,,0.0
2,1,3,,,,,,,,,0.0
2,1,3,,,,,,,,,0.0
2,2,3,,,,,,,,,0.0
2,2,3,,,,,,,,,0.0
2,2,3,,,,,,,,,0.0
2,2,3,,,,,,,,,0.0
2,3,3,,,,,,,,,0.0
2,3,3,,,,,,,,,0.0
2,3,3,,,,,,,,,0.0
2,3,3,,,,,,,,,0.0
2,4,3,,,,,,,,,0.0
2,4,3,,,,,,,,,0.0
2,4,3,,,,,,,,,0.0
2,4,3,,,,,,,,,0.0
2,5,3,,,,,,,,,0.0
2,5,3,,,,,,,,,0.0
2,5,3,,,,,,,,,0.0
2,5,3,,,,,,,,,0.0
2,6,3,,,,,,,,,0.0
2,6,3,,,,,,,,,0.0
2,6,3,,,,,,,,,0.0
2,6,3,,,,,,,,,0.0
2,7,3,,,,,,,,,0.0
2,7,3,,,,,,,,,0.0
2,7,3,,,,,,,,,0.0
2,7,3,,,,,,,,,0.0
2,8,3,,,,,,,,,0.0
2,8,3,,,,,,,,,0.0
2,8,3,,,,,,,,,0.0
2,8,3,,,,,,,,,0.0
2,9,3,,,,,,,,,0.045
2,9,3,,,,,,,,,0.13
2,9,3,,,,,,,,,0.29
2,9,3,,,,,,,,,0.71
2,10,3,,,,,,,,,1.4025
2,10,3,,,,,,,,,2.075
2,10,3,,,,,,,,,2.77
2,10,3,,,,,,,,,3.26
2,11,3,,,,,,,,,3.5975
2,11,3,,,,,,,,,4.05
2,11,3,,,,,,,,,4.385
2,11,3,,,,,,,,,4.825
2,12,3,,,,,,,,,5.1275
2,12,3,,,,,,,,,5.31
2,12,3,,,,,,,,,5.43
2,12,3,,,,,,,,,5.6
2,13,3,,,,,,,,,5.75
2,13,3,,,,,,,,,5.815
2,13,3,,,,,,,,,5.85
2,13,3,,,,,,,,,5.8175
2,14,3,,,,,,,,,5.8
2,14,3,,,,,,,,,5.705
2,14,3,,,,,,,,,5.61
2,14,3,,,,,,,,,5.4875
2,15,3,,,,,,,,,5.3425
2,15,3,,,,,,,,,5.115
2,15,3,,,,,,,,,4.91
2,15,3,,,,,,,,,4.6775
2,16,3,,,,,,,,,4.3775
2,16,3,,,,,,,,,4.12
2,16,3,,,,,,,,,3.945
2,16,3,,,,,,,,,3.7375
2,17,3,,,,,,,,,3.3175
2,17,3,,,,,,,,,2.785
2,17,3,,,,,,,,,2.1875
2,17,3,,,,,,,,,1.69
2,18,3,,,,,,,,,1.135
2,18,3,,,,,,,,,0.6625
2,18,3,,,,,,,,,0.24
2,18,3,,,,,,,,,0.065
2,19,3,,,,,,,,,0.01
2,19,3,,,,,,,,,0.0
2,19,3,,,,,,,,,0.0
2,19,3,,,,,,,,,0.0
2,20,3,,,,,,,,,0.0
2,20,3,,,,,,,,,0.0
2,20,3,,,,,,,,,0.0
2,20,3,,,,,,,,,0.0
2,21,3,,,,,,,,,0.0
2,21,3,,,,,,,,,0.0
2,21,3,,,,,,,,,0.0
2,21,3,,,,,,,,,0.0
2,22,3,,,,,,,,,0.0
2,22,3,,,,,,,,,0.0
2,22,3,,,,,,,,,0.0
2,22,3,,,,,,,,,0.0
2,23,3,,,,,,,,,0.0
2,23,3,,,,,,,,,0.0
2,23,3,,,,,,,,,0.0
2,23,3,,,,,,,,,0.0
2,24,3,,,,,,,,,0.0
2,24,3,,,,,,,,,0.0
2,24,3,,,,,,,,,0.0
2,24,3,,,,,,,,,0.0
2,1,4,,,,,,,,,0.0
2,1,4,,,,,,,,,0.0
2,1,4,,,,,,,,,0.0
2,1,4,,,,,,,,,0.0
2,2,4,,,,,,,,,0.0
2,2,4,,,,,,,,,0.0
2,2,4,,,,,,,,,0.0
2,2,4,,,,,,,,,0.0
2,3,4,,,,,,,,,0.0
2,3,4,,,,,,,,,0.0
2,3,4,,,,,,,,,0.0
2,3,4,,,,,,,,,0.0
2,4,4,,,,,,,,,0.0
2,4,4,,,,,,,,,0.0
2,4,4,,,,,,,,,0.0
2,4,4,,,,,,,,,0.0
2,5,4,,,,,,,,,0.0
2,5,4,,,,,,,,,0.0
2,5,4,,,,,,,,,0.0
2,5,4,,,,,,,,,0.0
2,6,4,,,,,,,,,0.0
2,6,4,,,,,,,,,0.0
2,6,4,,,,,,,,,0.0
2,6,4,,,,,,,,,0.0
2,7,4,,,,,,,,,0.0
2,7,4,,,,,,,,,0.0
2,7,4,,,,,,,,,0.0
2,7,4,,,,,,,,,0.0
2,8,4,,,,,,,,,0.0
2,8,4,,,,,,,,,0.0
2,8,4,,,,,,,,,0.0
2,8,4,,,,,,,,,0.0
2,9,4,,,,,,,,,0.0625
2,9,4,,,,,,,,,0.185
2,9,4,,,,,,,,,0.31
2,9,4,,,,,,,,,0.43
2,10,4,,,,,,,,,0.6675
2,10,4,,,,,,,,,0.9625
2,10,4,,,,,,,,,1.14
2,10,4,,,,,,,,,1.59
2,11,4,,,,,,,,,1.995
2,11,4,,,,,,,,,1.8825
2,11,4,,,,,,,,,2.08
2,11,4,,,,,,,,,2.765
2,12,4,,,,,,,,,3.1875
2,12,4,,,,,,,,,3.74
2,12,4,,,,,,,,,3.24
2,12,4,,,,,,,,,3.3975
2,13,4,,,,,,,,,4.2825
2,13,4,,,,,,,,,4.565
2,13,4,,,,,,,,,4.31
2,13,4,,,,,,,,,4.4675
2,14,4,,,,,,,,,4.8
2,14,4,,,,,,,,,4.845
2,14,4,,,,,,,,,4.765
2,14,4,,,,,,,,,4.6775
2,15,4,,,,,,,,,4.7425
2,15,4,,,,,,,,,4.5825
2,15,4,,,,,,,,,2.875
2,15,4,,,,,,,,,2.035
2,16,4,,,,,,,,,1.79
2,16,4,,,,,,,,,1.8125
2,16,4,,,,,,,,,2.0825
2,16,4,,,,,,,,,3.2
2,17,4,,,,,,,,,3.0375
2,17,4,,,,,,,,,2.12
2,17,4,,,,,,,,,0.9925
2,17,4,,,,,,,,,0.8075
2,18,4,,,,,,,,,0.5575
2,18,4,,,,,,,,,0.275
2,18,4,,,,,,,,,0.145
2,18,4,,,,,,,,,0.045
2,19,4,,,,,,,,,0.0075
2,19,4,,,,,,,,,0.0
2,19,4,,,,,,,,,0.0
2,19,4,,,,,,,,,0.0
2,20,4,,,,,,,,,0.0
2,20,4,,,,,,,,,0.0
2,20,4,,,,,,,,,0.0
2,20,4,,,,,,,,,0.0
2,21,4,,,,,,,,,0.0
2,21,4,,,,,,,,,0.0
2,21,4,,,,,,,,,0.0
2,21,4,,,,,,,,,0.0
2,22,4,,,,,,,,,0.0
2,22,4,,,,,,,,,0.0
2,22,4,,,,,,,,,0.0
2,22,4,,,,,,,,,0.0
2,23,4,,,,,,,,,0.0
2,23,4,,,,,,,,,0.0
2,23,4,,,,,,,,,0.0
2,23,4,,,,,,,,,0.0
2,24,4,,,,,,,,,0.0
2,24,4,,,,,,,,,0.0
2,24,4,,,,,,,,,0.0
2,24,4,,,,,,,,,0.0
2,1,5,,,,,,,,,0.0
2,1,5,,,,,,,,,0.0
2,1,5,,,,,,,,,0.0
2,1,5,,,,,,,,,0.0
2,2,5,,,,,,,,,0.0
2,2,5,,,,,,,,,0.0
2,2,5,,,,,,,,,0.0
2,2,5,,,,,,,,,0.0
2,3,5,,,,,,,,,0.0
2,3,5,,,,,,,,,0.0
2,3,5,,,,,,,,,0.0
2,3,5,,,,,,,,,0.0
2,4,5,,,,,,,,,0.0
2,4,5,,,,,,,,,0.0
2,4,5,,,,,,,,,0.0
2,4,5,,,,,,,,,0.0
2,5,5,,,,,,,,,0.0
2,5,5,,,,,,,,,0.0
2,5,5,,,,,,,,,0.0
2,5,5,,,,,,,,,0.0
2,6,5,,,,,,,,,0.0
2,6,5,,,,,,,,,0.0
2,6,5,,,,,,,,,0.0
2,6,5,,,,,,,,,0.0
2,7,5,,,,,,,,,0.0
2,7,5,,,,,,,,,0.0
2,7,5,,,,,,,,,0.0
2,7,5,,,,,,,,,0.0
2,8,5,,,,,,,,,0.0
2,8,5,,,,,,,,,0.0
2,8,5,,,,,,,,,0.0
2,8,5,,,,,,,,,0.0
2,9,5,,,,,,,,,0.0
2,9,5,,,,,,,,,0.0425
2,9,5,,,,,,,,,0.12
2,9,5,,,,,,,,,0.26
2,10,5,,,,,,,,,0.2275
2,10,5,,,,,,,,,0.5225
2,10,5,,,,,,,,,0.97
2,10,5,,,,,,,,,0.725
2,11,5,,,,,,,,,1.105
2,11,5,,,,,,,,,1.25
2,11,5,,,,,,,,,3.95
2,11,5,,,,,,,,,2.9975
2,12,5,,,,,,,,,4.6925
2,12,5,,,,,,,,,4.4
2,12,5,,,,,,,,,2.2025
2,12,5,,,,,,,,,3.095
2,13,5,,,,,,,,,1.335
2,13,5,,,,,,,,,2.88
2,13,5,,,,,,,,,4.4725
2,13,5,,,,,,,,,3.9375
2,14,5,,,,,,,,,6.0
2,14,5,,,,,,,,,5.7175
2,14,5,,,,,,,,,2.895
2,14,5,,,,,,,,,3.5625
2,15,5,,,,,,,,,1.475
2,15,5,,,,,,,,,1.055
2,15,5,,,,,,,,,3.44
2,15,5,,,,,,,,,4.905
2,16,5,,,,,,,,,4.88
2,16,5,,,,,,,,,1.955
2,16,5,,,,,,,,,4.2
2,16,5,,,,,,,,,3.7525
2,17,5,,,,,,,,,3.42
2,17,5,,,,,,,,,2.825
2,17,5,,,,,,,,,1.6175
2,17,5,,,,,,,,,1.435
2,18,5,,,,,,,,,1.1075
2,18,5,,,,,,,,,0.35
2,18,5,,,,,,,,,0.15
2,18,5,,,,,,,,,0.04
2,19,5,,,,,,,,,0.005
2,19,5,,,,,,,,,0.0
2,19,5,,,,,,,,,0.0
2,19,5,,,,,,,,,0.0
2,20,5,,,,,,,,,0.0
2,20,5,,,,,,,,,0.0
2,20,5,,,,,,,,,0.0
2,20,5,,,,,,,,,0.0
2,21,5,,,,,,,,,0.0
2,21,5,,,,,,,,,0.0
2,21,5,,,,,,,,,0.0
2,21,5,,,,,,,,,0.0
2,22,5,,,,,,,,,0.0
2,22,5,,,,,,,,,0.0
2,22,5,,,,,,,,,0.0
2,22,5,,,,,,,,,0.0
2,23,5,,,,,,,,,0.0
2,23,5,,,,,,,,,0.0
2,23,5,,,,,,,,,0.0
2,23,5,,,,,,,,,0.0
2,24,5,,,,,,,,,0.0
2,24,5,,,,,,,,,0.0
2,24,5,,,,,,,,,0.0
2,24,5,,,,,,,,,0.0
2,1,6,,,,,,,,,0.0
2,1,6,,,,,,,,,0.0
2,1,6,,,,,,,,,0.0
2,1,6,,,,,,,,,0.0
2,2,6,,,,,,,,,0.0
2,2,6,,,,,,,,,0.0
2,2,6,,,,,,,,,0.0
2,2,6,,,,,,,,,0.0
2,3,6,,,,,,,,,0.0
2,3,6,,,,,,,,,0.0
2,3,6,,,,,,,,,0.0
2,3,6,,,,,,,,,0.0
2,4,6,,,,,,,,,0.0
2,4,6,,,,,,,,,0.0
2,4,6,,,,,,,,,0.0
2,4,6,,,,,,,,,0.0
2,5,6,,,,,,,,,0.0
2,5,6,,,,,,,,,0.0
2,5,6,,,,,,,,,0.0
2,5,6,,,,,,,,,0.0
2,6,6,,,,,,,,,0.0
2,6,6,,,,,,,,,0.0
2,6,6,,,,,,,,,0.0
2,6,6,,,,,,,,,0.0
2,7,6,,,,,,,,,0.0
2,7,6,,,,,,,,,0.0
2,7,6,,,,,,,,,0.0
2,7,6,,,,,,,,,0.0
2,8,6,,,,,,,,,0.0
2,8,6,,,,,,,,,0.0
2,8,6,,,,,,,,,0.0
2,8,6,,,,,,,,,0.0025
2,9,6,,,,,,,,,0.0625
2,9,6,,,,,,,,,0.1425
2,9,6,,,,,,,,,0.395
2,9,6,,,,,,,,,0.9675
2,10,6,,,,,,,,,1.9775
2,10,6,,,,,,,,,2.105
2,10,6,,,,,,,,,3.06
2,10,6,,,,,,,,,3.385
2,11,6,,,,,,,,,3.7075
2,11,6,,,,,,,,,4.205
2,11,6,,,,,,,,,3.9725
2,11,6,,,,,,,,,4.765
2,12,6,,,,,,,,,4.7375
2,12,6,,,,,,,,,4.89
2,12,6,,,,,,,,,3.755
2,12,6,,,,,,,,,5.37
2,13,6,,,,,,,,,3.8075
2,13,6,,,,,,,,,2.855
2,13,6,,,,,,,,,2.83
2,13,6,,,,,,,,,2.42
2,14,6,,,,,,,,,1.85
2,14,6,,,,,,,,,2.5
2,14,6,,,,,,,,,2.7075
2,14,6,,,,,,,,,2.355
2,15,6,,,,,,,,,2.005
2,15,6,,,,,,,,,1.865
2,15,6,,,,,,,,,1.7475
2,15,6,,,,,,,,,1.725
2,16,6,,,,,,,,,1.455
2,16,6,,,,,,,,,0.9325
2,16,6,,,,,,,,,0.8175
2,16,6,,,,,,,,,0.73
2,17,6,,,,,,,,,0.67
2,17,6,,,,,,,,,0.7
2,17,6,,,,,,,,,0.9
2,17,6,,,,,,,,,0.45
2,18,6,,,,,,,,,0.2325
2,18,6,,,,,,,,,0.1125
2,18,6,,,,,,,,,0.055
2,18,6,,,,,,,,,0.02
2,19,6,,,,,,,,,0.0
2,19,6,,,,,,,,,0.0
2,19,6,,,,,,,,,0.0
2,19,6,,,,,,,,,0.0
2,20,6,,,,,,,,,0.0
2,20,6,,,,,,,,,0.0
2,20,6,,,,,,,,,0.0
2,20,6,,,,,,,,,0.0
2,21,6,,,,,,,,,0.0
2,21,6,,,,,,,,,0.0
2,21,6,,,,,,,,,0.0
2,21,6,,,,,,,,,0.0
2,22,6,,,,,,,,,0.0
2,22,6,,,,,,,,,0.0
2,22,6,,,,,,,,,0.0
2,22,6,,,,,,,,,0.0
2,23,6,,,,,,,,,0.0
2,23,6,,,,,,,,,0.0
2,23,6,,,,,,,,,0.0
2,23,6,,,,,,,,,0.0
2,24,6,,,,,,,,,0.0
2,24,6,,,,,,,,,0.0
2,24,6,,,,,,,,,0.0
2,24,6,,,,,,,,,0.0
2,1,7,,,,,,,,,0.0
2,1,7,,,,,,,,,0.0
2,1,7,,,,,,,,,0.0
2,1,7,,,,,,,,,0.0
2,2,7,,,,,,,,,0.0
2,2,7,,,,,,,,,0.0
2,2,7,,,,,,,,,0.0
2,2,7,,,,,,,,,0.0
2,3,7,,,,,,,,,0.0
2,3,7,,,,,,,,,0.0
2,3,7,,,,,,,,,0.0
2,3,7,,,,,,,,,0.0
2,4,7,,,,,,,,,0.0
2,4,7,,,,,,,,,0.0
2,4,7,,,,,,,,,0.0
2,4,7,,,,,,,,,0.0
2,5,7,,,,,,,,,0.0
2,5,7,,,,,,,,,0.0
2,5,7,,,,,,,,,0.0
2,5,7,,,,,,,,,0.0
2,6,7,,,,,,,,,0.0
2,6,7,,,,,,,,,0.0
2,6,7,,,,,,,,,0.0
2,6,7,,,,,,,,,0.0
2,7,7,,,,,,,,,0.0
2,7,7,,,,,,,,,0.0
2,7,7,,,,,,,,,0.0
2,7,7,,,,,,,,,0.0
2,8,7,,,,,,,,,0.0
2,8,7,,,,,,,,,0.0
2,8,7,,,,,,,,,0.0
2,8,7,,,,,,,,,0.0
2,9,7,,,,,,,,,0.0
2,9,7,,,,,,,,,0.0
2,9,7,,,,,,,,,0.0025
2,9,7,,,,,,,,,0.04
2,10,7,,,,,,,,,0.0675
2,10,7,,,,,,,,,0.0925
2,10,7,,,,,,,,,0.095
2,10,7,,,,,,,,,0.11
2,11,7,,,,,,,,,0.11
2,11,7,,,,,,,,,0.085
2,11,7,,,,,,,,,0.07
2,11,7,,,,,,,,,0.075
2,12,7,,,,,,,,,0.0775
2,12,7,,,,,,,,,0.09
2,12,7,,,,,,,,,0.1375
2,12,7,,,,,,,,,0.2
2,13,7,,,,,,,,,0.1625
2,13,7,,,,,,,,,0.1175
2,13,7,,,,,,,,,0.11
2,13,7,,,,,,,,,0.095
2,14,7,,,,,,,,,0.1325
2,14,7,,,,,,,,,0.1475
2,14,7,,,,,,,,,0.22
2,14,7,,,,,,,,,0.16
2,15,7,,,,,,,,,0.695
2,15,7,,,,,,,,,1.865
2,15,7,,,,,,,,,1.085
2,15,7,,,,,,,,,0.835
2,16,7,,,,,,,,,0.76
2,16,7,,,,,,,,,0.51
2,16,7,,,,,,,,,0.35
2,16,7,,,,,,,,,0.365
2,17,7,,,,,,,,,0.46
2,17,7,,,,,,,,,0.455
2,17,7,,,,,,,,,0.355
2,17,7,,,,,,,,,0.4025
2,18,7,,,,,,,,,0.34
2,18,7,,,,,,,,,0.23
2,18,7,,,,,,,,,0.1275
2,18,7,,,,,,,,,0.0325
2,19,7,,,,,,,,,0.005
2,19,7,,,,,,,,,0.0
2,19,7,,,,,,,,,0.0
2,19,7,,,,,,,,,0.0
2,20,7,,,,,,,,,0.0
2,20,7,,,,,,,,,0.0
2,20,7,,,,,,,,,0.0
2,20,7,,,,,,,,,0.0
2,21,7,,,,,,,,,0.0
2,21,7,,,,,,,,,0.0
2,21,7,,,,,,,,,0.0
2,21,7,,,,,,,,,0.0
2,22,7,,,,,,,,,0.0
2,22,7,,,,,,,,,0.0
2,22,7,,,,,,,,,0.0
2,22,7,,,,,,,,,0.0
2,23,7,,,,,,,,,0.0
2,23,7,,,,,,,,,0.0
2,23,7,,,,,,,,,0.0
2,23,7,,,,,,,,,0.0
2,24,7,,,,,,,,,0.0
2,24,7,,,,,,,,,0.0
2,24,7,,,,,,,,,0.0
2,24,7,,,,,,,,,0.0
2,1,1,,,,,,,,,0.0
2,1,1,,,,,,,,,0.0
2,1,1,,,,,,,,,0.0
2,1,1,,,,,,,,,0.0
2,2,1,,,,,,,,,0.0
2,2,1,,,,,,,,,0.0
2,2,1,,,,,,,,,0.0
2,2,1,,,,,,,,,0.0
2,3,1,,,,,,,,,0.0
2,3,1,,,,,,,,,0.0
2,3,1,,,,,,,,,0.0
2,3,1,,,,,,,,,0.0
2,4,1,,,,,,,,,0.0
2,4,1,,,,,,,,,0.0
2,4,1,,,,,,,,,0.0
2,4,1,,,,,,,,,0.0
2,5,1,,,,,,,,,0.0
2,5,1,,,,,,,,,0.0
2,5,1,,,,,,,,,0.0
2,5,1,,,,,,,,,0.0
2,6,1,,,,,,,,,0.0
2,6,1,,,,,,,,,0.0
2,6,1,,,,,,,,,0.0
2,6,1,,,,,,,,,0.0
2,7,1,,,,,,,,,0.0
2,7,1,,,,,,,,,0.0
2,7,1,,,,,,,,,0.0
2,7,1,,,,,,,,,0.0
2,8,1,,,,,,,,,0.0
2,8,1,,,,,,,,,0.0
2,8,1,,,,,,,,,0.0
2,8,1,,,,,,,,,0.0
2,9,1,,,,,,,,,0.0
2,9,1,,,,,,,,,0.0
2,9,1,,,,,,,,,0.035
2,9,1,,,,,,,,,0.06
2,10,1,,,,,,,,,0.0925
2,10,1,,,,,,,,,0.1475
2,10,1,,,,,,,,,0.2425
2,10,1,,,,,,,,,1.0375
2,11,1,,,,,,,,,0.82
2,11,1,,,,,,,,,1.1275
2,11,1,,,,,,,,,1.2925
2,11,1,,,,,,,,,1.2425
2,12,1,,,,,,,,,1.13
2,12,1,,,,,,,,,1.2025
2,12,1,,,,,,,,,1.905
2,12,1,,,,,,,,,3.4525
2,13,1,,,,,,,,,2.0575
2,13,1,,,,,,,,,2.9625
2,13,1,,,,,,,,,1.885
2,13,1,,,,,,,,,1.43
2,14,1,,,,,,,,,1.0525
2,14,1,,,,,,,,,1.225
2,14,1,,,,,,,,,1.4425
2,14,1,,,,,,,,,1.8475
2,15,1,,,,,,,,,3.8975
2,15,1,,,,,,,,,5.63
2,15,1,,,,,,,,,4.19
2,15,1,,,,,,,,,3.56
2,16,1,,,,,,,,,2.56
2,16,1,,,,,,,,,2.2725
2,16,1,,,,,,,,,2.215
2,16,1,,,,,,,,,2.36
2,17,1,,,,,,,,,1.6225
2,17,1,,,,,,,,,1.275
2,17,1,,,,,,,,,0.8475
2,17,1,,,,,,,,,0.77
2,18,1,,,,,,,,,0.55
2,18,1,,,,,,,,,0.535
2,18,1,,,,,,,,,0.2275
2,18,1,,,,,,,,,0.0675
2,19,1,,,,,,,,,0.015
2,19,1,,,,,,,,,0.0
2,19,1,,,,,,,,,0.0
2,19,1,,,,,,,,,0.0
2,20,1,,,,,,,,,0.0
2,20,1,,,,,,,,,0.0
2,20,1,,,,,,,,,0.0
2,20,1,,,,,,,,,0.0
2,21,1,,,,,,,,,0.0
2,21,1,,,,,,,,,0.0
2,21,1,,,,,,,,,0.0
2,21,1,,,,,,,,,0.0
2,22,1,,,,,,,,,0.0
2,22,1,,,,,,,,,0.0
2,22,1,,,,,,,,,0.0
2,22,1,,,,,,,,,0.0
2,23,1,,,,,,,,,0.0
2,23,1,,,,,,,,,0.0
2,23,1,,,,,,,,,0.0
2,23,1,,,,,,,,,0.0
2,24,1,,,,,,,,,0.0
2,24,1,,,,,,,,,0.0
2,24,1,,,,,,,,,0.0
2,24,1,,,,,,,,,0.0
2,1,2,,,,,,,,,0.0
2,1,2,,,,,,,,,0.0
2,1,2,,,,,,,,,0.0
2,1,2,,,,,,,,,0.0
2,2,2,,,,,,,,,0.0
2,2,2,,,,,,,,,0.0
2,2,2,,,,,,,,,0.0
2,2,2,,,,,,,,,0.0
2,3,2,,,,,,,,,0.0
2,3,2,,,,,,,,,0.0
2,3,2,,,,,,,,,0.0
2,3,2,,,,,,,,,0.0
2,4,2,,,,,,,,,0.0
2,4,2,,,,,,,,,0.0
2,4,2,,,,,,,,,0.0
2,4,2,,,,,,,,,0.0
2,5,2,,,,,,,,,0.0
2,5,2,,,,,,,,,0.0
2,5,2,,,,,,,,,0.0
2,5,2,,,,,,,,,0.0
2,6,2,,,,,,,,,0.0
2,6,2,,,,,,,,,0.0
2,6,2,,,,,,,,,0.0
2,6,2,,,,,,,,,0.0
2,7,2,,,,,,,,,0.0
2,7,2,,,,,,,,,0.0
2,7,2,,,,,,,,,0.0
2,7,2,,,,,,,,,0.0
2,8,2,,,,,,,,,0.0
2,8,2,,,,,,,,,0.0
2,8,2,,,,,,,,,0.0
2,8,2,,,,,,,,,0.02
2,9,2,,,,,,,,,0.11
2,9,2,,,,,,,,,0.2325
2,9,2,,,,,,,,,0.35
2,9,2,,,,,,,,,0.415
2,10,2,,,,,,,,,0.3575
2,10,2,,,,,,,,,0.41
2,10,2,,,,,,,,,0.45
2,10,2,,,,,,,,,0.3075
2,11,2,,,,,,,,,0.785
2,11,2,,,,,,,,,0.8875
2,11,2,,,,,,,,,0.7325
2,11,2,,,,,,,,,0.71
2,12,2,,,,,,,,,0.64
2,12,2,,,,,,,,,0.875
2,12,2,,,,,,,,,0.755
2,12,2,,,,,,,,,1.0575
2,13,2,,,,,,,,,1.2275
2,13,2,,,,,,,,,1.1025
2,13,2,,,,,,,,,1.615
2,13,2,,,,,,,,,2.8125
2,14,2,,,,,,,,,1.705
2,14,2,,,,,,,,,1.34
2,14,2,,,,,,,,,1.13
2,14,2,,,,,,,,,0.81
2,15,2,,,,,,,,,0.725
2,15,2,,,,,,,,,1.0275
2,15,2,,,,,,,,,1.0825
2,15,2,,,,,,,,,1.2275
2,16,2,,,,,,,,,1.03
2,16,2,,,,,,,,,1.13
2,16,2,,,,,,,,,1.4525
2,16,2,,,,,,,,,1.1725
2,17,2,,,,,,,,,0.9825
2,17,2,,,,,,,,,1.095
2,17,2,,,,,,,,,1.2275
2,17,2,,,,,,,,,0.405
2,18,2,,,,,,,,,0.18
2,18,2,,,,,,,,,0.1875
2,18,2,,,,,,,,,0.0275
2,18,2,,,,,,,,,0.0225
2,19,2,,,,,,,,,0.0425
2,19,2,,,,,,,,,0.0025
2,19,2,,,,,,,,,0.0
2,19,2,,,,,,,,,0.0
2,20,2,,,,,,,,,0.0
2,20,2,,,,,,,,,0.0
2,20,2,,,,,,,,,0.0
2,20,2,,,,,,,,,0.0
2,21,2,,,,,,,,,0.0
2,21,2,,,,,,,,,0.0
2,21,2,,,,,,,,,0.0
2,21,2,,,,,,,,,0.0
2,22,2,,,,,,,,,0.0
2,22,2,,,,,,,,,0.0
2,22,2,,,,,,,,,0.0
2,22,2,,,,,,,,,0.0
2,23,2,,,,,,,,,0.0
2,23,2,,,,,,,,,0.0
2,23,2,,,,,,,,,0.0
2,23,2,,,,,,,,,0.0
2,24,2,,,,,,,,,0.0
2,24,2,,,,,,,,,0.0
2,24,2,,,,,,,,,0.0
2,24,2,,,,,,,,,0.0
2,1,3,,,,,,,,,0.0
2,1,3,,,,,,,,,0.0
2,1,3,,,,,,,,,0.0
2,1,3,,,,,,,,,0.0
2,2,3,,,,,,,,,0.0
2,2,3,,,,,,,,,0.0
2,2,3,,,,,,,,,0.0
2,2,3,,,,,,,,,0.0
2,3,3,,,,,,,,,0.0
2,3,3,,,,,,,,,0.0
2,3,3,,,,,,,,,0.0
2,3,3,,,,,,,,,0.0
2,4,3,,,,,,,,,0.0
2,4,3,,,,,,,,,0.0
2,4,3,,,,,,,,,0.0
2,4,3,,,,,,,,,0.0
2,5,3,,,,,,,,,0.0
2,5,3,,,,,,,,,0.0
2,5,3,,,,,,,,,0.0
2,5,3,,,,,,,,,0.0
2,6,3,,,,,,,,,0.0
2,6,3,,,,,,,,,0.0
2,6,3,,,,,,,,,0.0
2,6,3,,,,,,,,,0.0
2,7,3,,,,,,,,,0.0
2,7,3,,,,,,,,,0.0
2,7,3,,,,,,,,,0.0
2,7,3,,,,,,,,,0.0
2,8,3,,,,,,,,,0.0
2,8,3,,,,,,,,,0.0
2,8,3,,,,,,,,,0.0
2,8,3,,,,,,,,,0.0
2,9,3,,,,,,,,,0.12
2,9,3,,,,,,,,,0.265
2,9,3,,,,,,,,,0.6325
2,9,3,,,,,,,,,0.57
2,10,3,,,,,,,,,0.585
2,10,3,,,,,,,,,1.3
2,10,3,,,,,,,,,1.14
2,10,3,,,,,,,,,3.5075
2,11,3,,,,,,,,,3.7825
2,11,3,,,,,,,,,4.1425
2,11,3,,,,,,,,,4.5125
2,11,3,,,,,,,,,4.895
2,12,3,,,,,,,,,5.21
2,12,3,,,,,,,,,5.395
2,12,3,,,,,,,,,5.57
2,12,3,,,,,,,,,5.71
2,13,3,,,,,,,,,5.82
2,13,3,,,,,,,,,5.9175
2,13,3,,,,,,,,,4.21
2,13,3,,,,,,,,,4.7975
2,14,3,,,,,,,,,5.34
2,14,3,,,,,,,,,4.1375
2,14,3,,,,,,,,,5.0075
2,14,3,,,,,,,,,5.3625
2,15,3,,,,,,,,,4.48
2,15,3,,,,,,,,,4.1175
2,15,3,,,,,,,,,2.3825
2,15,3,,,,,,,,,2.39
2,16,3,,,,,,,,,2.475
2,16,3,,,,,,,,,1.4875
2,16,3,,,,,,,,,1.0675
2,16,3,,,,,,,,,1.08
2,17,3,,,,,,,,,1.005
2,17,3,,,,,,,,,0.83
2,17,3,,,,,,,,,0.595
2,17,3,,,,,,,,,0.5425
2,18,3,,,,,,,,,0.405
2,18,3,,,,,,,,,0.295
2,18,3,,,,,,,,,0.18
2,18,3,,,,,,,,,0.13
2,19,3,,,,,,,,,0.04
2,19,3,,,,,,,,,0.0
2,19,3,,,,,,,,,0.0
2,19,3,,,,,,,,,0.0
2,20,3,,,,,,,,,0.0
2,20,3,,,,,,,,,0.0
2,20,3,,,,,,,,,0.0
2,20,3,,,,,,,,,0.0
2,21,3,,,,,,,,,0.0
2,21,3,,,,,,,,,0.0
2,21,3,,,,,,,,,0.0
2,21,3,,,,,,,,,0.0
2,22,3,,,,,,,,,0.0
2,22,3,,,,,,,,,0.0
2,22,3,,,,,,,,,0.0
2,22,3,,,,,,,,,0.0
2,23,3,,,,,,,,,0.0
2,23,3,,,,,,,,,0.0
2,23,3,,,,,,,,,0.0
2,23,3,,,,,,,,,0.0
2,24,3,,,,,,,,,0.0
2,24,3,,,,,,,,,0.0
2,24,3,,,,,,,,,0.0
2,24,3,,,,,,,,,0.0
2,1,4,,,,,,,,,0.0
2,1,4,,,,,,,,,0.0
2,1,4,,,,,,,,,0.0
2,1,4,,,,,,,,,0.0
2,2,4,,,,,,,,,0.0
2,2,4,,,,,,,,,0.0
2,2,4,,,,,,,,,0.0
2,2,4,,,,,,,,,0.0
2,3,4,,,,,,,,,0.0
2,3,4,,,,,,,,,0.0
2,3,4,,,,,,,,,0.0
2,3,4,,,,,,,,,0.0
2,4,4,,,,,,,,,0.0
2,4,4,,,,,,,,,0.0
2,4,4,,,,,,,,,0.0
2,4,4,,,,,,,,,0.0
2,5,4,,,,,,,,,0.0
2,5,4,,,,,,,,,0.0
2,5,4,,,,,,,,,0.0
2,5,4,,,,,,,,,0.0
2,6,4,,,,,,,,,0.0
2,6,4,,,,,,,,,0.0
2,6,4,,,,,,,,,0.0
2,6,4,,,,,,,,,0.0
2,7,4,,,,,,,,,0.0
2,7,4,,,,,,,,,0.0
2,7,4,,,,,,,,,0.0
2,7,4,,,,,,,,,0.0
2,8,4,,,,,,,,,0.0
2,8,4,,,,,,,,,0.0
2,8,4,,,,,,,,,0.0
2,8,4,,,,,,,,,0.0
2,9,4,,,,,,,,,0.0425
2,9,4,,,,,,,,,0.06
2,9,4,,,,,,,,,0.1575
2,9,4,,,,,,,,,0.38
2,10,4,,,,,,,,,0.5375
2,10,4,,,,,,,,,0.5
2,10,4,,,,,,,,,0.4525
2,10,4,,,,,,,,,0.64
2,11,4,,,,,,,,,0.715
2,11,4,,,,,,,,,0.83
2,11,4,,,,,,,,,1.155
2,11,4,,,,,,,,,1.225
2,12,4,,,,,,,,,1.59
2,12,4,,,,,,,,,2.28
2,12,4,,,,,,,,,1.98
2,12,4,,,,,,,,,1.7275
2,13,4,,,,,,,,,1.885
2,13,4,,,,,,,,,1.9675
2,13,4,,,,,,,,,2.15
2,13,4,,,,,,,,,2.235
2,14,4,,,,,,,,,1.45
2,14,4,,,,,,,,,1.675
2,14,4,,,,,,,,,2.3725
2,14,4,,,,,,,,,3.62
2,15,4,,,,,,,,,2.0775
2,15,4,,,,,,,,,1.645
2,15,4,,,,,,,,,1.415
2,15,4,,,,,,,,,1.6575
2,16,4,,,,,,,,,1.93
2,16,4,,,,,,,,,2.95
2,16,4,,,,,,,,,1.075
2,16,4,,,,,,,,,0.715
2,17,4,,,,,,,,,0.72
2,17,4,,,,,,,,,0.8975
2,17,4,,,,,,,,,0.485
2,17,4,,,,,,,,,0.315
2,18,4,,,,,,,,,0.26
2,18,4,,,,,,,,,0.19
2,18,4,,,,,,,,,0.12
2,18,4,,,,,,,,,0.095
2,19,4,,,,,,,,,0.045
2,19,4,,,,,,,,,0.0025
2,19,4,,,,,,,,,0.0
2,19,4,,,,,,,,,0.0
2,20,4,,,,,,,,,0.0
2,20,4,,,,,,,,,0.0
2,20,4,,,,,,,,,0.0
2,20,4,,,,,,,,,0.0
2,21,4,,,,,,,,,0.0
2,21,4,,,,,,,,,0.0
2,21,4,,,,,,,,,0.0
2,21,4,,,,,,,,,0.0
2,22,4,,,,,,,,,0.0
2,22,4,,,,,,,,,0.0
2,22,4,,,,,,,,,0.0
2,22,4,,,,,,,,,0.0
2,23,4,,,,,,,,,0.0
2,23,4,,,,,,,,,0.0
2,23,4,,,,,,,,,0.0
2,23,4,,,,,,,,,0.0
2,24,4,,,,,,,,,0.0
2,24,4,,,,,,,,,0.0
2,24,4,,,,,,,,,0.0
2,24,4,,,,,,,,,0.0
2,1,5,,,,,,,,,0.0
2,1,5,,,,,,,,,0.0
2,1,5,,,,,,,,,0.0
2,1,5,,,,,,,,,0.0
2,2,5,,,,,,,,,0.0
2,2,5,,,,,,,,,0.0
2,2,5,,,,,,,,,0.0
2,2,5,,,,,,,,,0.0
2,3,5,,,,,,,,,0.0
2,3,5,,,,,,,,,0.0
2,3,5,,,,,,,,,0.0
2,3,5,,,,,,,,,0.0
2,4,5,,,,,,,,,0.0
2,4,5,,,,,,,,,0.0
2,4,5,,,,,,,,,0.0
2,4,5,,,,,,,,,0.0
2,5,5,,,,,,,,,0.0
2,5,5,,,,,,,,,0.0
2,5,5,,,,,,,,,0.0
2,5,5,,,,,,,,,0.0
2,6,5,,,,,,,,,0.0
2,6,5,,,,,,,,,0.0
2,6,5,,,,,,,,,0.0
2,6,5,,,,,,,,,0.0
2,7,5,,,,,,,,,0.0
2,7,5,,,,,,,,,0.0
2,7,5,,,,,,,,,0.0
2,7,5,,,,,,,,,0.0
2,8,5,,,,,,,,,0.0
2,8,5,,,,,,,,,0.0
2,8,5,,,,,,,,,0.0
2,8,5,,,,,,,,,0.005
2,9,5,,,,,,,,,0.095
2,9,5,,,,,,,,,0.155
2,9,5,,,,,,,,,0.28
2,9,5,,,,,,,,,0.2425
2,10,5,,,,,,,,,0.4
2,10,5,,,,,,,,,0.8225
2,10,5,,,,,,,,,0.5875
2,10,5,,,,,,,,,0.9225
2,11,5,,,,,,,,,1.4725
2,11,5,,,,,,,,,1.635
2,11,5,,,,,,,,,2.2675
2,11,5,,,,,,,,,1.665
2,12,5,,,,,,,,,1.2225
2,12,5,,,,,,,,,1.5875
2,12,5,,,,,,,,,1.74
2,12,5,,,,,,,,,1.36
2,13,5,,,,,,,,,1.4325
2,13,5,,,,,,,,,1.58
2,13,5,,,,,,,,,2.6125
2,13,5,,,,,,,,,2.91
2,14,5,,,,,,,,,1.9675
2,14,5,,,,,,,,,1.6
2,14,5,,,,,,,,,2.12
2,14,5,,,,,,,,,1.3
2,15,5,,,,,,,,,1.205
2,15,5,,,,,,,,,1.7375
2,15,5,,,,,,,,,1.9275
2,15,5,,,,,,,,,1.68
2,16,5,,,,,,,,,1.295
2,16,5,,,,,,,,,1.79
2,16,5,,,,,,,,,2.845
2,16,5,,,,,,,,,3.415
2,17,5,,,,,,,,,2.1025
2,17,5,,,,,,,,,3.095
2,17,5,,,,,,,,,1.1875
2,17,5,,,,,,,,,0.74
2,18,5,,,,,,,,,0.795
2,18,5,,,,,,,,,0.3875
2,18,5,,,,,,,,,0.315
2,18,5,,,,,,,,,0.1275
2,19,5,,,,,,,,,0.0425
2,19,5,,,,,,,,,0.0025
2,19,5,,,,,,,,,0.0
2,19,5,,,,,,,,,0.0
2,20,5,,,,,,,,,0.0
2,20,5,,,,,,,,,0.0
2,20,5,,,,,,,,,0.0
2,20,5,,,,,,,,,0.0
2,21,5,,,,,,,,,0.0
2,21,5,,,,,,,,,0.0
2,21,5,,,,,,,,,0.0
2,21,5,,,,,,,,,0.0
2,22,5,,,,,,,,,0.0
2,22,5,,,,,,,,,0.0
2,22,5,,,,,,,,,0.0
2,22,5,,,,,,,,,0.0
2,23,5,,,,,,,,,0.0
2,23,5,,,,,,,,,0.0
2,23,5,,,,,,,,,0.0
2,23,5,,,,,,,,,0.0
2,24,5,,,,,,,,,0.0
2,24,5,,,,,,,,,0.0
2,24,5,,,,,,,,,0.0
2,24,5,,,,,,,,,0.0
2,1,6,,,,,,,,,0.0
2,1,6,,,,,,,,,0.0
2,1,6,,,,,,,,,0.0
2,1,6,,,,,,,,,0.0
2,2,6,,,,,,,,,0.0
2,2,6,,,,,,,,,0.0
2,2,6,,,,,,,,,0.0
2,2,6,,,,,,,,,0.0
2,3,6,,,,,,,,,0.0
2,3,6,,,,,,,,,0.0
2,3,6,,,,,,,,,0.0
2,3,6,,,,,,,,,0.0
2,4,6,,,,,,,,,0.0
2,4,6,,,,,,,,,0.0
2,4,6,,,,,,,,,0.0
2,4,6,,,,,,,,,0.0
2,5,6,,,,,,,,,0.0
2,5,6,,,,,,,,,0.0
2,5,6,,,,,,,,,0.0
2,5,6,,,,,,,,,0.0
2,6,6,,,,,,,,,0.0
2,6,6,,,,,,,,,0.0
2,6,6,,,,,,,,,0.0
2,6,6,,,,,,,,,0.0
2,7,6,,,,,,,,,0.0
2,7,6,,,,,,,,,0.0
2,7,6,,,,,,,,,0.0
2,7,6,,,,,,,,,0.0
2,8,6,,,,,,,,,0.0
2,8,6,,,,,,,,,0.0
2,8,6,,,,,,,,,0.0
2,8,6,,,,,,,,,0.005
2,9,6,,,,,,,,,0.0725
2,9,6,,,,,,,,,0.16
2,9,6,,,,,,,,,0.2925
2,9,6,,,,,,,,,0.325
2,10,6,,,,,,,,,0.48
2,10,6,,,,,,,,,0.5075
2,10,6,,,,,,,,,0.6825
2,10,6,,,,,,,,,0.7275
2,11,6,,,,,,,,,0.665
2,11,6,,,,,,,,,0.6
2,11,6,,,,,,,,,0.7725
2,11,6,,,,,,,,,0.67
2,12,6,,,,,,,,,0.5
2,12,6,,,,,,,,,0.4775
2,12,6,,,,,,,,,0.46
2,12,6,,,,,,,,,0.56
2,13,6,,,,,,,,,0.5925
2,13,6,,,,,,,,,0.6325
2,13,6,,,,,,,,,1.0025
2,13,6,,,,,,,,,1.7
2,14,6,,,,,,,,,2.4525
2,14,6,,,,,,,,,2.77
2,14,6,,,,,,,,,1.17
2,14,6,,,,,,,,,0.675
2,15,6,,,,,,,,,0.695
2,15,6,,,,,,,,,0.9
2,15,6,,,,,,,,,1.34
2,15,6,,,,,,,,,1.6025
2,16,6,,,,,,,,,1.3575
2,16,6,,,,,,,,,0.84
2,16,6,,,,,,,,,0.465
2,16,6,,,,,,,,,0.3925
2,17,6,,,,,,,,,0.88
2,17,6,,,,,,,,,1.02
2,17,6,,,,,,,,,0.2575
2,17,6,,,,,,,,,0.365
2,18,6,,,,,,,,,0.135
2,18,6,,,,,,,,,0.12
2,18,6,,,,,,,,,0.11
2,18,6,,,,,,,,,0.055
2,19,6,,,,,,,,,0.01
2,19,6,,,,,,,,,0.0
2,19,6,,,,,,,,,0.0
2,19,6,,,,,,,,,0.0
2,20,6,,,,,,,,,0.0
2,20,6,,,,,,,,,0.0
2,20,6,,,,,,,,,0.0
2,20,6,,,,,,,,,0.0
2,21,6,,,,,,,,,0.0
2,21,6,,,,,,,,,0.0
2,21,6,,,,,,,,,0.0
2,21,6,,,,,,,,,0.0
2,22,6,,,,,,,,,0.0
2,22,6,,,,,,,,,0.0
2,22,6,,,,,,,,,0.0
2,22,6,,,,,,,,,0.0
2,23,6,,,,,,,,,0.0
2,23,6,,,,,,,,,0.0
2,23,6,,,,,,,,,0.0
2,23,6,,,,,,,,,0.0
2,24,6,,,,,,,,,0.0
2,24,6,,,,,,,,,0.0
2,24,6,,,,,,,,,0.0
2,24,6,,,,,,,,,0.0
2,1,7,,,,,,,,,0.0
2,1,7,,,,,,,,,0.0
2,1,7,,,,,,,,,0.0
2,1,7,,,,,,,,,0.0
2,2,7,,,,,,,,,0.0
2,2,7,,,,,,,,,0.0
2,2,7,,,,,,,,,0.0
2,2,7,,,,,,,,,0.0
2,3,7,,,,,,,,,0.0
2,3,7,,,,,,,,,0.0
2,3,7,,,,,,,,,0.0
2,3,7,,,,,,,,,0.0
2,4,7,,,,,,,,,0.0
2,4,7,,,,,,,,,0.0
2,4,7,,,,,,,,,0.0
2,4,7,,,,,,,,,0.0
2,5,7,,,,,,,,,0.0
2,5,7,,,,,,,,,0.0
2,5,7,,,,,,,,,0.0
2,5,7,,,,,,,,,0.0
2,6,7,,,,,,,,,0.0
2,6,7,,,,,,,,,0.0
2,6,7,,,,,,,,,0.0
2,6,7,,,,,,,,,0.0
2,7,7,,,,,,,,,0.0
2,7,7,,,,,,,,,0.0
2,7,7,,,,,,,,,0.0
2,7,7,,,,,,,,,0.0
2,8,7,,,,,,,,,0.0
2,8,7,,,,,,,,,0.0
2,8,7,,,,,,,,,0.0
2,8,7,,,,,,,,,0.0
2,9,7,,,,,,,,,0.0
2,9,7,,,,,,,,,0.0
2,9,7,,,,,,,,,0.01
2,9,7,,,,,,,,,0.08
2,10,7,,,,,,,,,0.15
2,10,7,,,,,,,,,0.14
2,10,7,,,,,,,,,0.125
2,10,7,,,,,,,,,0.2075
2,11,7,,,,,,,,,0.2225
2,11,7,,,,,,,,,0.465
2,11,7,,,,,,,,,0.55
2,11,7,,,,,,,,,1.105
2,12,7,,,,,,,,,1.39
2,12,7,,,,,,,,,1.2725
2,12,7,,,,,,,,,1.04
2,12,7,,,,,,,,,1.91
2,13,7,,,,,,,,,5.7125
2,13,7,,,,,,,,,6.105
2,13,7,,,,,,,,,6.1275
2,13,7,,,,,,,,,6.12
2,14,7,,,,,,,,,6.105
2,14,7,,,,,,,,,6.07
2,14,7,,,,,,,,,5.99
2,14,7,,,,,,,,,5.84
2,15,7,,,,,,,,,5.6675
2,15,7,,,,,,,,,5.5075
2,15,7,,,,,,,,,5.11
2,15,7,,,,,,,,,4.125
2,16,7,,,,,,,,,4.61
2,16,7,,,,,,,,,4.0775
2,16,7,,,,,,,,,4.06
2,16,7,,,,,,,,,3.9475
2,17,7,,,,,,,,,3.5875
2,17,7,,,,,,,,,3.075
2,17,7,,,,,,,,,2.7775
2,17,7,,,,,,,,,2.2575
2,18,7,,,,,,,,,1.6675
2,18,7,,,,,,,,,1.15
2,18,7,,,,,,,,,0.7175
2,18,7,,,,,,,,,0.33
2,19,7,,,,,,,,,0.1175
2,19,7,,,,,,,,,0.0275
2,19,7,,,,,,,,,0.0
2,19,7,,,,,,,,,0.0
2,20,7,,,,,,,,,0.0
2,20,7,,,,,,,,,0.0
2,20,7,,,,,,,,,0.0
2,20,7,,,,,,,,,0.0
2,21,7,,,,,,,,,0.0
2,21,7,,,,,,,,,0.0
2,21,7,,,,,,,,,0.0
2,21,7,,,,,,,,,0.0
2,22,7,,,,,,,,,0.0
2,22,7,,,,,,,,,0.0
2,22,7,,,,,,,,,0.0
2,22,7,,,,,,,,,0.0
2,23,7,,,,,,,,,0.0
2,23,7,,,,,,,,,0.0
2,23,7,,,,,,,,,0.0
2,23,7,,,,,,,,,0.0
2,24,7,,,,,,,,,0.0
2,24,7,,,,,,,,,0.0
2,24,7,,,,,,,,,0.0
2,24,7,,,,,,,,,0.0
2,1,1,,,,,,,,,0.0
2,1,1,,,,,,,,,0.0
2,1,1,,,,,,,,,0.0
2,1,1,,,,,,,,,0.0
2,2,1,,,,,,,,,0.0
2,2,1,,,,,,,,,0.0
2,2,1,,,,,,,,,0.0
2,2,1,,,,,,,,,0.0
2,3,1,,,,,,,,,0.0
2,3,1,,,,,,,,,0.0
2,3,1,,,,,,,,,0.0
2,3,1,,,,,,,,,0.0
2,4,1,,,,,,,,,0.0
2,4,1,,,,,,,,,0.0
2,4,1,,,,,,,,,0.0
2,4,1,,,,,,,,,0.0
2,5,1,,,,,,,,,0.0
2,5,1,,,,,,,,,0.0
2,5,1,,,,,,,,,0.0
2,5,1,,,,,,,,,0.0
2,6,1,,,,,,,,,0.0
2,6,1,,,,,,,,,0.0
2,6,1,,,,,,,,,0.0
2,6,1,,,,,,,,,0.0
2,7,1,,,,,,,,,0.0
2,7,1,,,,,,,,,0.0
2,7,1,,,,,,,,,0.0
2,7,1,,,,,,,,,0.0
2,8,1,,,,,,,,,0.0
2,8,1,,,,,,,,,0.0
2,8,1,,,,,,,,,0.01
2,8,1,,,,,,,,,0.0675
2,9,1,,,,,,,,,0.2075
2,9,1,,,,,,,,,0.265
2,9,1,,,,,,,,,0.4275
2,9,1,,,,,,,,,0.565
2,10,1,,,,,,,,,0.645
2,10,1,,,,,,,,,0.9125
2,10,1,,,,,,,,,1.505
2,10,1,,,,,,,,,1.695
2,11,1,,,,,,,,,1.32
2,11,1,,,,,,,,,1.4775
2,11,1,,,,,,,,,3.6425
2,11,1,,,,,,,,,4.06
2,12,1,,,,,,,,,2.2525
2,12,1,,,,,,,,,2.795
2,12,1,,,,,,,,,3.575
2,12,1,,,,,,,,,5.6025
2,13,1,,,,,,,,,5.8525
2,13,1,,,,,,,,,4.1175
2,13,1,,,,,,,,,4.6175
2,13,1,,,,,,,,,3.91
2,14,1,,,,,,,,,3.495
2,14,1,,,,,,,,,3.125
2,14,1,,,,,,,,,2.905
2,14,1,,,,,,,,,2.4525
2,15,1,,,,,,,,,2.4025
2,15,1,,,,,,,,,2.0425
2,15,1,,,,,,,,,1.9325
2,15,1,,,,,,,,,2.21
2,16,1,,,,,,,,,2.905
2,16,1,,,,,,,,,2.8275
2,16,1,,,,,,,,,2.41
2,16,1,,,,,,,,,2.985
2,17,1,,,,,,,,,2.6125
2,17,1,,,,,,,,,2.1775
2,17,1,,,,,,,,,1.5575
2,17,1,,,,,,,,,1.09
2,18,1,,,,,,,,,0.82
2,18,1,,,,,,,,,0.6275
2,18,1,,,,,,,,,0.395
2,18,1,,,,,,,,,0.23
2,19,1,,,,,,,,,0.085
2,19,1,,,,,,,,,0.01
2,19,1,,,,,,,,,0.0
2,19,1,,,,,,,,,0.0
2,20,1,,,,,,,,,0.0
2,20,1,,,,,,,,,0.0
2,20,1,,,,,,,,,0.0
2,20,1,,,,,,,,,0.0
2,21,1,,,,,,,,,0.0
2,21,1,,,,,,,,,0.0
2,21,1,,,,,,,,,0.0
2,21,1,,,,,,,,,0.0
2,22,1,,,,,,,,,0.0
2,22,1,,,,,,,,,0.0
2,22,1,,,,,,,,,0.0
2,22,1,,,,,,,,,0.0
2,23,1,,,,,,,,,0.0
2,23,1,,,,,,,,,0.0
2,23,1,,,,,,,,,0.0
2,23,1,,,,,,,,,0.0
2,24,1,,,,,,,,,0.0
2,24,1,,,,,,,,,0.0
2,24,1,,,,,,,,,0.0
2,24,1,,,,,,,,,0.0
2,1,2,,,,,,,,,0.0
2,1,2,,,,,,,,,0.0
2,1,2,,,,,,,,,0.0
2,1,2,,,,,,,,,0.0
2,2,2,,,,,,,,,0.0
2,2,2,,,,,,,,,0.0
2,2,2,,,,,,,,,0.0
2,2,2,,,,,,,,,0.0
2,3,2,,,,,,,,,0.0
2,3,2,,,,,,,,,0.0
2,3,2,,,,,,,,,0.0
2,3,2,,,,,,,,,0.0
2,4,2,,,,,,,,,0.0
2,4,2,,,,,,,,,0.0
2,4,2,,,,,,,,,0.0
2,4,2,,,,,,,,,0.0
2,5,2,,,,,,,,,0.0
2,5,2,,,,,,,,,0.0
2,5,2,,,,,,,,,0.0
2,5,2,,,,,,,,,0.0
2,6,2,,,,,,,,,0.0
2,6,2,,,,,,,,,0.0
2,6,2,,,,,,,,,0.0
2,6,2,,,,,,,,,0.0
2,7,2,,,,,,,,,0.0
2,7,2,,,,,,,,,0.0
2,7,2,,,,,,,,,0.0
2,7,2,,,,,,,,,0.0
2,8,2,,,,,,,,,0.0
2,8,2,,,,,,,,,0.0
2,8,2,,,,,,,,,0.0
2,8,2,,,,,,,,,0.0
2,9,2,,,,,,,,,0.0375
2,9,2,,,,,,,,,0.16
2,9,2,,,,,,,,,0.395
2,9,2,,,,,,,,,0.31
2,10,2,,,,,,,,,0.54
2,10,2,,,,,,,,,1.065
2,10,2,,,,,,,,,1.11
2,10,2,,,,,,,,,1.025
2,11,2,,,,,,,,,0.91
2,11,2,,,,,,,,,0.855
2,11,2,,,,,,,,,1.2475
2,11,2,,,,,,,,,1.95
2,12,2,,,,,,,,,1.5875
2,12,2,,,,,,,,,1.345
2,12,2,,,,,,,,,1.3725
2,12,2,,,,,,,,,1.7125
2,13,2,,,,,,,,,2.28
2,13,2,,,,,,,,,1.565
2,13,2,,,,,,,,,1.205
2,13,2,,,,,,,,,2.405
2,14,2,,,,,,,,,2.9375
2,14,2,,,,,,,,,2.3325
2,14,2,,,,,,,,,1.7675
2,14,2,,,,,,,,,1.6575
2,15,2,,,,,,,,,1.37
2,15,2,,,,,,,,,1.74
2,15,2,,,,,,,,,2.2
2,15,2,,,,,,,,,1.26
2,16,2,,,,,,,,,1.185
2,16,2,,,,,,,,,1.07
2,16,2,,,,,,,,,1.035
2,16,2,,,,,,,,,0.725
2,17,2,,,,,,,,,0.54
2,17,2,,,,,,,,,0.5975
2,17,2,,,,,,,,,0.575
2,17,2,,,,,,,,,0.5975
2,18,2,,,,,,,,,0.6
2,18,2,,,,,,,,,0.5875
2,18,2,,,,,,,,,0.3475
2,18,2,,,,,,,,,0.165
2,19,2,,,,,,,,,0.0725
2,19,2,,,,,,,,,0.015
2,19,2,,,,,,,,,0.0
2,19,2,,,,,,,,,0.0
2,20,2,,,,,,,,,0.0
2,20,2,,,,,,,,,0.0
2,20,2,,,,,,,,,0.0
2,20,2,,,,,,,,,0.0
2,21,2,,,,,,,,,0.0
2,21,2,,,,,,,,,0.0
2,21,2,,,,,,,,,0.0
2,21,2,,,,,,,,,0.0
2,22,2,,,,,,,,,0.0
2,22,2,,,,,,,,,0.0
2,22,2,,,,,,,,,0.0
2,22,2,,,,,,,,,0.0
2,23,2,,,,,,,,,0.0
2,23,2,,,,,,,,,0.0
2,23,2,,,,,,,,,0.0
2,23,2,,,,,,,,,0.0
2,24,2,,,,,,,,,0.0
2,24,2,,,,,,,,,0.0
2,24,2,,,,,,,,,0.0
2,24,2,,,,,,,,,0.0
2,1,3,,,,,,,,,0.0
2,1,3,,,,,,,,,0.0
2,1,3,,,,,,,,,0.0
2,1,3,,,,,,,,,0.0
2,2,3,,,,,,,,,0.0
2,2,3,,,,,,,,,0.0
2,2,3,,,,,,,,,0.0
2,2,3,,,,,,,,,0.0
2,3,3,,,,,,,,,0.0
2,3,3,,,,,,,,,0.0
2,3,3,,,,,,,,,0.0
2,3,3,,,,,,,,,0.0
2,4,3,,,,,,,,,0.0
2,4,3,,,,,,,,,0.0
2,4,3,,,,,,,,,0.0
2,4,3,,,,,,,,,0.0
2,5,3,,,,,,,,,0.0
2,5,3,,,,,,,,,0.0
2,5,3,,,,,,,,,0.0
2,5,3,,,,,,,,,0.0
2,6,3,,,,,,,,,0.0
2,6,3,,,,,,,,,0.0
2,6,3,,,,,,,,,0.0
2,6,3,,,,,,,,,0.0
2,7,3,,,,,,,,,0.0
2,7,3,,,,,,,,,0.0
2,7,3,,,,,,,,,0.0
2,7,3,,,,,,,,,0.0
2,8,3,,,,,,,,,0.0
2,8,3,,,,,,,,,0.0
2,8,3,,,,,,,,,0.0
2,8,3,,,,,,,,,0.0375
2,9,3,,,,,,,,,0.11
2,9,3,,,,,,,,,0.125
2,9,3,,,,,,,,,0.07
2,9,3,,,,,,,,,0.065
2,10,3,,,,,,,,,0.1325
2,10,3,,,,,,,,,0.2075
2,10,3,,,,,,,,,0.28
2,10,3,,,,,,,,,0.43
2,11,3,,,,,,,,,0.6
2,11,3,,,,,,,,,0.7
2,11,3,,,,,,,,,0.44
2,11,3,,,,,,,,,0.51
2,12,3,,,,,,,,,1.085
2,12,3,,,,,,,,,1.5175
2,12,3,,,,,,,,,3.5675
2,12,3,,,,,,,,,3.1975
2,13,3,,,,,,,,,2.6575
2,13,3,,,,,,,,,5.1725
2,13,3,,,,,,,,,4.545
2,13,3,,,,,,,,,2.275
2,14,3,,,,,,,,,1.9175
2,14,3,,,,,,,,,2.25
2,14,3,,,,,,,,,4.145
2,14,3,,,,,,,,,4.2175
2,15,3,,,,,,,,,4.08
2,15,3,,,,,,,,,4.555
2,15,3,,,,,,,,,4.89
2,15,3,,,,,,,,,3.9825
2,16,3,,,,,,,,,4.465
2,16,3,,,,,,,,,3.5075
2,16,3,,,,,,,,,3.5475
2,16,3,,,,,,,,,3.33
2,17,3,,,,,,,,,3.0
2,17,3,,,,,,,,,2.0975
2,17,3,,,,,,,,,2.0525
2,17,3,,,,,,,,,2.125
2,18,3,,,,,,,,,1.295
2,18,3,,,,,,,,,0.8275
2,18,3,,,,,,,,,0.53
2,18,3,,,,,,,,,0.24
2,19,3,,,,,,,,,0.095
2,19,3,,,,,,,,,0.0125
2,19,3,,,,,,,,,0.0
2,19,3,,,,,,,,,0.0
2,20,3,,,,,,,,,0.0
2,20,3,,,,,,,,,0.0
2,20,3,,,,,,,,,0.0
2,20,3,,,,,,,,,0.0
2,21,3,,,,,,,,,0.0
2,21,3,,,,,,,,,0.0
2,21,3,,,,,,,,,0.0
2,21,3,,,,,,,,,0.0
2,22,3,,,,,,,,,0.0
2,22,3,,,,,,,,,0.0
2,22,3,,,,,,,,,0.0
2,22,3,,,,,,,,,0.0
2,23,3,,,,,,,,,0.0
2,23,3,,,,,,,,,0.0
2,23,3,,,,,,,,,0.0
2,23,3,,,,,,,,,0.0
2,24,3,,,,,,,,,0.0
2,24,3,,,,,,,,,0.0
2,24,3,,,,,,,,,0.0
2,24,3,,,,,,,,,0.0
2,1,4,,,,,,,,,0.0
2,1,4,,,,,,,,,0.0
2,1,4,,,,,,,,,0.0
2,1,4,,,,,,,,,0.0
2,2,4,,,,,,,,,0.0
2,2,4,,,,,,,,,0.0
2,2,4,,,,,,,,,0.0
2,2,4,,,,,,,,,0.0
2,3,4,,,,,,,,,0.0
2,3,4,,,,,,,,,0.0
2,3,4,,,,,,,,,0.0
2,3,4,,,,,,,,,0.0
2,4,4,,,,,,,,,0.0
2,4,4,,,,,,,,,0.0
2,4,4,,,,,,,,,0.0
2,4,4,,,,,,,,,0.0
2,5,4,,,,,,,,,0.0
2,5,4,,,,,,,,,0.0
2,5,4,,,,,,,,,0.0
2,5,4,,,,,,,,,0.0
2,6,4,,,,,,,,,0.0
2,6,4,,,,,,,,,0.0
2,6,4,,,,,,,,,0.0
2,6,4,,,,,,,,,0.0
2,7,4,,,,,,,,,0.0
2,7,4,,,,,,,,,0.0
2,7,4,,,,,,,,,0.0
2,7,4,,,,,,,,,0.0
2,8,4,,,,,,,,,0.0
2,8,4,,,,,,,,,0.0
2,8,4,,,,,,,,,0.0
2,8,4,,,,,,,,,0.0625
2,9,4,,,,,,,,,0.1425
2,9,4,,,,,,,,,0.41
2,9,4,,,,,,,,,1.04
2,9,4,,,,,,,,,1.375
2,10,4,,,,,,,,,0.45
2,10,4,,,,,,,,,0.4825
2,10,4,,,,,,,,,2.245
2,10,4,,,,,,,,,2.79
2,11,4,,,,,,,,,2.565
2,11,4,,,,,,,,,3.015
2,11,4,,,,,,,,,4.495
2,11,4,,,,,,,,,4.79
2,12,4,,,,,,,,,4.035
2,12,4,,,,,,,,,3.79
2,12,4,,,,,,,,,4.985
2,12,4,,,,,,,,,5.785
2,13,4,,,,,,,,,5.7675
2,13,4,,,,,,,,,5.9075
2,13,4,,,,,,,,,5.93
2,13,4,,,,,,,,,5.86
2,14,4,,,,,,,,,5.6475
2,14,4,,,,,,,,,5.6325
2,14,4,,,,,,,,,5.2725
2,14,4,,,,,,,,,5.36
2,15,4,,,,,,,,,4.24
2,15,4,,,,,,,,,4.515
2,15,4,,,,,,,,,4.39
2,15,4,,,,,,,,,4.14
2,16,4,,,,,,,,,3.45
2,16,4,,,,,,,,,2.61
2,16,4,,,,,,,,,2.04
2,16,4,,,,,,,,,2.1
2,17,4,,,,,,,,,2.0025
2,17,4,,,,,,,,,1.775
2,17,4,,,,,,,,,1.55
2,17,4,,,,,,,,,1.89
2,18,4,,,,,,,,,1.2875
2,18,4,,,,,,,,,1.12
2,18,4,,,,,,,,,0.445
2,18,4,,,,,,,,,0.2375
2,19,4,,,,,,,,,0.145
2,19,4,,,,,,,,,0.0275
2,19,4,,,,,,,,,0.0
2,19,4,,,,,,,,,0.0
2,20,4,,,,,,,,,0.0
2,20,4,,,,,,,,,0.0
2,20,4,,,,,,,,,0.0
2,20,4,,,,,,,,,0.0
2,21,4,,,,,,,,,0.0
2,21,4,,,,,,,,,0.0
2,21,4,,,,,,,,,0.0
2,21,4,,,,,,,,,0.0
2,22,4,,,,,,,,,0.0
2,22,4,,,,,,,,,0.0
2,22,4,,,,,,,,,0.0
2,22,4,,,,,,,,,0.0
2,23,4,,,,,,,,,0.0
2,23,4,,,,,,,,,0.0
2,23,4,,,,,,,,,0.0
2,23,4,,,,,,,,,0.0
2,24,4,,,,,,,,,0.0
2,24,4,,,,,,,,,0.0
2,24,4,,,,,,,,,0.0
2,24,4,,,,,,,,,0.0
2,1,5,,,,,,,,,0.0
2,1,5,,,,,,,,,0.0
2,1,5,,,,,,,,,0.0
2,1,5,,,,,,,,,0.0
2,2,5,,,,,,,,,0.0
2,2,5,,,,,,,,,0.0
2,2,5,,,,,,,,,0.0
2,2,5,,,,,,,,,0.0
2,3,5,,,,,,,,,0.0
2,3,5,,,,,,,,,0.0
2,3,5,,,,,,,,,0.0
2,3,5,,,,,,,,,0.0
2,4,5,,,,,,,,,0.0
2,4,5,,,,,,,,,0.0
2,4,5,,,,,,,,,0.0
2,4,5,,,,,,,,,0.0
2,5,5,,,,,,,,,0.0
2,5,5,,,,,,,,,0.0
2,5,5,,,,,,,,,0.0
2,5,5,,,,,,,,,0.0
2,6,5,,,,,,,,,0.0
2,6,5,,,,,,,,,0.0
2,6,5,,,,,,,,,0.0
2,6,5,,,,,,,,,0.0
2,7,5,,,,,,,,,0.0
2,7,5,,,,,,,,,0.0
2,7,5,,,,,,,,,0.0
2,7,5,,,,,,,,,0.0
2,8,5,,,,,,,,,0.0
2,8,5,,,,,,,,,0.0
2,8,5,,,,,,,,,0.0
2,8,5,,,,,,,,,0.01
2,9,5,,,,,,,,,0.045
2,9,5,,,,,,,,,0.1325
2,9,5,,,,,,,,,0.2
2,9,5,,,,,,,,,0.205
2,10,5,,,,,,,,,0.4325
2,10,5,,,,,,,,,0.27
2,10,5,,,,,,,,,0.32
2,10,5,,,,,,,,,0.53
2,11,5,,,,,,,,,0.71
2,11,5,,,,,,,,,0.83
2,11,5,,,,,,,,,0.4525
2,11,5,,,,,,,,,0.5625
2,12,5,,,,,,,,,0.51
2,12,5,,,,,,,,,0.765
2,12,5,,,,,,,,,0.515
2,12,5,,,,,,,,,0.33
2,13,5,,,,,,,,,0.2675
2,13,5,,,,,,,,,0.135
2,13,5,,,,,,,,,0.11
2,13,5,,,,,,,,,0.1325
2,14,5,,,,,,,,,0.135
2,14,5,,,,,,,,,0.1025
2,14,5,,,,,,,,,0.165
2,14,5,,,,,,,,,0.1325
2,15,5,,,,,,,,,0.06
2,15,5,,,,,,,,,0.02
2,15,5,,,,,,,,,0.08
2,15,5,,,,,,,,,0.08
2,16,5,,,,,,,,,0.21
2,16,5,,,,,,,,,0.4675
2,16,5,,,,,,,,,0.5375
2,16,5,,,,,,,,,1.1525
2,17,5,,,,,,,,,2.035
2,17,5,,,,,,,,,3.44
2,17,5,,,,,,,,,2.3825
2,17,5,,,,,,,,,1.68
2,18,5,,,,,,,,,1.7875
2,18,5,,,,,,,,,1.1225
2,18,5,,,,,,,,,0.68
2,18,5,,,,,,,,,0.34
2,19,5,,,,,,,,,0.1925
2,19,5,,,,,,,,,0.035
2,19,5,,,,,,,,,0.0
2,19,5,,,,,,,,,0.0
2,20,5,,,,,,,,,0.0
2,20,5,,,,,,,,,0.0
2,20,5,,,,,,,,,0.0
2,20,5,,,,,,,,,0.0
2,21,5,,,,,,,,,0.0
2,21,5,,,,,,,,,0.0
2,21,5,,,,,,,,,0.0
2,21,5,,,,,,,,,0.0
2,22,5,,,,,,,,,0.0
2,22,5,,,,,,,,,0.0
2,22,5,,,,,,,,,0.0
2,22,5,,,,,,,,,0.0
2,23,5,,,,,,,,,0.0
2,23,5,,,,,,,,,0.0
2,23,5,,,,,,,,,0.0
2,23,5,,,,,,,,,0.0
2,24,5,,,,,,,,,0.0
2,24,5,,,,,,,,,0.0
2,24,5,,,,,,,,,0.0
2,24,5,,,,,,,,,0.0
2,1,6,,,,,,,,,0.0
2,1,6,,,,,,,,,0.0
2,1,6,,,,,,,,,0.0
2,1,6,,,,,,,,,0.0
2,2,6,,,,,,,,,0.0
2,2,6,,,,,,,,,0.0
2,2,6,,,,,,,,,0.0
2,2,6,,,,,,,,,0.0
2,3,6,,,,,,,,,0.0
2,3,6,,,,,,,,,0.0
2,3,6,,,,,,,,,0.0
2,3,6,,,,,,,,,0.0
2,4,6,,,,,,,,,0.0
2,4,6,,,,,,,,,0.0
2,4,6,,,,,,,,,0.0
2,4,6,,,,,,,,,0.0
2,5,6,,,,,,,,,0.0
2,5,6,,,,,,,,,0.0
2,5,6,,,,,,,,,0.0
2,5,6,,,,,,,,,0.0
2,6,6,,,,,,,,,0.0
2,6,6,,,,,,,,,0.0
2,6,6,,,,,,,,,0.0
2,6,6,,,,,,,,,0.0
2,7,6,,,,,,,,,0.0
2,7,6,,,,,,,,,0.0
2,7,6,,,,,,,,,0.0
2,7,6,,,,,,,,,0.0
2,8,6,,,,,,,,,0.0
2,8,6,,,,,,,,,0.0
2,8,6,,,,,,,,,0.0
2,8,6,,,,,,,,,0.0975
2,9,6,,,,,,,,,0.3475
2,9,6,,,,,,,,,0.7275
2,9,6,,,,,,,,,1.2075
2,9,6,,,,,,,,,2.035
2,10,6,,,,,,,,,1.8425
2,10,6,,,,,,,,,1.9025
2,10,6,,,,,,,,,1.04
2,10,6,,,,,,,,,1.4775
2,11,6,,,,,,,,,3.13
2,11,6,,,,,,,,,3.1
2,11,6,,,,,,,,,3.715
2,11,6,,,,,,,,,5.5625
2,12,6,,,,,,,,,4.54
2,12,6,,,,,,,,,5.78
2,12,6,,,,,,,,,5.7775
2,12,6,,,,,,,,,5.65
2,13,6,,,,,,,,,4.6775
2,13,6,,,,,,,,,5.075
2,13,6,,,,,,,,,5.4675
2,13,6,,,,,,,,,5.71
2,14,6,,,,,,,,,6.1275
2,14,6,,,,,,,,,6.08
2,14,6,,,,,,,,,6.01
2,14,6,,,,,,,,,5.87
2,15,6,,,,,,,,,5.2525
2,15,6,,,,,,,,,5.685
2,15,6,,,,,,,,,5.4375
2,15,6,,,,,,,,,5.14
2,16,6,,,,,,,,,4.9
2,16,6,,,,,,,,,4.6525
2,16,6,,,,,,,,,4.335
2,16,6,,,,,,,,,3.9575
2,17,6,,,,,,,,,3.59
2,17,6,,,,,,,,,3.22
2,17,6,,,,,,,,,2.81
2,17,6,,,,,,,,,2.3675
2,18,6,,,,,,,,,1.82
2,18,6,,,,,,,,,1.235
2,18,6,,,,,,,,,0.76
2,18,6,,,,,,,,,0.385
2,19,6,,,,,,,,,0.1475
2,19,6,,,,,,,,,0.0475
2,19,6,,,,,,,,,0.0025
2,19,6,,,,,,,,,0.0
2,20,6,,,,,,,,,0.0
2,20,6,,,,,,,,,0.0
2,20,6,,,,,,,,,0.0
2,20,6,,,,,,,,,0.0
2,21,6,,,,,,,,,0.0
2,21,6,,,,,,,,,0.0
2,21,6,,,,,,,,,0.0
2,21,6,,,,,,,,,0.0
2,22,6,,,,,,,,,0.0
2,22,6,,,,,,,,,0.0
2,22,6,,,,,,,,,0.0
2,22,6,,,,,,,,,0.0
2,23,6,,,,,,,,,0.0
2,23,6,,,,,,,,,0.0
2,23,6,,,,,,,,,0.0
2,23,6,,,,,,,,,0.0
2,24,6,,,,,,,,,0.0
2,24,6,,,,,,,,,0.0
2,24,6,,,,,,,,,0.0
2,24,6,,,,,,,,,0.0
2,1,7,,,,,,,,,0.0
2,1,7,,,,,,,,,0.0
2,1,7,,,,,,,,,0.0
2,1,7,,,,,,,,,0.0
2,2,7,,,,,,,,,0.0
2,2,7,,,,,,,,,0.0
2,2,7,,,,,,,,,0.0
2,2,7,,,,,,,,,0.0
2,3,7,,,,,,,,,0.0
2,3,7,,,,,,,,,0.0
2,3,7,,,,,,,,,0.0
2,3,7,,,,,,,,,0.0
2,4,7,,,,,,,,,0.0
2,4,7,,,,,,,,,0.0
2,4,7,,,,,,,,,0.0
2,4,7,,,,,,,,,0.0
2,5,7,,,,,,,,,0.0
2,5,7,,,,,,,,,0.0
2,5,7,,,,,,,,,0.0
2,5,7,,,,,,,,,0.0
2,6,7,,,,,,,,,0.0
2,6,7,,,,,,,,,0.0
2,6,7,,,,,,,,,0.0
2,6,7,,,,,,,,,0.0
2,7,7,,,,,,,,,0.0
2,7,7,,,,,,,,,0.0
2,7,7,,,,,,,,,0.0
2,7,7,,,,,,,,,0.0
2,8,7,,,,,,,,,0.0
2,8,7,,,,,,,,,0.0
2,8,7,,,,,,,,,0.05
2,8,7,,,,,,,,,0.145
2,9,7,,,,,,,,,0.335
2,9,7,,,,,,,,,0.9625
2,9,7,,,,,,,,,1.0675
2,9,7,,,,,,,,,1.33
2,10,7,,,,,,,,,1.9175
2,10,7,,,,,,,,,1.355
2,10,7,,,,,,,,,1.7
2,10,7,,,,,,,,,1.395
2,11,7,,,,,,,,,1.085
2,11,7,,,,,,,,,1.44
2,11,7,,,,,,,,,2.2125
2,11,7,,,,,,,,,2.0925
2,12,7,,,,,,,,,4.62
2,12,7,,,,,,,,,5.475
2,12,7,,,,,,,,,4.02
2,12,7,,,,,,,,,4.895
2,13,7,,,,,,,,,3.47
2,13,7,,,,,,,,,5.895
2,13,7,,,,,,,,,6.145
2,13,7,,,,,,,,,6.13
2,14,7,,,,,,,,,6.1125
2,14,7,,,,,,,,,4.9975
2,14,7,,,,,,,,,5.805
2,14,7,,,,,,,,,5.8375
2,15,7,,,,,,,,,5.8575
2,15,7,,,,,,,,,4.145
2,15,7,,,,,,,,,3.885
2,15,7,,,,,,,,,2.77
2,16,7,,,,,,,,,2.3975
2,16,7,,,,,,,,,2.325
2,16,7,,,,,,,,,2.2575
2,16,7,,,,,,,,,1.9175
2,17,7,,,,,,,,,1.9625
2,17,7,,,,,,,,,1.505
2,17,7,,,,,,,,,1.4
2,17,7,,,,,,,,,1.5975
2,18,7,,,,,,,,,1.2575
2,18,7,,,,,,,,,0.8225
2,18,7,,,,,,,,,0.545
2,18,7,,,,,,,,,0.365
2,19,7,,,,,,,,,0.2
2,19,7,,,,,,,,,0.0575
2,19,7,,,,,,,,,0.0
2,19,7,,,,,,,,,0.0
2,20,7,,,,,,,,,0.0
2,20,7,,,,,,,,,0.0
2,20,7,,,,,,,,,0.0
2,20,7,,,,,,,,,0.0
2,21,7,,,,,,,,,0.0
2,21,7,,,,,,,,,0.0
2,21,7,,,,,,,,,0.0
2,21,7,,,,,,,,,0.0
2,22,7,,,,,,,,,0.0
2,22,7,,,,,,,,,0.0
2,22,7,,,,,,,,,0.0
2,22,7,,,,,,,,,0.0
2,23,7,,,,,,,,,0.0
2,23,7,,,,,,,,,0.0
2,23,7,,,,,,,,,0.0
2,23,7,,,,,,,,,0.0
2,24,7,,,,,,,,,0.0
2,24,7,,,,,,,,,0.0
2,24,7,,,,,,,,,0.0
2,24,7,,,,,,,,,0.0
2,1,1,,,,,,,,,0.0
2,1,1,,,,,,,,,0.0
2,1,1,,,,,,,,,0.0
2,1,1,,,,,,,,,0.0
2,2,1,,,,,,,,,0.0
2,2,1,,,,,,,,,0.0
2,2,1,,,,,,,,,0.0
2,2,1,,,,,,,,,0.0
2,3,1,,,,,,,,,0.0
2,3,1,,,,,,,,,0.0
2,3,1,,,,,,,,,0.0
2,3,1,,,,,,,,,0.0
2,4,1,,,,,,,,,0.0
2,4,1,,,,,,,,,0.0
2,4,1,,,,,,,,,0.0
2,4,1,,,,,,,,,0.0
2,5,1,,,,,,,,,0.0
2,5,1,,,,,,,,,0.0
2,5,1,,,,,,,,,0.0
2,5,1,,,,,,,,,0.0
2,6,1,,,,,,,,,0.0
2,6,1,,,,,,,,,0.0
2,6,1,,,,,,,,,0.0
2,6,1,,,,,,,,,0.0
2,7,1,,,,,,,,,0.0
2,7,1,,,,,,,,,0.0
2,7,1,,,,,,,,,0.0
2,7,1,,,,,,,,,0.0
2,8,1,,,,,,,,,0.0
2,8,1,,,,,,,,,0.0
2,8,1,,,,,,,,,0.0
2,8,1,,,,,,,,,0.0175
2,9,1,,,,,,,,,0.125
2,9,1,,,,,,,,,0.165
2,9,1,,,,,,,,,0.08
2,9,1,,,,,,,,,0.1225
2,10,1,,,,,,,,,0.23
2,10,1,,,,,,,,,0.315
2,10,1,,,,,,,,,0.345
2,10,1,,,,,,,,,0.6025
2,11,1,,,,,,,,,1.4925
2,11,1,,,,,,,,,1.14
2,11,1,,,,,,,,,0.7
2,11,1,,,,,,,,,0.755
2,12,1,,,,,,,,,0.825
2,12,1,,,,,,,,,0.9875
2,12,1,,,,,,,,,1.125
2,12,1,,,,,,,,,1.175
2,13,1,,,,,,,,,1.33
2,13,1,,,,,,,,,1.365
2,13,1,,,,,,,,,1.3275
2,13,1,,,,,,,,,1.375
2,14,1,,,,,,,,,1.285
2,14,1,,,,,,,,,0.99
2,14,1,,,,,,,,,0.975
2,14,1,,,,,,,,,1.16
2,15,1,,,,,,,,,0.9275
2,15,1,,,,,,,,,0.685
2,15,1,,,,,,,,,0.6875
2,15,1,,,,,,,,,0.625
2,16,1,,,,,,,,,0.7425
2,16,1,,,,,,,,,0.56
2,16,1,,,,,,,,,1.1125
2,16,1,,,,,,,,,0.9175
2,17,1,,,,,,,,,0.8025
2,17,1,,,,,,,,,0.49
2,17,1,,,,,,,,,0.265
2,17,1,,,,,,,,,0.355
2,18,1,,,,,,,,,0.2275
2,18,1,,,,,,,,,0.325
2,18,1,,,,,,,,,0.1275
2,18,1,,,,,,,,,0.0425
2,19,1,,,,,,,,,0.03
2,19,1,,,,,,,,,0.0125
2,19,1,,,,,,,,,0.0
2,19,1,,,,,,,,,0.0
2,20,1,,,,,,,,,0.0
2,20,1,,,,,,,,,0.0
2,20,1,,,,,,,,,0.0
2,20,1,,,,,,,,,0.0
2,21,1,,,,,,,,,0.0
2,21,1,,,,,,,,,0.0
2,21,1,,,,,,,,,0.0
2,21,1,,,,,,,,,0.0
2,22,1,,,,,,,,,0.0
2,22,1,,,,,,,,,0.0
2,22,1,,,,,,,,,0.0
2,22,1,,,,,,,,,0.0
2,23,1,,,,,,,,,0.0
2,23,1,,,,,,,,,0.0
2,23,1,,,,,,,,,0.0
2,23,1,,,,,,,,,0.0
2,24,1,,,,,,,,,0.0
2,24,1,,,,,,,,,0.0
2,24,1,,,,,,,,,0.0
2,24,1,,,,,,,,,0.0
2,1,2,,,,,,,,,0.0
2,1,2,,,,,,,,,0.0
2,1,2,,,,,,,,,0.0
2,1,2,,,,,,,,,0.0
2,2,2,,,,,,,,,0.0
2,2,2,,,,,,,,,0.0
2,2,2,,,,,,,,,0.0
2,2,2,,,,,,,,,0.0
2,3,2,,,,,,,,,0.0
2,3,2,,,,,,,,,0.0
2,3,2,,,,,,,,,0.0
2,3,2,,,,,,,,,0.0
2,4,2,,,,,,,,,0.0
2,4,2,,,,,,,,,0.0
2,4,2,,,,,,,,,0.0
2,4,2,,,,,,,,,0.0
2,5,2,,,,,,,,,0.0
2,5,2,,,,,,,,,0.0
2,5,2,,,,,,,,,0.0
2,5,2,,,,,,,,,0.0
2,6,2,,,,,,,,,0.0
2,6,2,,,,,,,,,0.0
2,6,2,,,,,,,,,0.0
2,6,2,,,,,,,,,0.0
2,7,2,,,,,,,,,0.0
2,7,2,,,,,,,,,0.0
2,7,2,,,,,,,,,0.0
2,7,2,,,,,,,,,0.0
2,8,2,,,,,,,,,0.0
2,8,2,,,,,,,,,0.0
2,8,2,,,,,,,,,0.0
2,8,2,,,,,,,,,0.05
2,9,2,,,,,,,,,0.0875
2,9,2,,,,,,,,,0.3425
2,9,2,,,,,,,,,0.665
2,9,2,,,,,,,,,0.6225
2,10,2,,,,,,,,,0.715
2,10,2,,,,,,,,,0.905
2,10,2,,,,,,,,,1.345
2,10,2,,,,,,,,,1.6875
2,11,2,,,,,,,,,3.985
2,11,2,,,,,,,,,4.9025
2,11,2,,,,,,,,,5.225
2,11,2,,,,,,,,,5.09
2,12,2,,,,,,,,,4.7375
2,12,2,,,,,,,,,5.5475
2,12,2,,,,,,,,,6.0725
2,12,2,,,,,,,,,6.125
2,13,2,,,,,,,,,6.1425
2,13,2,,,,,,,,,6.055
2,13,2,,,,,,,,,6.1725
2,13,2,,,,,,,,,5.47
2,14,2,,,,,,,,,4.7825
2,14,2,,,,,,,,,5.79
2,14,2,,,,,,,,,6.135
2,14,2,,,,,,,,,6.105
2,15,2,,,,,,,,,5.955
2,15,2,,,,,,,,,5.79
2,15,2,,,,,,,,,5.595
2,15,2,,,,,,,,,5.345
2,16,2,,,,,,,,,5.095
2,16,2,,,,,,,,,4.78
2,16,2,,,,,,,,,4.4475
2,16,2,,,,,,,,,4.11
2,17,2,,,,,,,,,3.77
2,17,2,,,,,,,,,3.34
2,17,2,,,,,,,,,2.9175
2,17,2,,,,,,,,,2.4625
2,18,2,,,,,,,,,1.9175
2,18,2,,,,,,,,,1.335
2,18,2,,,,,,,,,0.815
2,18,2,,,,,,,,,0.45
2,19,2,,,,,,,,,0.185
2,19,2,,,,,,,,,0.065
2,19,2,,,,,,,,,0.0075
2,19,2,,,,,,,,,0.0
2,20,2,,,,,,,,,0.0
2,20,2,,,,,,,,,0.0
2,20,2,,,,,,,,,0.0
2,20,2,,,,,,,,,0.0
2,21,2,,,,,,,,,0.0
2,21,2,,,,,,,,,0.0
2,21,2,,,,,,,,,0.0
2,21,2,,,,,,,,,0.0
2,22,2,,,,,,,,,0.0
2,22,2,,,,,,,,,0.0
2,22,2,,,,,,,,,0.0
2,22,2,,,,,,,,,0.0
2,23,2,,,,,,,,,0.0
2,23,2,,,,,,,,,0.0
2,23,2,,,,,,,,,0.0
2,23,2,,,,,,,,,0.0
2,24,2,,,,,,,,,0.0
2,24,2,,,,,,,,,0.0
2,24,2,,,,,,,,,0.0
2,24,2,,,,,,,,,0.0
2,1,3,,,,,,,,,0.0
2,1,3,,,,,,,,,0.0
2,1,3,,,,,,,,,0.0
2,1,3,,,,,,,,,0.0
2,2,3,,,,,,,,,0.0
2,2,3,,,,,,,,,0.0
2,2,3,,,,,,,,,0.0
2,2,3,,,,,,,,,0.0
2,3,3,,,,,,,,,0.0
2,3,3,,,,,,,,,0.0
2,3,3,,,,,,,,,0.0
2,3,3,,,,,,,,,0.0
2,4,3,,,,,,,,,0.0
2,4,3,,,,,,,,,0.0
2,4,3,,,,,,,,,0.0
2,4,3,,,,,,,,,0.0
2,5,3,,,,,,,,,0.0
2,5,3,,,,,,,,,0.0
2,5,3,,,,,,,,,0.0
2,5,3,,,,,,,,,0.0
2,6,3,,,,,,,,,0.0
2,6,3,,,,,,,,,0.0
2,6,3,,,,,,,,,0.0
2,6,3,,,,,,,,,0.0
2,7,3,,,,,,,,,0.0
2,7,3,,,,,,,,,0.0
2,7,3,,,,,,,,,0.0
2,7,3,,,,,,,,,0.0
2,8,3,,,,,,,,,0.0
2,8,3,,,,,,,,,0.0
2,8,3,,,,,,,,,0.035
2,8,3,,,,,,,,,0.135
2,9,3,,,,,,,,,0.3625
2,9,3,,,,,,,,,0.9975
2,9,3,,,,,,,,,1.8175
2,9,3,,,,,,,,,2.285
2,10,3,,,,,,,,,2.735
2,10,3,,,,,,,,,3.4025
2,10,3,,,,,,,,,3.545
2,10,3,,,,,,,,,3.28
2,11,3,,,,,,,,,3.53
2,11,3,,,,,,,,,4.4475
2,11,3,,,,,,,,,5.1525
2,11,3,,,,,,,,,5.1275
2,12,3,,,,,,,,,5.255
2,12,3,,,,,,,,,5.6575
2,12,3,,,,,,,,,5.605
2,12,3,,,,,,,,,5.95
2,13,3,,,,,,,,,5.31
2,13,3,,,,,,,,,5.685
2,13,3,,,,,,,,,5.895
2,13,3,,,,,,,,,5.48
2,14,3,,,,,,,,,5.59
2,14,3,,,,,,,,,5.4975
2,14,3,,,,,,,,,5.47
2,14,3,,,,,,,,,5.745
2,15,3,,,,,,,,,5.6075
2,15,3,,,,,,,,,5.275
2,15,3,,,,,,,,,5.12
2,15,3,,,,,,,,,4.63
2,16,3,,,,,,,,,3.695
2,16,3,,,,,,,,,3.7925
2,16,3,,,,,,,,,2.785
2,16,3,,,,,,,,,2.4275
2,17,3,,,,,,,,,1.655
2,17,3,,,,,,,,,1.4175
2,17,3,,,,,,,,,1.5275
2,17,3,,,,,,,,,1.0075
2,18,3,,,,,,,,,0.605
2,18,3,,,,,,,,,0.61
2,18,3,,,,,,,,,0.425
2,18,3,,,,,,,,,0.2875
2,19,3,,,,,,,,,0.1625
2,19,3,,,,,,,,,0.055
2,19,3,,,,,,,,,0.0075
2,19,3,,,,,,,,,0.0
2,20,3,,,,,,,,,0.0
2,20,3,,,,,,,,,0.0
2,20,3,,,,,,,,,0.0
2,20,3,,,,,,,,,0.0
2,21,3,,,,,,,,,0.0
2,21,3,,,,,,,,,0.0
2,21,3,,,,,,,,,0.0
2,21,3,,,,,,,,,0.0
2,22,3,,,,,,,,,0.0
2,22,3,,,,,,,,,0.0
2,22,3,,,,,,,,,0.0
2,22,3,,,,,,,,,0.0
2,23,3,,,,,,,,,0.0
2,23,3,,,,,,,,,0.0
2,23,3,,,,,,,,,0.0
2,23,3,,,,,,,,,0.0
2,24,3,,,,,,,,,0.0
2,24,3,,,,,,,,,0.0
2,24,3,,,,,,,,,0.0
2,24,3,,,,,,,,,0.0
2,1,4,,,,,,,,,0.0
2,1,4,,,,,,,,,0.0
2,1,4,,,,,,,,,0.0
2,1,4,,,,,,,,,0.0
2,2,4,,,,,,,,,0.0
2,2,4,,,,,,,,,0.0
2,2,4,,,,,,,,,0.0
2,2,4,,,,,,,,,0.0
2,3,4,,,,,,,,,0.0
2,3,4,,,,,,,,,0.0
2,3,4,,,,,,,,,0.0
2,3,4,,,,,,,,,0.0
2,4,4,,,,,,,,,0.0
2,4,4,,,,,,,,,0.0
2,4,4,,,,,,,,,0.0
2,4,4,,,,,,,,,0.0
2,5,4,,,,,,,,,0.0
2,5,4,,,,,,,,,0.0
2,5,4,,,,,,,,,0.0
2,5,4,,,,,,,,,0.0
2,6,4,,,,,,,,,0.0
2,6,4,,,,,,,,,0.0
2,6,4,,,,,,,,,0.0
2,6,4,,,,,,,,,0.0
2,7,4,,,,,,,,,0.0
2,7,4,,,,,,,,,0.0
2,7,4,,,,,,,,,0.0
2,7,4,,,,,,,,,0.0
2,8,4,,,,,,,,,0.0
2,8,4,,,,,,,,,0.0
2,8,4,,,,,,,,,0.0575
2,8,4,,,,,,,,,0.035
2,9,4,,,,,,,,,0.0875
2,9,4,,,,,,,,,0.075
2,9,4,,,,,,,,,0.1475
2,9,4,,,,,,,,,0.17
2,10,4,,,,,,,,,0.18
2,10,4,,,,,,,,,0.21
2,10,4,,,,,,,,,0.125
2,10,4,,,,,,,,,0.2175
2,11,4,,,,,,,,,0.535
2,11,4,,,,,,,,,0.185
2,11,4,,,,,,,,,0.41
2,11,4,,,,,,,,,0.4975
2,12,4,,,,,,,,,0.74
2,12,4,,,,,,,,,1.145
2,12,4,,,,,,,,,1.07
2,12,4,,,,,,,,,0.925
2,13,4,,,,,,,,,0.78
2,13,4,,,,,,,,,0.7075
2,13,4,,,,,,,,,0.6075
2,13,4,,,,,,,,,0.6975
2,14,4,,,,,,,,,0.6575
2,14,4,,,,,,,,,0.475
2,14,4,,,,,,,,,0.3925
2,14,4,,,,,,,,,0.35
2,15,4,,,,,,,,,0.565
2,15,4,,,,,,,,,0.79
2,15,4,,,,,,,,,0.8075
2,15,4,,,,,,,,,1.07
2,16,4,,,,,,,,,1.1075
2,16,4,,,,,,,,,0.71
2,16,4,,,,,,,,,1.1725
2,16,4,,,,,,,,,1.805
2,17,4,,,,,,,,,1.7525
2,17,4,,,,,,,,,2.5
2,17,4,,,,,,,,,1.79
2,17,4,,,,,,,,,1.08
2,18,4,,,,,,,,,0.9575
2,18,4,,,,,,,,,0.4675
2,18,4,,,,,,,,,0.285
2,18,4,,,,,,,,,0.09
2,19,4,,,,,,,,,0.0225
2,19,4,,,,,,,,,0.0
2,19,4,,,,,,,,,0.0
2,19,4,,,,,,,,,0.0
2,20,4,,,,,,,,,0.0
2,20,4,,,,,,,,,0.0
2,20,4,,,,,,,,,0.0
2,20,4,,,,,,,,,0.0
2,21,4,,,,,,,,,0.0
2,21,4,,,,,,,,,0.0
2,21,4,,,,,,,,,0.0
2,21,4,,,,,,,,,0.0
2,22,4,,,,,,,,,0.0
2,22,4,,,,,,,,,0.0
2,22,4,,,,,,,,,0.0
2,22,4,,,,,,,,,0.0
2,23,4,,,,,,,,,0.0
2,23,4,,,,,,,,,0.0
2,23,4,,,,,,,,,0.0
2,23,4,,,,,,,,,0.0
2,24,4,,,,,,,,,0.0
2,24,4,,,,,,,,,0.0
2,24,4,,,,,,,,,0.0
2,24,4,,,,,,,,,0.0
2,1,5,,,,,,,,,0.0
2,1,5,,,,,,,,,0.0
2,1,5,,,,,,,,,0.0
2,1,5,,,,,,,,,0.0
2,2,5,,,,,,,,,0.0
2,2,5,,,,,,,,,0.0
2,2,5,,,,,,,,,0.0
2,2,5,,,,,,,,,0.0
2,3,5,,,,,,,,,0.0
2,3,5,,,,,,,,,0.0
2,3,5,,,,,,,,,0.0
2,3,5,,,,,,,,,0.0
2,4,5,,,,,,,,,0.0
2,4,5,,,,,,,,,0.0
2,4,5,,,,,,,,,0.0
2,4,5,,,,,,,,,0.0
2,5,5,,,,,,,,,0.0
2,5,5,,,,,,,,,0.0
2,5,5,,,,,,,,,0.0
2,5,5,,,,,,,,,0.0
2,6,5,,,,,,,,,0.0
2,6,5,,,,,,,,,0.0
2,6,5,,,,,,,,,0.0
2,6,5,,,,,,,,,0.0
2,7,5,,,,,,,,,0.0
2,7,5,,,,,,,,,0.0
2,7,5,,,,,,,,,0.0
2,7,5,,,,,,,,,0.0
2,8,5,,,,,,,,,0.0
2,8,5,,,,,,,,,0.0
2,8,5,,,,,,,,,0.0
2,8,5,,,,,,,,,0.015
2,9,5,,,,,,,,,0.055
2,9,5,,,,,,,,,0.0925
2,9,5,,,,,,,,,0.33
2,9,5,,,,,,,,,0.7225
2,10,5,,,,,,,,,0.93
2,10,5,,,,,,,,,1.405
2,10,5,,,,,,,,,1.59
2,10,5,,,,,,,,,2.25
2,11,5,,,,,,,,,2.31
2,11,5,,,,,,,,,1.4775
2,11,5,,,,,,,,,1.4175
2,11,5,,,,,,,,,1.5025
2,12,5,,,,,,,,,1.31
2,12,5,,,,,,,,,1.4725
2,12,5,,,,,,,,,1.18
2,12,5,,,,,,,,,0.97
2,13,5,,,,,,,,,1.465
2,13,5,,,,,,,,,2.0475
2,13,5,,,,,,,,,4.1425
2,13,5,,,,,,,,,5.5725
2,14,5,,,,,,,,,4.3925
2,14,5,,,,,,,,,4.6725
2,14,5,,,,,,,,,3.8425
2,14,5,,,,,,,,,5.4175
2,15,5,,,,,,,,,4.99
2,15,5,,,,,,,,,5.3625
2,15,5,,,,,,,,,5.34
2,15,5,,,,,,,,,5.14
2,16,5,,,,,,,,,4.8725
2,16,5,,,,,,,,,4.58
2,16,5,,,,,,,,,4.2725
2,16,5,,,,,,,,,3.935
2,17,5,,,,,,,,,3.58
2,17,5,,,,,,,,,3.14
2,17,5,,,,,,,,,2.7625
2,17,5,,,,,,,,,2.3075
2,18,5,,,,,,,,,1.835
2,18,5,,,,,,,,,1.3125
2,18,5,,,,,,,,,0.815
2,18,5,,,,,,,,,0.475
2,19,5,,,,,,,,,0.225
2,19,5,,,,,,,,,0.095
2,19,5,,,,,,,,,0.02
2,19,5,,,,,,,,,0.0
2,20,5,,,,,,,,,0.0
2,20,5,,,,,,,,,0.0
2,20,5,,,,,,,,,0.0
2,20,5,,,,,,,,,0.0
2,21,5,,,,,,,,,0.0
2,21,5,,,,,,,,,0.0
2,21,5,,,,,,,,,0.0
2,21,5,,,,,,,,,0.0
2,22,5,,,,,,,,,0.0
2,22,5,,,,,,,,,0.0
2,22,5,,,,,,,,,0.0
2,22,5,,,,,,,,,0.0
2,23,5,,,,,,,,,0.0
2,23,5,,,,,,,,,0.0
2,23,5,,,,,,,,,0.0
2,23,5,,,,,,,,,0.0
2,24,5,,,,,,,,,0.0
2,24,5,,,,,,,,,0.0
2,24,5,,,,,,,,,0.0
2,24,5,,,,,,,,,0.0
3,1,6,,,,,,,,,0.0
3,1,6,,,,,,,,,0.0
3,1,6,,,,,,,,,0.0
3,1,6,,,,,,,,,0.0
3,2,6,,,,,,,,,0.0
3,2,6,,,,,,,,,0.0
3,2,6,,,,,,,,,0.0
3,2,6,,,,,,,,,0.0
3,3,6,,,,,,,,,0.0
3,3,6,,,,,,,,,0.0
3,3,6,,,,,,,,,0.0
3,3,6,,,,,,,,,0.0
3,4,6,,,,,,,,,0.0
3,4,6,,,,,,,,,0.0
3,4,6,,,,,,,,,0.0
3,4,6,,,,,,,,,0.0
3,5,6,,,,,,,,,0.0
3,5,6,,,,,,,,,0.0
3,5,6,,,,,,,,,0.0
3,5,6,,,,,,,,,0.0
3,6,6,,,,,,,,,0.0
3,6,6,,,,,,,,,0.0
3,6,6,,,,,,,,,0.0
3,6,6,,,,,,,,,0.0
3,7,6,,,,,,,,,0.0
3,7,6,,,,,,,,,0.0
3,7,6,,,,,,,,,0.0
3,7,6,,,,,,,,,0.0
3,8,6,,,,,,,,,0.0
3,8,6,,,,,,,,,0.0
3,8,6,,,,,,,,,0.06
3,8,6,,,,,,,,,0.185
3,9,6,,,,,,,,,0.5975
3,9,6,,,,,,,,,1.2875
3,9,6,,,,,,,,,1.9425
3,9,6,,,,,,,,,2.4825
3,10,6,,,,,,,,,2.9775
3,10,6,,,,,,,,,3.455
3,10,6,,,,,,,,,3.9025
3,10,6,,,,,,,,,4.265
3,11,6,,,,,,,,,4.6325
3,11,6,,,,,,,,,4.95
3,11,6,,,,,,,,,5.225
3,11,6,,,,,,,,,5.735
3,12,6,,,,,,,,,5.745
3,12,6,,,,,,,,,5.945
3,12,6,,,,,,,,,6.0375
3,12,6,,,,,,,,,6.14
3,13,6,,,,,,,,,6.135
3,13,6,,,,,,,,,6.13
3,13,6,,,,,,,,,6.14
3,13,6,,,,,,,,,6.145
3,14,6,,,,,,,,,6.1325
3,14,6,,,,,,,,,5.755
3,14,6,,,,,,,,,5.655
3,14,6,,,,,,,,,4.535
3,15,6,,,,,,,,,2.2175
3,15,6,,,,,,,,,3.495
3,15,6,,,,,,,,,2.6
3,15,6,,,,,,,,,1.57
3,16,6,,,,,,,,,3.01
3,16,6,,,,,,,,,4.675
3,16,6,,,,,,,,,2.5525
3,16,6,,,,,,,,,3.43
3,17,6,,,,,,,,,3.3975
3,17,6,,,,,,,,,3.295
3,17,6,,,,,,,,,2.6425
3,17,6,,,,,,,,,2.45
3,18,6,,,,,,,,,2.0225
3,18,6,,,,,,,,,1.4075
3,18,6,,,,,,,,,0.8775
3,18,6,,,,,,,,,0.4925
3,19,6,,,,,,,,,0.2275
3,19,6,,,,,,,,,0.08
3,19,6,,,,,,,,,0.0225
3,19,6,,,,,,,,,0.0
3,20,6,,,,,,,,,0.0
3,20,6,,,,,,,,,0.0
3,20,6,,,,,,,,,0.0
3,20,6,,,,,,,,,0.0
3,21,6,,,,,,,,,0.0
3,21,6,,,,,,,,,0.0
3,21,6,,,,,,,,,0.0
3,21,6,,,,,,,,,0.0
3,22,6,,,,,,,,,0.0
3,22,6,,,,,,,,,0.0
3,22,6,,,,,,,,,0.0
3,22,6,,,,,,,,,0.0
3,23,6,,,,,,,,,0.0
3,23,6,,,,,,,,,0.0
3,23,6,,,,,,,,,0.0
3,23,6,,,,,,,,,0.0
3,24,6,,,,,,,,,0.0
3,24,6,,,,,,,,,0.0
3,24,6,,,,,,,,,0.0
3,24,6,,,,,,,,,0.0
3,1,7,,,,,,,,,0.0
3,1,7,,,,,,,,,0.0
3,1,7,,,,,,,,,0.0
3,1,7,,,,,,,,,0.0
3,2,7,,,,,,,,,0.0
3,2,7,,,,,,,,,0.0
3,2,7,,,,,,,,,0.0
3,2,7,,,,,,,,,0.0
3,3,7,,,,,,,,,0.0
3,3,7,,,,,,,,,0.0
3,3,7,,,,,,,,,0.0
3,3,7,,,,,,,,,0.0
3,4,7,,,,,,,,,0.0
3,4,7,,,,,,,,,0.0
3,4,7,,,,,,,,,0.0
3,4,7,,,,,,,,,0.0
3,5,7,,,,,,,,,0.0
3,5,7,,,,,,,,,0.0
3,5,7,,,,,,,,,0.0
3,5,7,,,,,,,,,0.0
3,6,7,,,,,,,,,0.0
3,6,7,,,,,,,,,0.0
3,6,7,,,,,,,,,0.0
3,6,7,,,,,,,,,0.0
3,7,7,,,,,,,,,0.0
3,7,7,,,,,,,,,0.0
3,7,7,,,,,,,,,0.0
3,7,7,,,,,,,,,0.0
3,8,7,,,,,,,,,0.0
3,8,7,,,,,,,,,0.005
3,8,7,,,,,,,,,0.075
3,8,7,,,,,,,,,0.2325
3,9,7,,,,,,,,,0.6525
3,9,7,,,,,,,,,1.34
3,9,7,,,,,,,,,2.0675
3,9,7,,,,,,,,,2.6675
3,10,7,,,,,,,,,3.1825
3,10,7,,,,,,,,,3.67
3,10,7,,,,,,,,,4.115
3,10,7,,,,,,,,,4.5175
3,11,7,,,,,,,,,4.845
3,11,7,,,,,,,,,5.17
3,11,7,,,,,,,,,5.425
3,11,7,,,,,,,,,5.71
3,12,7,,,,,,,,,5.8975
3,12,7,,,,,,,,,6.06
3,12,7,,,,,,,,,6.1425
3,12,7,,,,,,,,,6.1575
3,13,7,,,,,,,,,6.17
3,13,7,,,,,,,,,6.165
3,13,7,,,,,,,,,6.1875
3,13,7,,,,,,,,,6.17
3,14,7,,,,,,,,,6.0825
3,14,7,,,,,,,,,6.1125
3,14,7,,,,,,,,,6.1325
3,14,7,,,,,,,,,6.135
3,15,7,,,,,,,,,6.0
3,15,7,,,,,,,,,5.7975
3,15,7,,,,,,,,,5.5625
3,15,7,,,,,,,,,5.3375
3,16,7,,,,,,,,,5.0875
3,16,7,,,,,,,,,4.825
3,16,7,,,,,,,,,4.5325
3,16,7,,,,,,,,,4.235
3,17,7,,,,,,,,,4.06
3,17,7,,,,,,,,,2.66
3,17,7,,,,,,,,,1.85
3,17,7,,,,,,,,,0.865
3,18,7,,,,,,,,,0.95
3,18,7,,,,,,,,,0.645
3,18,7,,,,,,,,,0.485
3,18,7,,,,,,,,,0.35
3,19,7,,,,,,,,,0.3875
3,19,7,,,,,,,,,0.2225
3,19,7,,,,,,,,,0.09
3,19,7,,,,,,,,,0.0
3,20,7,,,,,,,,,0.0
3,20,7,,,,,,,,,0.0
3,20,7,,,,,,,,,0.0
3,20,7,,,,,,,,,0.0
3,21,7,,,,,,,,,0.0
3,21,7,,,,,,,,,0.0
3,21,7,,,,,,,,,0.0
3,21,7,,,,,,,,,0.0
3,22,7,,,,,,,,,0.0
3,22,7,,,,,,,,,0.0
3,22,7,,,,,,,,,0.0
3,22,7,,,,,,,,,0.0
3,23,7,,,,,,,,,0.0
3,23,7,,,,,,,,,0.0
3,23,7,,,,,,,,,0.0
3,23,7,,,,,,,,,0.0
3,24,7,,,,,,,,,0.0
3,24,7,,,,,,,,,0.0
3,24,7,,,,,,,,,0.0
3,24,7,,,,,,,,,0.0
3,1,1,,,,,,,,,0.0
3,1,1,,,,,,,,,0.0
3,1,1,,,,,,,,,0.0
3,1,1,,,,,,,,,0.0
3,2,1,,,,,,,,,0.0
3,2,1,,,,,,,,,0.0
3,2,1,,,,,,,,,0.0
3,2,1,,,,,,,,,0.0
3,3,1,,,,,,,,,0.0
3,3,1,,,,,,,,,0.0
3,3,1,,,,,,,,,0.0
3,3,1,,,,,,,,,0.0
3,4,1,,,,,,,,,0.0
3,4,1,,,,,,,,,0.0
3,4,1,,,,,,,,,0.0
3,4,1,,,,,,,,,0.0
3,5,1,,,,,,,,,0.0
3,5,1,,,,,,,,,0.0
3,5,1,,,,,,,,,0.0
3,5,1,,,,,,,,,0.0
3,6,1,,,,,,,,,0.0
3,6,1,,,,,,,,,0.0
3,6,1,,,,,,,,,0.0
3,6,1,,,,,,,,,0.0
3,7,1,,,,,,,,,0.0
3,7,1,,,,,,,,,0.0
3,7,1,,,,,,,,,0.0
3,7,1,,,,,,,,,0.0
3,8,1,,,,,,,,,0.0
3,8,1,,,,,,,,,0.0
3,8,1,,,,,,,,,0.03
3,8,1,,,,,,,,,0.1375
3,9,1,,,,,,,,,0.3
3,9,1,,,,,,,,,0.52
3,9,1,,,,,,,,,0.97
3,9,1,,,,,,,,,1.1475
3,10,1,,,,,,,,,3.325
3,10,1,,,,,,,,,4.0725
3,10,1,,,,,,,,,3.3925
3,10,1,,,,,,,,,3.2975
3,11,1,,,,,,,,,3.715
3,11,1,,,,,,,,,3.2175
3,11,1,,,,,,,,,4.475
3,11,1,,,,,,,,,5.025
3,12,1,,,,,,,,,5.9325
3,12,1,,,,,,,,,5.8225
3,12,1,,,,,,,,,5.3575
3,12,1,,,,,,,,,5.1125
3,13,1,,,,,,,,,4.105
3,13,1,,,,,,,,,1.7775
3,13,1,,,,,,,,,0.9725
3,13,1,,,,,,,,,0.895
3,14,1,,,,,,,,,0.7525
3,14,1,,,,,,,,,0.7475
3,14,1,,,,,,,,,0.91
3,14,1,,,,,,,,,1.165
3,15,1,,,,,,,,,1.375
3,15,1,,,,,,,,,2.77
3,15,1,,,,,,,,,1.295
3,15,1,,,,,,,,,0.7675
3,16,1,,,,,,,,,0.7825
3,16,1,,,,,,,,,0.7675
3,16,1,,,,,,,,,0.495
3,16,1,,,,,,,,,0.2175
3,17,1,,,,,,,,,0.2075
3,17,1,,,,,,,,,0.225
3,17,1,,,,,,,,,0.1825
3,17,1,,,,,,,,,0.185
3,18,1,,,,,,,,,0.2875
3,18,1,,,,,,,,,0.385
3,18,1,,,,,,,,,0.3575
3,18,1,,,,,,,,,0.3275
3,19,1,,,,,,,,,0.28
3,19,1,,,,,,,,,0.145
3,19,1,,,,,,,,,0.025
3,19,1,,,,,,,,,0.0
3,20,1,,,,,,,,,0.0
3,20,1,,,,,,,,,0.0
3,20,1,,,,,,,,,0.0
3,20,1,,,,,,,,,0.0
3,21,1,,,,,,,,,0.0
3,21,1,,,,,,,,,0.0
3,21,1,,,,,,,,,0.0
3,21,1,,,,,,,,,0.0
3,22,1,,,,,,,,,0.0
3,22,1,,,,,,,,,0.0
3,22,1,,,,,,,,,0.0
3,22,1,,,,,,,,,0.0
3,23,1,,,,,,,,,0.0
3,23,1,,,,,,,,,0.0
3,23,1,,,,,,,,,0.0
3,23,1,,,,,,,,,0.0
3,24,1,,,,,,,,,0.0
3,24,1,,,,,,,,,0.0
3,24,1,,,,,,,,,0.0
3,24,1,,,,,,,,,0.0
3,1,2,,,,,,,,,0.0
3,1,2,,,,,,,,,0.0
3,1,2,,,,,,,,,0.0
3,1,2,,,,,,,,,0.0
3,2,2,,,,,,,,,0.0
3,2,2,,,,,,,,,0.0
3,2,2,,,,,,,,,0.0
3,2,2,,,,,,,,,0.0
3,3,2,,,,,,,,,0.0
3,3,2,,,,,,,,,0.0
3,3,2,,,,,,,,,0.0
3,3,2,,,,,,,,,0.0
3,4,2,,,,,,,,,0.0
3,4,2,,,,,,,,,0.0
3,4,2,,,,,,,,,0.0
3,4,2,,,,,,,,,0.0
3,5,2,,,,,,,,,0.0
3,5,2,,,,,,,,,0.0
3,5,2,,,,,,,,,0.0
3,5,2,,,,,,,,,0.0
3,6,2,,,,,,,,,0.0
3,6,2,,,,,,,,,0.0
3,6,2,,,,,,,,,0.0
3,6,2,,,,,,,,,0.0
3,7,2,,,,,,,,,0.0
3,7,2,,,,,,,,,0.0
3,7,2,,,,,,,,,0.0
3,7,2,,,,,,,,,0.0
3,8,2,,,,,,,,,0.0
3,8,2,,,,,,,,,0.0025
3,8,2,,,,,,,,,0.145
3,8,2,,,,,,,,,0.245
3,9,2,,,,,,,,,0.675
3,9,2,,,,,,,,,0.3675
3,9,2,,,,,,,,,0.48
3,9,2,,,,,,,,,0.645
3,10,2,,,,,,,,,0.9225
3,10,2,,,,,,,,,1.46
3,10,2,,,,,,,,,0.7
3,10,2,,,,,,,,,0.855
3,11,2,,,,,,,,,1.205
3,11,2,,,,,,,,,1.4775
3,11,2,,,,,,,,,1.725
3,11,2,,,,,,,,,2.06
3,12,2,,,,,,,,,2.31
3,12,2,,,,,,,,,2.485
3,12,2,,,,,,,,,4.905
3,12,2,,,,,,,,,5.365
3,13,2,,,,,,,,,6.275
3,13,2,,,,,,,,,6.1575
3,13,2,,,,,,,,,6.1125
3,13,2,,,,,,,,,6.165
3,14,2,,,,,,,,,5.49
3,14,2,,,,,,,,,6.1075
3,14,2,,,,,,,,,6.0025
3,14,2,,,,,,,,,5.8525
3,15,2,,,,,,,,,5.725
3,15,2,,,,,,,,,5.4875
3,15,2,,,,,,,,,5.195
3,15,2,,,,,,,,,5.0325
3,16,2,,,,,,,,,3.335
3,16,2,,,,,,,,,4.62
3,16,2,,,,,,,,,4.565
3,16,2,,,,,,,,,3.1875
3,17,2,,,,,,,,,3.175
3,17,2,,,,,,,,,3.3725
3,17,2,,,,,,,,,2.945
3,17,2,,,,,,,,,2.4525
3,18,2,,,,,,,,,1.9825
3,18,2,,,,,,,,,1.43
3,18,2,,,,,,,,,0.9225
3,18,2,,,,,,,,,0.5525
3,19,2,,,,,,,,,0.27
3,19,2,,,,,,,,,0.115
3,19,2,,,,,,,,,0.0375
3,19,2,,,,,,,,,0.0
3,20,2,,,,,,,,,0.0
3,20,2,,,,,,,,,0.0
3,20,2,,,,,,,,,0.0
3,20,2,,,,,,,,,0.0
3,21,2,,,,,,,,,0.0
3,21,2,,,,,,,,,0.0
3,21,2,,,,,,,,,0.0
3,21,2,,,,,,,,,0.0
3,22,2,,,,,,,,,0.0
3,22,2,,,,,,,,,0.0
3,22,2,,,,,,,,,0.0
3,22,2,,,,,,,,,0.0
3,23,2,,,,,,,,,0.0
3,23,2,,,,,,,,,0.0
3,23,2,,,,,,,,,0.0
3,23,2,,,,,,,,,0.0
3,24,2,,,,,,,,,0.0
3,24,2,,,,,,,,,0.0
3,24,2,,,,,,,,,0.0
3,24,2,,,,,,,,,0.0
3,1,3,,,,,,,,,0.0
3,1,3,,,,,,,,,0.0
3,1,3,,,,,,,,,0.0
3,1,3,,,,,,,,,0.0
3,2,3,,,,,,,,,0.0
3,2,3,,,,,,,,,0.0
3,2,3,,,,,,,,,0.0
3,2,3,,,,,,,,,0.0
3,3,3,,,,,,,,,0.0
3,3,3,,,,,,,,,0.0
3,3,3,,,,,,,,,0.0
3,3,3,,,,,,,,,0.0
3,4,3,,,,,,,,,0.0
3,4,3,,,,,,,,,0.0
3,4,3,,,,,,,,,0.0
3,4,3,,,,,,,,,0.0
3,5,3,,,,,,,,,0.0
3,5,3,,,,,,,,,0.0
3,5,3,,,,,,,,,0.0
3,5,3,,,,,,,,,0.0
3,6,3,,,,,,,,,0.0
3,6,3,,,,,,,,,0.0
3,6,3,,,,,,,,,0.0
3,6,3,,,,,,,,,0.0
3,7,3,,,,,,,,,0.0
3,7,3,,,,,,,,,0.0
3,7,3,,,,,,,,,0.0
3,7,3,,,,,,,,,0.0
3,8,3,,,,,,,,,0.0
3,8,3,,,,,,,,,0.0
3,8,3,,,,,,,,,0.0
3,8,3,,,,,,,,,0.015
3,9,3,,,,,,,,,0.085
3,9,3,,,,,,,,,0.145
3,9,3,,,,,,,,,0.4375
3,9,3,,,,,,,,,0.5825
3,10,3,,,,,,,,,1.14
3,10,3,,,,,,,,,1.25
3,10,3,,,,,,,,,0.6675
3,10,3,,,,,,,,,0.4275
3,11,3,,,,,,,,,0.5425
3,11,3,,,,,,,,,0.5325
3,11,3,,,,,,,,,0.38
3,11,3,,,,,,,,,0.5
3,12,3,,,,,,,,,0.9775
3,12,3,,,,,,,,,0.8425
3,12,3,,,,,,,,,0.8425
3,12,3,,,,,,,,,1.36
3,13,3,,,,,,,,,2.2225
3,13,3,,,,,,,,,3.33
3,13,3,,,,,,,,,1.9425
3,13,3,,,,,,,,,1.4875
3,14,3,,,,,,,,,1.545
3,14,3,,,,,,,,,1.525
3,14,3,,,,,,,,,0.92
3,14,3,,,,,,,,,0.7
3,15,3,,,,,,,,,0.73
3,15,3,,,,,,,,,0.85
3,15,3,,,,,,,,,0.79
3,15,3,,,,,,,,,0.455
3,16,3,,,,,,,,,0.365
3,16,3,,,,,,,,,0.625
3,16,3,,,,,,,,,1.4675
3,16,3,,,,,,,,,1.04
3,17,3,,,,,,,,,0.9175
3,17,3,,,,,,,,,0.575
3,17,3,,,,,,,,,0.5
3,17,3,,,,,,,,,0.505
3,18,3,,,,,,,,,0.67
3,18,3,,,,,,,,,0.585
3,18,3,,,,,,,,,0.405
3,18,3,,,,,,,,,0.3325
3,19,3,,,,,,,,,0.265
3,19,3,,,,,,,,,0.0825
3,19,3,,,,,,,,,0.025
3,19,3,,,,,,,,,0.0
3,20,3,,,,,,,,,0.0
3,20,3,,,,,,,,,0.0
3,20,3,,,,,,,,,0.0
3,20,3,,,,,,,,,0.0
3,21,3,,,,,,,,,0.0
3,21,3,,,,,,,,,0.0
3,21,3,,,,,,,,,0.0
3,21,3,,,,,,,,,0.0
3,22,3,,,,,,,,,0.0
3,22,3,,,,,,,,,0.0
3,22,3,,,,,,,,,0.0
3,22,3,,,,,,,,,0.0
3,23,3,,,,,,,,,0.0
3,23,3,,,,,,,,,0.0
3,23,3,,,,,,,,,0.0
3,23,3,,,,,,,,,0.0
3,24,3,,,,,,,,,0.0
3,24,3,,,,,,,,,0.0
3,24,3,,,,,,,,,0.0
3,24,3,,,,,,,,,0.0
3,1,4,,,,,,,,,0.0
3,1,4,,,,,,,,,0.0
3,1,4,,,,,,,,,0.0
3,1,4,,,,,,,,,0.0
3,2,4,,,,,,,,,0.0
3,2,4,,,,,,,,,0.0
3,2,4,,,,,,,,,0.0
3,2,4,,,,,,,,,0.0
3,3,4,,,,,,,,,0.0
3,3,4,,,,,,,,,0.0
3,3,4,,,,,,,,,0.0
3,3,4,,,,,,,,,0.0
3,4,4,,,,,,,,,0.0
3,4,4,,,,,,,,,0.0
3,4,4,,,,,,,,,0.0
3,4,4,,,,,,,,,0.0
3,5,4,,,,,,,,,0.0
3,5,4,,,,,,,,,0.0
3,5,4,,,,,,,,,0.0
3,5,4,,,,,,,,,0.0
3,6,4,,,,,,,,,0.0
3,6,4,,,,,,,,,0.0
3,6,4,,,,,,,,,0.0
3,6,4,,,,,,,,,0.0
3,7,4,,,,,,,,,0.0
3,7,4,,,,,,,,,0.0
3,7,4,,,,,,,,,0.0
3,7,4,,,,,,,,,0.0
3,8,4,,,,,,,,,0.0
3,8,4,,,,,,,,,0.0
3,8,4,,,,,,,,,0.0225
3,8,4,,,,,,,,,0.055
3,9,4,,,,,,,,,0.0725
3,9,4,,,,,,,,,0.055
3,9,4,,,,,,,,,0.24
3,9,4,,,,,,,,,0.4025
3,10,4,,,,,,,,,0.58
3,10,4,,,,,,,,,0.7425
3,10,4,,,,,,,,,0.865
3,10,4,,,,,,,,,0.7325
3,11,4,,,,,,,,,0.595
3,11,4,,,,,,,,,0.6775
3,11,4,,,,,,,,,1.18
3,11,4,,,,,,,,,1.2325
3,12,4,,,,,,,,,1.765
3,12,4,,,,,,,,,1.8075
3,12,4,,,,,,,,,0.885
3,12,4,,,,,,,,,0.635
3,13,4,,,,,,,,,1.0175
3,13,4,,,,,,,,,1.9875
3,13,4,,,,,,,,,5.355
3,13,4,,,,,,,,,3.68
3,14,4,,,,,,,,,1.59
3,14,4,,,,,,,,,2.68
3,14,4,,,,,,,,,2.8725
3,14,4,,,,,,,,,2.57
3,15,4,,,,,,,,,1.41
3,15,4,,,,,,,,,1.5475
3,15,4,,,,,,,,,4.1
3,15,4,,,,,,,,,3.865
3,16,4,,,,,,,,,4.38
3,16,4,,,,,,,,,2.62
3,16,4,,,,,,,,,4.825
3,16,4,,,,,,,,,4.1775
3,17,4,,,,,,,,,3.6875
3,17,4,,,,,,,,,3.235
3,17,4,,,,,,,,,1.9075
3,17,4,,,,,,,,,1.235
3,18,4,,,,,,,,,0.9
3,18,4,,,,,,,,,0.6725
3,18,4,,,,,,,,,0.395
3,18,4,,,,,,,,,0.31
3,19,4,,,,,,,,,0.25
3,19,4,,,,,,,,,0.0575
3,19,4,,,,,,,,,0.0125
3,19,4,,,,,,,,,0.0
3,20,4,,,,,,,,,0.0
3,20,4,,,,,,,,,0.0
3,20,4,,,,,,,,,0.0
3,20,4,,,,,,,,,0.0
3,21,4,,,,,,,,,0.0
3,21,4,,,,,,,,,0.0
3,21,4,,,,,,,,,0.0
3,21,4,,,,,,,,,0.0
3,22,4,,,,,,,,,0.0
3,22,4,,,,,,,,,0.0
3,22,4,,,,,,,,,0.0
3,22,4,,,,,,,,,0.0
3,23,4,,,,,,,,,0.0
3,23,4,,,,,,,,,0.0
3,23,4,,,,,,,,,0.0
3,23,4,,,,,,,,,0.0
3,24,4,,,,,,,,,0.0
3,24,4,,,,,,,,,0.0
3,24,4,,,,,,,,,0.0
3,24,4,,,,,,,,,0.0
3,1,5,,,,,,,,,0.0
3,1,5,,,,,,,,,0.0
3,1,5,,,,,,,,,0.0
3,1,5,,,,,,,,,0.0
3,2,5,,,,,,,,,0.0
3,2,5,,,,,,,,,0.0
3,2,5,,,,,,,,,0.0
3,2,5,,,,,,,,,0.0
3,3,5,,,,,,,,,0.0
3,3,5,,,,,,,,,0.0
3,3,5,,,,,,,,,0.0
3,3,5,,,,,,,,,0.0
3,4,5,,,,,,,,,0.0
3,4,5,,,,,,,,,0.0
3,4,5,,,,,,,,,0.0
3,4,5,,,,,,,,,0.0
3,5,5,,,,,,,,,0.0
3,5,5,,,,,,,,,0.0
3,5,5,,,,,,,,,0.0
3,5,5,,,,,,,,,0.0
3,6,5,,,,,,,,,0.0
3,6,5,,,,,,,,,0.0
3,6,5,,,,,,,,,0.0
3,6,5,,,,,,,,,0.0
3,7,5,,,,,,,,,0.0
3,7,5,,,,,,,,,0.0
3,7,5,,,,,,,,,0.0
3,7,5,,,,,,,,,0.0
3,8,5,,,,,,,,,0.0
3,8,5,,,,,,,,,0.0
3,8,5,,,,,,,,,0.0475
3,8,5,,,,,,,,,0.13
3,9,5,,,,,,,,,0.315
3,9,5,,,,,,,,,0.645
3,9,5,,,,,,,,,1.28
3,9,5,,,,,,,,,1.08
3,10,5,,,,,,,,,1.1025
3,10,5,,,,,,,,,0.8725
3,10,5,,,,,,,,,0.59
3,10,5,,,,,,,,,0.72
3,11,5,,,,,,,,,1.095
3,11,5,,,,,,,,,1.565
3,11,5,,,,,,,,,2.63
3,11,5,,,,,,,,,2.3725
3,12,5,,,,,,,,,3.775
3,12,5,,,,,,,,,4.6175
3,12,5,,,,,,,,,2.7
3,12,5,,,,,,,,,2.46
3,13,5,,,,,,,,,2.5175
3,13,5,,,,,,,,,2.315
3,13,5,,,,,,,,,1.6725
3,13,5,,,,,,,,,1.4975
3,14,5,,,,,,,,,1.2625
3,14,5,,,,,,,,,1.8625
3,14,5,,,,,,,,,2.135
3,14,5,,,,,,,,,1.3
3,15,5,,,,,,,,,2.035
3,15,5,,,,,,,,,2.89
3,15,5,,,,,,,,,2.69
3,15,5,,,,,,,,,2.7025
3,16,5,,,,,,,,,2.1675
3,16,5,,,,,,,,,0.8525
3,16,5,,,,,,,,,0.4
3,16,5,,,,,,,,,0.19
3,17,5,,,,,,,,,0.07
3,17,5,,,,,,,,,0.0475
3,17,5,,,,,,,,,0.035
3,17,5,,,,,,,,,0.065
3,18,5,,,,,,,,,0.0925
3,18,5,,,,,,,,,0.25
3,18,5,,,,,,,,,0.81
3,18,5,,,,,,,,,0.57
3,19,5,,,,,,,,,0.05
3,19,5,,,,,,,,,0.0
3,19,5,,,,,,,,,0.0
3,19,5,,,,,,,,,0.0
3,20,5,,,,,,,,,0.0
3,20,5,,,,,,,,,0.0
3,20,5,,,,,,,,,0.0
3,20,5,,,,,,,,,0.0
3,21,5,,,,,,,,,0.0
3,21,5,,,,,,,,,0.0
3,21,5,,,,,,,,,0.0
3,21,5,,,,,,,,,0.0
3,22,5,,,,,,,,,0.0
3,22,5,,,,,,,,,0.0
3,22,5,,,,,,,,,0.0
3,22,5,,,,,,,,,0.0
3,23,5,,,,,,,,,0.0
3,23,5,,,,,,,,,0.0
3,23,5,,,,,,,,,0.0
3,23,5,,,,,,,,,0.0
3,24,5,,,,,,,,,0.0
3,24,5,,,,,,,,,0.0
3,24,5,,,,,,,,,0.0
3,24,5,,,,,,,,,0.0
3,1,6,,,,,,,,,0.0
3,1,6,,,,,,,,,0.0
3,1,6,,,,,,,,,0.0
3,1,6,,,,,,,,,0.0
3,2,6,,,,,,,,,0.0
3,2,6,,,,,,,,,0.0
3,2,6,,,,,,,,,0.0
3,2,6,,,,,,,,,0.0
3,3,6,,,,,,,,,0.0
3,3,6,,,,,,,,,0.0
3,3,6,,,,,,,,,0.0
3,3,6,,,,,,,,,0.0
3,4,6,,,,,,,,,0.0
3,4,6,,,,,,,,,0.0
3,4,6,,,,,,,,,0.0
3,4,6,,,,,,,,,0.0
3,5,6,,,,,,,,,0.0
3,5,6,,,,,,,,,0.0
3,5,6,,,,,,,,,0.0
3,5,6,,,,,,,,,0.0
3,6,6,,,,,,,,,0.0
3,6,6,,,,,,,,,0.0
3,6,6,,,,,,,,,0.0
3,6,6,,,,,,,,,0.0
3,7,6,,,,,,,,,0.0
3,7,6,,,,,,,,,0.0
3,7,6,,,,,,,,,0.0
3,7,6,,,,,,,,,0.0
3,8,6,,,,,,,,,0.0
3,8,6,,,,,,,,,0.0
3,8,6,,,,,,,,,0.0125
3,8,6,,,,,,,,,0.055
3,9,6,,,,,,,,,0.15
3,9,6,,,,,,,,,0.165
3,9,6,,,,,,,,,0.255
3,9,6,,,,,,,,,0.3825
3,10,6,,,,,,,,,0.79
3,10,6,,,,,,,,,1.045
3,10,6,,,,,,,,,0.91
3,10,6,,,,,,,,,1.3425
3,11,6,,,,,,,,,0.94
3,11,6,,,,,,,,,1.31
3,11,6,,,,,,,,,3.0325
3,11,6,,,,,,,,,5.9575
3,12,6,,,,,,,,,2.9525
3,12,6,,,,,,,,,1.89
3,12,6,,,,,,,,,3.9475
3,12,6,,,,,,,,,5.2975
3,13,6,,,,,,,,,1.315
3,13,6,,,,,,,,,1.88
3,13,6,,,,,,,,,3.865
3,13,6,,,,,,,,,3.39
3,14,6,,,,,,,,,1.0575
3,14,6,,,,,,,,,1.625
3,14,6,,,,,,,,,0.815
3,14,6,,,,,,,,,0.3025
3,15,6,,,,,,,,,0.5025
3,15,6,,,,,,,,,1.4775
3,15,6,,,,,,,,,1.275
3,15,6,,,,,,,,,1.625
3,16,6,,,,,,,,,1.6925
3,16,6,,,,,,,,,1.5475
3,16,6,,,,,,,,,2.0675
3,16,6,,,,,,,,,1.0875
3,17,6,,,,,,,,,1.5175
3,17,6,,,,,,,,,1.3025
3,17,6,,,,,,,,,1.03
3,17,6,,,,,,,,,0.73
3,18,6,,,,,,,,,0.2675
3,18,6,,,,,,,,,0.415
3,18,6,,,,,,,,,0.62
3,18,6,,,,,,,,,0.48
3,19,6,,,,,,,,,0.2175
3,19,6,,,,,,,,,0.14
3,19,6,,,,,,,,,0.0375
3,19,6,,,,,,,,,0.0
3,20,6,,,,,,,,,0.0
3,20,6,,,,,,,,,0.0
3,20,6,,,,,,,,,0.0
3,20,6,,,,,,,,,0.0
3,21,6,,,,,,,,,0.0
3,21,6,,,,,,,,,0.0
3,21,6,,,,,,,,,0.0
3,21,6,,,,,,,,,0.0
3,22,6,,,,,,,,,0.0
3,22,6,,,,,,,,,0.0
3,22,6,,,,,,,,,0.0
3,22,6,,,,,,,,,0.0
3,23,6,,,,,,,,,0.0
3,23,6,,,,,,,,,0.0
3,23,6,,,,,,,,,0.0
3,23,6,,,,,,,,,0.0
3,24,6,,,,,,,,,0.0
3,24,6,,,,,,,,,0.0
3,24,6,,,,,,,,,0.0
3,24,6,,,,,,,,,0.0
3,1,7,,,,,,,,,0.0
3,1,7,,,,,,,,,0.0
3,1,7,,,,,,,,,0.0
3,1,7,,,,,,,,,0.0
3,2,7,,,,,,,,,0.0
3,2,7,,,,,,,,,0.0
3,2,7,,,,,,,,,0.0
3,2,7,,,,,,,,,0.0
3,3,7,,,,,,,,,0.0
3,3,7,,,,,,,,,0.0
3,3,7,,,,,,,,,0.0
3,3,7,,,,,,,,,0.0
3,4,7,,,,,,,,,0.0
3,4,7,,,,,,,,,0.0
3,4,7,,,,,,,,,0.0
3,4,7,,,,,,,,,0.0
3,5,7,,,,,,,,,0.0
3,5,7,,,,,,,,,0.0
3,5,7,,,,,,,,,0.0
3,5,7,,,,,,,,,0.0
3,6,7,,,,,,,,,0.0
3,6,7,,,,,,,,,0.0
3,6,7,,,,,,,,,0.0
3,6,7,,,,,,,,,0.0
3,7,7,,,,,,,,,0.0
3,7,7,,,,,,,,,0.0
3,7,7,,,,,,,,,0.0
3,7,7,,,,,,,,,0.0
3,8,7,,,,,,,,,0.0
3,8,7,,,,,,,,,0.025
3,8,7,,,,,,,,,0.0975
3,8,7,,,,,,,,,0.31
3,9,7,,,,,,,,,0.915
3,9,7,,,,,,,,,1.1775
3,9,7,,,,,,,,,0.73
3,9,7,,,,,,,,,0.5775
3,10,7,,,,,,,,,1.56
3,10,7,,,,,,,,,0.7025
3,10,7,,,,,,,,,1.5425
3,10,7,,,,,,,,,4.265
3,11,7,,,,,,,,,2.1875
3,11,7,,,,,,,,,1.375
3,11,7,,,,,,,,,1.3925
3,11,7,,,,,,,,,2.805
3,12,7,,,,,,,,,2.9675
3,12,7,,,,,,,,,2.3675
3,12,7,,,,,,,,,1.225
3,12,7,,,,,,,,,1.2725
3,13,7,,,,,,,,,3.5925
3,13,7,,,,,,,,,1.905
3,13,7,,,,,,,,,3.735
3,13,7,,,,,,,,,5.38
3,14,7,,,,,,,,,1.32
3,14,7,,,,,,,,,3.4175
3,14,7,,,,,,,,,4.39
3,14,7,,,,,,,,,4.0025
3,15,7,,,,,,,,,5.335
3,15,7,,,,,,,,,4.505
3,15,7,,,,,,,,,3.3425
3,15,7,,,,,,,,,5.0575
3,16,7,,,,,,,,,5.545
3,16,7,,,,,,,,,5.075
3,16,7,,,,,,,,,4.6375
3,16,7,,,,,,,,,4.34
3,17,7,,,,,,,,,3.98
3,17,7,,,,,,,,,3.455
3,17,7,,,,,,,,,2.7475
3,17,7,,,,,,,,,3.29
3,18,7,,,,,,,,,1.46
3,18,7,,,,,,,,,1.095
3,18,7,,,,,,,,,0.5725
3,18,7,,,,,,,,,0.3475
3,19,7,,,,,,,,,0.285
3,19,7,,,,,,,,,0.17
3,19,7,,,,,,,,,0.0375
3,19,7,,,,,,,,,0.0
3,20,7,,,,,,,,,0.0
3,20,7,,,,,,,,,0.0
3,20,7,,,,,,,,,0.0
3,20,7,,,,,,,,,0.0
3,21,7,,,,,,,,,0.0
3,21,7,,,,,,,,,0.0
3,21,7,,,,,,,,,0.0
3,21,7,,,,,,,,,0.0
3,22,7,,,,,,,,,0.0
3,22,7,,,,,,,,,0.0
3,22,7,,,,,,,,,0.0
3,22,7,,,,,,,,,0.0
3,23,7,,,,,,,,,0.0
3,23,7,,,,,,,,,0.0
3,23,7,,,,,,,,,0.0
3,23,7,,,,,,,,,0.0
3,24,7,,,,,,,,,0.0
3,24,7,,,,,,,,,0.0
3,24,7,,,,,,,,,0.0
3,24,7,,,,,,,,,0.0
3,1,1,,,,,,,,,0.0
3,1,1,,,,,,,,,0.0
3,1,1,,,,,,,,,0.0
3,1,1,,,,,,,,,0.0
3,2,1,,,,,,,,,0.0
3,2,1,,,,,,,,,0.0
3,2,1,,,,,,,,,0.0
3,2,1,,,,,,,,,0.0
3,3,1,,,,,,,,,0.0
3,3,1,,,,,,,,,0.0
3,3,1,,,,,,,,,0.0
3,3,1,,,,,,,,,0.0
3,4,1,,,,,,,,,0.0
3,4,1,,,,,,,,,0.0
3,4,1,,,,,,,,,0.0
3,4,1,,,,,,,,,0.0
3,5,1,,,,,,,,,0.0
3,5,1,,,,,,,,,0.0
3,5,1,,,,,,,,,0.0
3,5,1,,,,,,,,,0.0
3,6,1,,,,,,,,,0.0
3,6,1,,,,,,,,,0.0
3,6,1,,,,,,,,,0.0
3,6,1,,,,,,,,,0.0
3,7,1,,,,,,,,,0.0
3,7,1,,,,,,,,,0.0
3,7,1,,,,,,,,,0.0
3,7,1,,,,,,,,,0.0
3,8,1,,,,,,,,,0.0
3,8,1,,,,,,,,,0.0
3,8,1,,,,,,,,,0.01
3,8,1,,,,,,,,,0.005
3,9,1,,,,,,,,,0.0
3,9,1,,,,,,,,,0.07
3,9,1,,,,,,,,,0.3375
3,9,1,,,,,,,,,0.4025
3,10,1,,,,,,,,,0.4975
3,10,1,,,,,,,,,0.955
3,10,1,,,,,,,,,1.7225
3,10,1,,,,,,,,,1.415
3,11,1,,,,,,,,,0.605
3,11,1,,,,,,,,,0.62
3,11,1,,,,,,,,,0.7125
3,11,1,,,,,,,,,0.34
3,12,1,,,,,,,,,0.2175
3,12,1,,,,,,,,,0.6
3,12,1,,,,,,,,,0.67
3,12,1,,,,,,,,,1.44
3,13,1,,,,,,,,,2.035
3,13,1,,,,,,,,,1.7325
3,13,1,,,,,,,,,2.805
3,13,1,,,,,,,,,2.415
3,14,1,,,,,,,,,1.805
3,14,1,,,,,,,,,0.96
3,14,1,,,,,,,,,0.82
3,14,1,,,,,,,,,0.2725
3,15,1,,,,,,,,,0.15
3,15,1,,,,,,,,,0.0975
3,15,1,,,,,,,,,0.0825
3,15,1,,,,,,,,,0.1525
3,16,1,,,,,,,,,0.11
3,16,1,,,,,,,,,0.3175
3,16,1,,,,,,,,,1.0675
3,16,1,,,,,,,,,1.03
3,17,1,,,,,,,,,2.37
3,17,1,,,,,,,,,1.23
3,17,1,,,,,,,,,0.6375
3,17,1,,,,,,,,,0.105
3,18,1,,,,,,,,,0.105
3,18,1,,,,,,,,,1.005
3,18,1,,,,,,,,,0.5975
3,18,1,,,,,,,,,0.215
3,19,1,,,,,,,,,0.25
3,19,1,,,,,,,,,0.18
3,19,1,,,,,,,,,0.005
3,19,1,,,,,,,,,0.0
3,20,1,,,,,,,,,0.0
3,20,1,,,,,,,,,0.0
3,20,1,,,,,,,,,0.0
3,20,1,,,,,,,,,0.0
3,21,1,,,,,,,,,0.0
3,21,1,,,,,,,,,0.0
3,21,1,,,,,,,,,0.0
3,21,1,,,,,,,,,0.0
3,22,1,,,,,,,,,0.0
3,22,1,,,,,,,,,0.0
3,22,1,,,,,,,,,0.0
3,22,1,,,,,,,,,0.0
3,23,1,,,,,,,,,0.0
3,23,1,,,,,,,,,0.0
3,23,1,,,,,,,,,0.0
3,23,1,,,,,,,,,0.0
3,24,1,,,,,,,,,0.0
3,24,1,,,,,,,,,0.0
3,24,1,,,,,,,,,0.0
3,24,1,,,,,,,,,0.0
3,1,2,,,,,,,,,0.0
3,1,2,,,,,,,,,0.0
3,1,2,,,,,,,,,0.0
3,1,2,,,,,,,,,0.0
3,2,2,,,,,,,,,0.0
3,2,2,,,,,,,,,0.0
3,2,2,,,,,,,,,0.0
3,2,2,,,,,,,,,0.0
3,3,2,,,,,,,,,0.0
3,3,2,,,,,,,,,0.0
3,3,2,,,,,,,,,0.0
3,3,2,,,,,,,,,0.0
3,4,2,,,,,,,,,0.0
3,4,2,,,,,,,,,0.0
3,4,2,,,,,,,,,0.0
3,4,2,,,,,,,,,0.0
3,5,2,,,,,,,,,0.0
3,5,2,,,,,,,,,0.0
3,5,2,,,,,,,,,0.0
3,5,2,,,,,,,,,0.0
3,6,2,,,,,,,,,0.0
3,6,2,,,,,,,,,0.0
3,6,2,,,,,,,,,0.0
3,6,2,,,,,,,,,0.0
3,7,2,,,,,,,,,0.0
3,7,2,,,,,,,,,0.0
3,7,2,,,,,,,,,0.0
3,7,2,,,,,,,,,0.0
3,8,2,,,,,,,,,0.0
3,8,2,,,,,,,,,0.005
3,8,2,,,,,,,,,0.0575
3,8,2,,,,,,,,,0.195
3,9,2,,,,,,,,,0.5525
3,9,2,,,,,,,,,0.38
3,9,2,,,,,,,,,1.0975
3,9,2,,,,,,,,,1.5025
3,10,2,,,,,,,,,2.5675
3,10,2,,,,,,,,,4.055
3,10,2,,,,,,,,,3.4925
3,10,2,,,,,,,,,4.6125
3,11,2,,,,,,,,,4.75
3,11,2,,,,,,,,,4.9325
3,11,2,,,,,,,,,5.49
3,11,2,,,,,,,,,5.725
3,12,2,,,,,,,,,5.94
3,12,2,,,,,,,,,6.125
3,12,2,,,,,,,,,6.1625
3,12,2,,,,,,,,,6.17
3,13,2,,,,,,,,,6.1875
3,13,2,,,,,,,,,6.195
3,13,2,,,,,,,,,6.2125
3,13,2,,,,,,,,,6.23
3,14,2,,,,,,,,,6.2
3,14,2,,,,,,,,,6.18
3,14,2,,,,,,,,,6.17
3,14,2,,,,,,,,,6.14
3,15,2,,,,,,,,,6.1225
3,15,2,,,,,,,,,5.91
3,15,2,,,,,,,,,5.82
3,15,2,,,,,,,,,5.5425
3,16,2,,,,,,,,,5.26
3,16,2,,,,,,,,,4.9575
3,16,2,,,,,,,,,4.5975
3,16,2,,,,,,,,,4.205
3,17,2,,,,,,,,,3.89
3,17,2,,,,,,,,,3.46
3,17,2,,,,,,,,,3.07
3,17,2,,,,,,,,,2.5975
3,18,2,,,,,,,,,2.15
3,18,2,,,,,,,,,1.66
3,18,2,,,,,,,,,1.1075
3,18,2,,,,,,,,,0.66
3,19,2,,,,,,,,,0.3475
3,19,2,,,,,,,,,0.1675
3,19,2,,,,,,,,,0.075
3,19,2,,,,,,,,,0.0125
3,20,2,,,,,,,,,0.0
3,20,2,,,,,,,,,0.0
3,20,2,,,,,,,,,0.0
3,20,2,,,,,,,,,0.0
3,21,2,,,,,,,,,0.0
3,21,2,,,,,,,,,0.0
3,21,2,,,,,,,,,0.0
3,21,2,,,,,,,,,0.0
3,22,2,,,,,,,,,0.0
3,22,2,,,,,,,,,0.0
3,22,2,,,,,,,,,0.0
3,22,2,,,,,,,,,0.0
3,23,2,,,,,,,,,0.0
3,23,2,,,,,,,,,0.0
3,23,2,,,,,,,,,0.0
3,23,2,,,,,,,,,0.0
3,24,2,,,,,,,,,0.0
3,24,2,,,,,,,,,0.0
3,24,2,,,,,,,,,0.0
3,24,2,,,,,,,,,0.0
3,1,3,,,,,,,,,0.0
3,1,3,,,,,,,,,0.0
3,1,3,,,,,,,,,0.0
3,1,3,,,,,,,,,0.0
3,2,3,,,,,,,,,0.0
3,2,3,,,,,,,,,0.0
3,2,3,,,,,,,,,0.0
3,2,3,,,,,,,,,0.0
3,3,3,,,,,,,,,0.0
3,3,3,,,,,,,,,0.0
3,3,3,,,,,,,,,0.0
3,3,3,,,,,,,,,0.0
3,4,3,,,,,,,,,0.0
3,4,3,,,,,,,,,0.0
3,4,3,,,,,,,,,0.0
3,4,3,,,,,,,,,0.0
3,5,3,,,,,,,,,0.0
3,5,3,,,,,,,,,0.0
3,5,3,,,,,,,,,0.0
3,5,3,,,,,,,,,0.0
3,6,3,,,,,,,,,0.0
3,6,3,,,,,,,,,0.0
3,6,3,,,,,,,,,0.0
3,6,3,,,,,,,,,0.0
3,7,3,,,,,,,,,0.0
3,7,3,,,,,,,,,0.0
3,7,3,,,,,,,,,0.0
3,7,3,,,,,,,,,0.0
3,8,3,,,,,,,,,0.0175
3,8,3,,,,,,,,,0.135
3,8,3,,,,,,,,,0.325
3,8,3,,,,,,,,,0.54
3,9,3,,,,,,,,,1.005
3,9,3,,,,,,,,,1.61
3,9,3,,,,,,,,,1.51
3,9,3,,,,,,,,,1.9525
3,10,3,,,,,,,,,2.695
3,10,3,,,,,,,,,3.365
3,10,3,,,,,,,,,4.11
3,10,3,,,,,,,,,4.64
3,11,3,,,,,,,,,4.355
3,11,3,,,,,,,,,4.3975
3,11,3,,,,,,,,,4.1625
3,11,3,,,,,,,,,4.935
3,12,3,,,,,,,,,5.0375
3,12,3,,,,,,,,,5.4175
3,12,3,,,,,,,,,5.87
3,12,3,,,,,,,,,5.645
3,13,3,,,,,,,,,5.22
3,13,3,,,,,,,,,4.515
3,13,3,,,,,,,,,3.825
3,13,3,,,,,,,,,2.42
3,14,3,,,,,,,,,2.1075
3,14,3,,,,,,,,,2.105
3,14,3,,,,,,,,,2.0625
3,14,3,,,,,,,,,2.2325
3,15,3,,,,,,,,,2.7125
3,15,3,,,,,,,,,3.7825
3,15,3,,,,,,,,,3.595
3,15,3,,,,,,,,,3.55
3,16,3,,,,,,,,,3.4975
3,16,3,,,,,,,,,3.885
3,16,3,,,,,,,,,3.3825
3,16,3,,,,,,,,,2.925
3,17,3,,,,,,,,,2.05
3,17,3,,,,,,,,,0.92
3,17,3,,,,,,,,,0.6575
3,17,3,,,,,,,,,0.69
3,18,3,,,,,,,,,0.785
3,18,3,,,,,,,,,0.5625
3,18,3,,,,,,,,,0.3575
3,18,3,,,,,,,,,0.2875
3,19,3,,,,,,,,,0.275
3,19,3,,,,,,,,,0.19
3,19,3,,,,,,,,,0.06
3,19,3,,,,,,,,,0.0025
3,20,3,,,,,,,,,0.0
3,20,3,,,,,,,,,0.0
3,20,3,,,,,,,,,0.0
3,20,3,,,,,,,,,0.0
3,21,3,,,,,,,,,0.0
3,21,3,,,,,,,,,0.0
3,21,3,,,,,,,,,0.0
3,21,3,,,,,,,,,0.0
3,22,3,,,,,,,,,0.0
3,22,3,,,,,,,,,0.0
3,22,3,,,,,,,,,0.0
3,22,3,,,,,,,,,0.0
3,23,3,,,,,,,,,0.0
3,23,3,,,,,,,,,0.0
3,23,3,,,,,,,,,0.0
3,23,3,,,,,,,,,0.0
3,24,3,,,,,,,,,0.0
3,24,3,,,,,,,,,0.0
3,24,3,,,,,,,,,0.0
3,24,3,,,,,,,,,0.0
3,1,4,,,,,,,,,0.0
3,1,4,,,,,,,,,0.0
3,1,4,,,,,,,,,0.0
3,1,4,,,,,,,,,0.0
3,2,4,,,,,,,,,0.0
3,2,4,,,,,,,,,0.0
3,2,4,,,,,,,,,0.0
3,2,4,,,,,,,,,0.0
3,3,4,,,,,,,,,0.0
3,3,4,,,,,,,,,0.0
3,3,4,,,,,,,,,0.0
3,3,4,,,,,,,,,0.0
3,4,4,,,,,,,,,0.0
3,4,4,,,,,,,,,0.0
3,4,4,,,,,,,,,0.0
3,4,4,,,,,,,,,0.0
3,5,4,,,,,,,,,0.0
3,5,4,,,,,,,,,0.0
3,5,4,,,,,,,,,0.0
3,5,4,,,,,,,,,0.0
3,6,4,,,,,,,,,0.0
3,6,4,,,,,,,,,0.0
3,6,4,,,,,,,,,0.0
3,6,4,,,,,,,,,0.0
3,7,4,,,,,,,,,0.0
3,7,4,,,,,,,,,0.0
3,7,4,,,,,,,,,0.0
3,7,4,,,,,,,,,0.0
3,8,4,,,,,,,,,0.005
3,8,4,,,,,,,,,0.065
3,8,4,,,,,,,,,0.245
3,8,4,,,,,,,,,0.8275
3,9,4,,,,,,,,,0.8025
3,9,4,,,,,,,,,0.795
3,9,4,,,,,,,,,1.035
3,9,4,,,,,,,,,1.1075
3,10,4,,,,,,,,,1.245
3,10,4,,,,,,,,,1.4175
3,10,4,,,,,,,,,1.87
3,10,4,,,,,,,,,2.275
3,11,4,,,,,,,,,2.59
3,11,4,,,,,,,,,2.6475
3,11,4,,,,,,,,,3.9875
3,11,4,,,,,,,,,5.6275
3,12,4,,,,,,,,,4.62
3,12,4,,,,,,,,,3.105
3,12,4,,,,,,,,,5.5825
3,12,4,,,,,,,,,5.755
3,13,4,,,,,,,,,5.5625
3,13,4,,,,,,,,,4.4975
3,13,4,,,,,,,,,5.4325
3,13,4,,,,,,,,,5.6025
3,14,4,,,,,,,,,5.865
3,14,4,,,,,,,,,5.7925
3,14,4,,,,,,,,,5.555
3,14,4,,,,,,,,,6.0075
3,15,4,,,,,,,,,6.0675
3,15,4,,,,,,,,,5.6675
3,15,4,,,,,,,,,5.37
3,15,4,,,,,,,,,5.58
3,16,4,,,,,,,,,5.39
3,16,4,,,,,,,,,4.9925
3,16,4,,,,,,,,,4.6225
3,16,4,,,,,,,,,4.21
3,17,4,,,,,,,,,3.94
3,17,4,,,,,,,,,3.535
3,17,4,,,,,,,,,3.0975
3,17,4,,,,,,,,,2.63
3,18,4,,,,,,,,,2.1825
3,18,4,,,,,,,,,1.725
3,18,4,,,,,,,,,1.19
3,18,4,,,,,,,,,0.73
3,19,4,,,,,,,,,0.415
3,19,4,,,,,,,,,0.2425
3,19,4,,,,,,,,,0.13
3,19,4,,,,,,,,,0.0175
3,20,4,,,,,,,,,0.0
3,20,4,,,,,,,,,0.0
3,20,4,,,,,,,,,0.0
3,20,4,,,,,,,,,0.0
3,21,4,,,,,,,,,0.0
3,21,4,,,,,,,,,0.0
3,21,4,,,,,,,,,0.0
3,21,4,,,,,,,,,0.0
3,22,4,,,,,,,,,0.0
3,22,4,,,,,,,,,0.0
3,22,4,,,,,,,,,0.0
3,22,4,,,,,,,,,0.0
3,23,4,,,,,,,,,0.0
3,23,4,,,,,,,,,0.0
3,23,4,,,,,,,,,0.0
3,23,4,,,,,,,,,0.0
3,24,4,,,,,,,,,0.0
3,24,4,,,,,,,,,0.0
3,24,4,,,,,,,,,0.0
3,24,4,,,,,,,,,0.0
3,1,5,,,,,,,,,0.0
3,1,5,,,,,,,,,0.0
3,1,5,,,,,,,,,0.0
3,1,5,,,,,,,,,0.0
3,2,5,,,,,,,,,0.0
3,2,5,,,,,,,,,0.0
3,2,5,,,,,,,,,0.0
3,2,5,,,,,,,,,0.0
3,3,5,,,,,,,,,0.0
3,3,5,,,,,,,,,0.0
3,3,5,,,,,,,,,0.0
3,3,5,,,,,,,,,0.0
3,4,5,,,,,,,,,0.0
3,4,5,,,,,,,,,0.0
3,4,5,,,,,,,,,0.0
3,4,5,,,,,,,,,0.0
3,5,5,,,,,,,,,0.0
3,5,5,,,,,,,,,0.0
3,5,5,,,,,,,,,0.0
3,5,5,,,,,,,,,0.0
3,6,5,,,,,,,,,0.0
3,6,5,,,,,,,,,0.0
3,6,5,,,,,,,,,0.0
3,6,5,,,,,,,,,0.0
3,7,5,,,,,,,,,0.0
3,7,5,,,,,,,,,0.0
3,7,5,,,,,,,,,0.0
3,7,5,,,,,,,,,0.0
3,8,5,,,,,,,,,0.0225
3,8,5,,,,,,,,,0.1
3,8,5,,,,,,,,,0.365
3,8,5,,,,,,,,,0.9
3,9,5,,,,,,,,,1.4825
3,9,5,,,,,,,,,2.095
3,9,5,,,,,,,,,2.68
3,9,5,,,,,,,,,3.1775
3,10,5,,,,,,,,,3.6425
3,10,5,,,,,,,,,4.0525
3,10,5,,,,,,,,,4.42
3,10,5,,,,,,,,,4.79
3,11,5,,,,,,,,,5.11
3,11,5,,,,,,,,,5.395
3,11,5,,,,,,,,,5.6175
3,11,5,,,,,,,,,5.8875
3,12,5,,,,,,,,,6.0625
3,12,5,,,,,,,,,6.145
3,12,5,,,,,,,,,6.17
3,12,5,,,,,,,,,6.05
3,13,5,,,,,,,,,6.23
3,13,5,,,,,,,,,6.23
3,13,5,,,,,,,,,3.9125
3,13,5,,,,,,,,,4.525
3,14,5,,,,,,,,,5.8825
3,14,5,,,,,,,,,6.2375
3,14,5,,,,,,,,,6.2175
3,14,5,,,,,,,,,6.235
3,15,5,,,,,,,,,6.105
3,15,5,,,,,,,,,6.1475
3,15,5,,,,,,,,,6.02
3,15,5,,,,,,,,,5.865
3,16,5,,,,,,,,,5.73
3,16,5,,,,,,,,,5.22
3,16,5,,,,,,,,,4.565
3,16,5,,,,,,,,,4.49
3,17,5,,,,,,,,,3.9675
3,17,5,,,,,,,,,3.595
3,17,5,,,,,,,,,2.6675
3,17,5,,,,,,,,,2.2425
3,18,5,,,,,,,,,2.26
3,18,5,,,,,,,,,2.3325
3,18,5,,,,,,,,,1.66
3,18,5,,,,,,,,,1.05
3,19,5,,,,,,,,,0.5725
3,19,5,,,,,,,,,0.27
3,19,5,,,,,,,,,0.1225
3,19,5,,,,,,,,,0.0275
3,20,5,,,,,,,,,0.0
3,20,5,,,,,,,,,0.0
3,20,5,,,,,,,,,0.0
3,20,5,,,,,,,,,0.0
3,21,5,,,,,,,,,0.0
3,21,5,,,,,,,,,0.0
3,21,5,,,,,,,,,0.0
3,21,5,,,,,,,,,0.0
3,22,5,,,,,,,,,0.0
3,22,5,,,,,,,,,0.0
3,22,5,,,,,,,,,0.0
3,22,5,,,,,,,,,0.0
3,23,5,,,,,,,,,0.0
3,23,5,,,,,,,,,0.0
3,23,5,,,,,,,,,0.0
3,23,5,,,,,,,,,0.0
3,24,5,,,,,,,,,0.0
3,24,5,,,,,,,,,0.0
3,24,5,,,,,,,,,0.0
3,24,5,,,,,,,,,0.0
3,1,6,,,,,,,,,0.0
3,1,6,,,,,,,,,0.0
3,1,6,,,,,,,,,0.0
3,1,6,,,,,,,,,0.0
3,2,6,,,,,,,,,0.0
3,2,6,,,,,,,,,0.0
3,2,6,,,,,,,,,0.0
3,2,6,,,,,,,,,0.0
3,3,6,,,,,,,,,0.0
3,3,6,,,,,,,,,0.0
3,3,6,,,,,,,,,0.0
3,3,6,,,,,,,,,0.0
3,4,6,,,,,,,,,0.0
3,4,6,,,,,,,,,0.0
3,4,6,,,,,,,,,0.0
3,4,6,,,,,,,,,0.0
3,5,6,,,,,,,,,0.0
3,5,6,,,,,,,,,0.0
3,5,6,,,,,,,,,0.0
3,5,6,,,,,,,,,0.0
3,6,6,,,,,,,,,0.0
3,6,6,,,,,,,,,0.0
3,6,6,,,,,,,,,0.0
3,6,6,,,,,,,,,0.0
3,7,6,,,,,,,,,0.0
3,7,6,,,,,,,,,0.0
3,7,6,,,,,,,,,0.0
3,7,6,,,,,,,,,0.0
3,8,6,,,,,,,,,0.025
3,8,6,,,,,,,,,0.15
3,8,6,,,,,,,,,0.325
3,8,6,,,,,,,,,1.125
3,9,6,,,,,,,,,1.385
3,9,6,,,,,,,,,1.9825
3,9,6,,,,,,,,,3.165
3,9,6,,,,,,,,,3.84
3,10,6,,,,,,,,,4.4225
3,10,6,,,,,,,,,4.9375
3,10,6,,,,,,,,,5.4025
3,10,6,,,,,,,,,5.82
3,11,6,,,,,,,,,6.205
3,11,6,,,,,,,,,6.525
3,11,6,,,,,,,,,6.93
3,11,6,,,,,,,,,7.31
3,12,6,,,,,,,,,7.68
3,12,6,,,,,,,,,7.69
3,12,6,,,,,,,,,7.85
3,12,6,,,,,,,,,7.97
3,13,6,,,,,,,,,6.755
3,13,6,,,,,,,,,3.595
3,13,6,,,,,,,,,4.2575
3,13,6,,,,,,,,,5.975
3,14,6,,,,,,,,,6.0525
3,14,6,,,,,,,,,7.705
3,14,6,,,,,,,,,6.5
3,14,6,,,,,,,,,7.86
3,15,6,,,,,,,,,7.805
3,15,6,,,,,,,,,7.115
3,15,6,,,,,,,,,6.315
3,15,6,,,,,,,,,4.455
3,16,6,,,,,,,,,4.075
3,16,6,,,,,,,,,3.8825
3,16,6,,,,,,,,,4.7875
3,16,6,,,,,,,,,4.225
3,17,6,,,,,,,,,2.8275
3,17,6,,,,,,,,,1.215
3,17,6,,,,,,,,,1.405
3,17,6,,,,,,,,,1.3525
3,18,6,,,,,,,,,0.7325
3,18,6,,,,,,,,,0.615
3,18,6,,,,,,,,,0.5175
3,18,6,,,,,,,,,0.38
3,19,6,,,,,,,,,0.245
3,19,6,,,,,,,,,0.2725
3,19,6,,,,,,,,,0.06
3,19,6,,,,,,,,,0.0
3,20,6,,,,,,,,,0.0
3,20,6,,,,,,,,,0.0
3,20,6,,,,,,,,,0.0
3,20,6,,,,,,,,,0.0
3,21,6,,,,,,,,,0.0
3,21,6,,,,,,,,,0.0
3,21,6,,,,,,,,,0.0
3,21,6,,,,,,,,,0.0
3,22,6,,,,,,,,,0.0
3,22,6,,,,,,,,,0.0
3,22,6,,,,,,,,,0.0
3,22,6,,,,,,,,,0.0
3,23,6,,,,,,,,,0.0
3,23,6,,,,,,,,,0.0
3,23,6,,,,,,,,,0.0
3,23,6,,,,,,,,,0.0
3,24,6,,,,,,,,,0.0
3,24,6,,,,,,,,,0.0
3,24,6,,,,,,,,,0.0
3,24,6,,,,,,,,,0.0
3,1,7,,,,,,,,,0.0
3,1,7,,,,,,,,,0.0
3,1,7,,,,,,,,,0.0
3,1,7,,,,,,,,,0.0
3,2,7,,,,,,,,,0.0
3,2,7,,,,,,,,,0.0
3,2,7,,,,,,,,,0.0
3,2,7,,,,,,,,,0.0
3,3,7,,,,,,,,,0.0
3,3,7,,,,,,,,,0.0
3,3,7,,,,,,,,,0.0
3,3,7,,,,,,,,,0.0
3,4,7,,,,,,,,,0.0
3,4,7,,,,,,,,,0.0
3,4,7,,,,,,,,,0.0
3,4,7,,,,,,,,,0.0
3,5,7,,,,,,,,,0.0
3,5,7,,,,,,,,,0.0
3,5,7,,,,,,,,,0.0
3,5,7,,,,,,,,,0.0
3,6,7,,,,,,,,,0.0
3,6,7,,,,,,,,,0.0
3,6,7,,,,,,,,,0.0
3,6,7,,,,,,,,,0.0
3,7,7,,,,,,,,,0.0
3,7,7,,,,,,,,,0.0
3,7,7,,,,,,,,,0.0
3,7,7,,,,,,,,,0.0
3,8,7,,,,,,,,,0.0175
3,8,7,,,,,,,,,0.1975
3,8,7,,,,,,,,,0.475
3,8,7,,,,,,,,,0.8375
3,9,7,,,,,,,,,1.665
3,9,7,,,,,,,,,2.44
3,9,7,,,,,,,,,3.125
3,9,7,,,,,,,,,3.725
3,10,7,,,,,,,,,4.2625
3,10,7,,,,,,,,,4.755
3,10,7,,,,,,,,,5.46
3,10,7,,,,,,,,,4.67
3,11,7,,,,,,,,,4.88
3,11,7,,,,,,,,,2.455
3,11,7,,,,,,,,,6.44
3,11,7,,,,,,,,,7.535
3,12,7,,,,,,,,,7.6975
3,12,7,,,,,,,,,7.8075
3,12,7,,,,,,,,,7.8775
3,12,7,,,,,,,,,7.92
3,13,7,,,,,,,,,7.94
3,13,7,,,,,,,,,7.98
3,13,7,,,,,,,,,8.0
3,13,7,,,,,,,,,8.0125
3,14,7,,,,,,,,,8.0
3,14,7,,,,,,,,,7.9725
3,14,7,,,,,,,,,7.9175
3,14,7,,,,,,,,,7.865
3,15,7,,,,,,,,,7.77
3,15,7,,,,,,,,,7.5625
3,15,7,,,,,,,,,7.305
3,15,7,,,,,,,,,7.0275
3,16,7,,,,,,,,,6.7175
3,16,7,,,,,,,,,6.365
3,16,7,,,,,,,,,5.9775
3,16,7,,,,,,,,,5.275
3,17,7,,,,,,,,,5.1225
3,17,7,,,,,,,,,3.9925
3,17,7,,,,,,,,,4.1425
3,17,7,,,,,,,,,3.5325
3,18,7,,,,,,,,,3.005
3,18,7,,,,,,,,,2.275
3,18,7,,,,,,,,,1.28
3,18,7,,,,,,,,,1.095
3,19,7,,,,,,,,,0.5875
3,19,7,,,,,,,,,0.2475
3,19,7,,,,,,,,,0.1
3,19,7,,,,,,,,,0.015
3,20,7,,,,,,,,,0.0
3,20,7,,,,,,,,,0.0
3,20,7,,,,,,,,,0.0
3,20,7,,,,,,,,,0.0
3,21,7,,,,,,,,,0.0
3,21,7,,,,,,,,,0.0
3,21,7,,,,,,,,,0.0
3,21,7,,,,,,,,,0.0
3,22,7,,,,,,,,,0.0
3,22,7,,,,,,,,,0.0
3,22,7,,,,,,,,,0.0
3,22,7,,,,,,,,,0.0
3,23,7,,,,,,,,,0.0
3,23,7,,,,,,,,,0.0
3,23,7,,,,,,,,,0.0
3,23,7,,,,,,,,,0.0
3,24,7,,,,,,,,,0.0
3,24,7,,,,,,,,,0.0
3,24,7,,,,,,,,,0.0
3,24,7,,,,,,,,,0.0
3,1,1,,,,,,,,,0.0
3,1,1,,,,,,,,,0.0
3,1,1,,,,,,,,,0.0
3,1,1,,,,,,,,,0.0
3,2,1,,,,,,,,,0.0
3,2,1,,,,,,,,,0.0
3,2,1,,,,,,,,,0.0
3,2,1,,,,,,,,,0.0
3,3,1,,,,,,,,,0.0
3,3,1,,,,,,,,,0.0
3,3,1,,,,,,,,,0.0
3,3,1,,,,,,,,,0.0
3,4,1,,,,,,,,,0.0
3,4,1,,,,,,,,,0.0
3,4,1,,,,,,,,,0.0
3,4,1,,,,,,,,,0.0
3,5,1,,,,,,,,,0.0
3,5,1,,,,,,,,,0.0
3,5,1,,,,,,,,,0.0
3,5,1,,,,,,,,,0.0
3,6,1,,,,,,,,,0.0
3,6,1,,,,,,,,,0.0
3,6,1,,,,,,,,,0.0
3,6,1,,,,,,,,,0.0
3,7,1,,,,,,,,,0.0
3,7,1,,,,,,,,,0.0
3,7,1,,,,,,,,,0.0
3,7,1,,,,,,,,,0.0
3,8,1,,,,,,,,,0.0
3,8,1,,,,,,,,,0.015
3,8,1,,,,,,,,,0.0575
3,8,1,,,,,,,,,0.17
3,9,1,,,,,,,,,0.4
3,9,1,,,,,,,,,0.525
3,9,1,,,,,,,,,0.95
3,9,1,,,,,,,,,1.355
3,10,1,,,,,,,,,1.32
3,10,1,,,,,,,,,1.725
3,10,1,,,,,,,,,2.6625
3,10,1,,,,,,,,,2.815
3,11,1,,,,,,,,,2.495
3,11,1,,,,,,,,,2.335
3,11,1,,,,,,,,,3.245
3,11,1,,,,,,,,,2.7325
3,12,1,,,,,,,,,1.83
3,12,1,,,,,,,,,1.66
3,12,1,,,,,,,,,3.2425
3,12,1,,,,,,,,,6.795
3,13,1,,,,,,,,,7.3525
3,13,1,,,,,,,,,7.2675
3,13,1,,,,,,,,,7.255
3,13,1,,,,,,,,,3.865
3,14,1,,,,,,,,,4.855
3,14,1,,,,,,,,,4.9025
3,14,1,,,,,,,,,6.33
3,14,1,,,,,,,,,7.48
3,15,1,,,,,,,,,4.8525
3,15,1,,,,,,,,,4.92
3,15,1,,,,,,,,,4.8375
3,15,1,,,,,,,,,1.7575
3,16,1,,,,,,,,,0.39
3,16,1,,,,,,,,,0.795
3,16,1,,,,,,,,,0.8
3,16,1,,,,,,,,,1.76
3,17,1,,,,,,,,,1.01
3,17,1,,,,,,,,,1.1625
3,17,1,,,,,,,,,1.64
3,17,1,,,,,,,,,0.91
3,18,1,,,,,,,,,0.1125
3,18,1,,,,,,,,,0.115
3,18,1,,,,,,,,,0.0925
3,18,1,,,,,,,,,0.1075
3,19,1,,,,,,,,,0.225
3,19,1,,,,,,,,,0.225
3,19,1,,,,,,,,,0.0825
3,19,1,,,,,,,,,0.01
3,20,1,,,,,,,,,0.0
3,20,1,,,,,,,,,0.0
3,20,1,,,,,,,,,0.0
3,20,1,,,,,,,,,0.0
3,21,1,,,,,,,,,0.0
3,21,1,,,,,,,,,0.0
3,21,1,,,,,,,,,0.0
3,21,1,,,,,,,,,0.0
3,22,1,,,,,,,,,0.0
3,22,1,,,,,,,,,0.0
3,22,1,,,,,,,,,0.0
3,22,1,,,,,,,,,0.0
3,23,1,,,,,,,,,0.0
3,23,1,,,,,,,,,0.0
3,23,1,,,,,,,,,0.0
3,23,1,,,,,,,,,0.0
3,24,1,,,,,,,,,0.0
3,24,1,,,,,,,,,0.0
3,24,1,,,,,,,,,0.0
3,24,1,,,,,,,,,0.0
3,1,2,,,,,,,,,0.0
3,1,2,,,,,,,,,0.0
3,1,2,,,,,,,,,0.0
3,1,2,,,,,,,,,0.0
3,2,2,,,,,,,,,0.0
3,2,2,,,,,,,,,0.0
3,2,2,,,,,,,,,0.0
3,2,2,,,,,,,,,0.0
3,3,2,,,,,,,,,0.0
3,3,2,,,,,,,,,0.0
3,3,2,,,,,,,,,0.0
3,3,2,,,,,,,,,0.0
3,4,2,,,,,,,,,0.0
3,4,2,,,,,,,,,0.0
3,4,2,,,,,,,,,0.0
3,4,2,,,,,,,,,0.0
3,5,2,,,,,,,,,0.0
3,5,2,,,,,,,,,0.0
3,5,2,,,,,,,,,0.0
3,5,2,,,,,,,,,0.0
3,6,2,,,,,,,,,0.0
3,6,2,,,,,,,,,0.0
3,6,2,,,,,,,,,0.0
3,6,2,,,,,,,,,0.0
3,7,2,,,,,,,,,0.0
3,7,2,,,,,,,,,0.0
3,7,2,,,,,,,,,0.0
3,7,2,,,,,,,,,0.0
3,8,2,,,,,,,,,0.0225
3,8,2,,,,,,,,,0.155
3,8,2,,,,,,,,,0.3325
3,8,2,,,,,,,,,0.5975
3,9,2,,,,,,,,,0.84
3,9,2,,,,,,,,,0.915
3,9,2,,,,,,,,,1.235
3,9,2,,,,,,,,,3.3
3,10,2,,,,,,,,,2.055
3,10,2,,,,,,,,,1.66
3,10,2,,,,,,,,,1.2675
3,10,2,,,,,,,,,1.2325
3,11,2,,,,,,,,,1.9225
3,11,2,,,,,,,,,3.125
3,11,2,,,,,,,,,3.67
3,11,2,,,,,,,,,3.9925
3,12,2,,,,,,,,,4.065
3,12,2,,,,,,,,,6.41
3,12,2,,,,,,,,,7.8975
3,12,2,,,,,,,,,7.2725
3,13,2,,,,,,,,,8.055
3,13,2,,,,,,,,,5.9375
3,13,2,,,,,,,,,7.2
3,13,2,,,,,,,,,2.31
3,14,2,,,,,,,,,3.4525
3,14,2,,,,,,,,,4.6425
3,14,2,,,,,,,,,5.9125
3,14,2,,,,,,,,,6.8975
3,15,2,,,,,,,,,6.37
3,15,2,,,,,,,,,5.1775
3,15,2,,,,,,,,,7.3425
3,15,2,,,,,,,,,6.8125
3,16,2,,,,,,,,,5.7975
3,16,2,,,,,,,,,3.165
3,16,2,,,,,,,,,1.935
3,16,2,,,,,,,,,1.2975
3,17,2,,,,,,,,,0.8725
3,17,2,,,,,,,,,0.9925
3,17,2,,,,,,,,,1.0725
3,17,2,,,,,,,,,1.255
3,18,2,,,,,,,,,1.32
3,18,2,,,,,,,,,1.91
3,18,2,,,,,,,,,1.2825
3,18,2,,,,,,,,,0.95
3,19,2,,,,,,,,,0.81
3,19,2,,,,,,,,,0.6575
3,19,2,,,,,,,,,0.395
3,19,2,,,,,,,,,0.15
3,20,2,,,,,,,,,0.0
3,20,2,,,,,,,,,0.0
3,20,2,,,,,,,,,0.0
3,20,2,,,,,,,,,0.0
3,21,2,,,,,,,,,0.0
3,21,2,,,,,,,,,0.0
3,21,2,,,,,,,,,0.0
3,21,2,,,,,,,,,0.0
3,22,2,,,,,,,,,0.0
3,22,2,,,,,,,,,0.0
3,22,2,,,,,,,,,0.0
3,22,2,,,,,,,,,0.0
3,23,2,,,,,,,,,0.0
3,23,2,,,,,,,,,0.0
3,23,2,,,,,,,,,0.0
3,23,2,,,,,,,,,0.0
3,24,2,,,,,,,,,0.0
3,24,2,,,,,,,,,0.0
3,24,2,,,,,,,,,0.0
3,24,2,,,,,,,,,0.0
3,1,3,,,,,,,,,0.0
3,1,3,,,,,,,,,0.0
3,1,3,,,,,,,,,0.0
3,1,3,,,,,,,,,0.0
3,2,3,,,,,,,,,0.0
3,2,3,,,,,,,,,0.0
3,2,3,,,,,,,,,0.0
3,2,3,,,,,,,,,0.0
3,3,3,,,,,,,,,0.0
3,3,3,,,,,,,,,0.0
3,3,3,,,,,,,,,0.0
3,3,3,,,,,,,,,0.0
3,4,3,,,,,,,,,0.0
3,4,3,,,,,,,,,0.0
3,4,3,,,,,,,,,0.0
3,4,3,,,,,,,,,0.0
3,5,3,,,,,,,,,0.0
3,5,3,,,,,,,,,0.0
3,5,3,,,,,,,,,0.0
3,5,3,,,,,,,,,0.0
3,6,3,,,,,,,,,0.0
3,6,3,,,,,,,,,0.0
3,6,3,,,,,,,,,0.0
3,6,3,,,,,,,,,0.0
3,7,3,,,,,,,,,0.0
3,7,3,,,,,,,,,0.0
3,7,3,,,,,,,,,0.0
3,7,3,,,,,,,,,0.0
3,8,3,,,,,,,,,0.01
3,8,3,,,,,,,,,0.09
3,8,3,,,,,,,,,0.17
3,8,3,,,,,,,,,0.29
3,9,3,,,,,,,,,0.475
3,9,3,,,,,,,,,0.585
3,9,3,,,,,,,,,0.645
3,9,3,,,,,,,,,0.915
3,10,3,,,,,,,,,0.97
3,10,3,,,,,,,,,1.15
3,10,3,,,,,,,,,1.565
3,10,3,,,,,,,,,1.8125
3,11,3,,,,,,,,,2.755
3,11,3,,,,,,,,,1.9825
3,11,3,,,,,,,,,1.9425
3,11,3,,,,,,,,,2.16
3,12,3,,,,,,,,,3.3625
3,12,3,,,,,,,,,2.5175
3,12,3,,,,,,,,,2.7975
3,12,3,,,,,,,,,2.5275
3,13,3,,,,,,,,,1.4025
3,13,3,,,,,,,,,1.1075
3,13,3,,,,,,,,,1.43
3,13,3,,,,,,,,,1.795
3,14,3,,,,,,,,,1.57
3,14,3,,,,,,,,,1.2775
3,14,3,,,,,,,,,1.7175
3,14,3,,,,,,,,,1.7
3,15,3,,,,,,,,,1.42
3,15,3,,,,,,,,,1.565
3,15,3,,,,,,,,,1.395
3,15,3,,,,,,,,,1.43
3,16,3,,,,,,,,,0.8425
3,16,3,,,,,,,,,0.74
3,16,3,,,,,,,,,0.665
3,16,3,,,,,,,,,2.81
3,17,3,,,,,,,,,1.3525
3,17,3,,,,,,,,,0.74
3,17,3,,,,,,,,,0.56
3,17,3,,,,,,,,,0.39
3,18,3,,,,,,,,,0.26
3,18,3,,,,,,,,,0.2225
3,18,3,,,,,,,,,0.1375
3,18,3,,,,,,,,,0.0925
3,19,3,,,,,,,,,0.04
3,19,3,,,,,,,,,0.005
3,19,3,,,,,,,,,0.0
3,19,3,,,,,,,,,0.0
3,20,3,,,,,,,,,0.0
3,20,3,,,,,,,,,0.0
3,20,3,,,,,,,,,0.0
3,20,3,,,,,,,,,0.0
3,21,3,,,,,,,,,0.0
3,21,3,,,,,,,,,0.0
3,21,3,,,,,,,,,0.0
3,21,3,,,,,,,,,0.0
3,22,3,,,,,,,,,0.0
3,22,3,,,,,,,,,0.0
3,22,3,,,,,,,,,0.0
3,22,3,,,,,,,,,0.0
3,23,3,,,,,,,,,0.0
3,23,3,,,,,,,,,0.0
3,23,3,,,,,,,,,0.0
3,23,3,,,,,,,,,0.0
3,24,3,,,,,,,,,0.0
3,24,3,,,,,,,,,0.0
3,24,3,,,,,,,,,0.0
3,24,3,,,,,,,,,0.0
3,1,4,,,,,,,,,0.0
3,1,4,,,,,,,,,0.0
3,1,4,,,,,,,,,0.0
3,1,4,,,,,,,,,0.0
3,2,4,,,,,,,,,0.0
3,2,4,,,,,,,,,0.0
3,2,4,,,,,,,,,0.0
3,2,4,,,,,,,,,0.0
3,3,4,,,,,,,,,0.0
3,3,4,,,,,,,,,0.0
3,3,4,,,,,,,,,0.0
3,3,4,,,,,,,,,0.0
3,4,4,,,,,,,,,0.0
3,4,4,,,,,,,,,0.0
3,4,4,,,,,,,,,0.0
3,4,4,,,,,,,,,0.0
3,5,4,,,,,,,,,0.0
3,5,4,,,,,,,,,0.0
3,5,4,,,,,,,,,0.0
3,5,4,,,,,,,,,0.0
3,6,4,,,,,,,,,0.0
3,6,4,,,,,,,,,0.0
3,6,4,,,,,,,,,0.0
3,6,4,,,,,,,,,0.0
3,7,4,,,,,,,,,0.0
3,7,4,,,,,,,,,0.0
3,7,4,,,,,,,,,0.0
3,7,4,,,,,,,,,0.0
3,8,4,,,,,,,,,0.0
3,8,4,,,,,,,,,0.015
3,8,4,,,,,,,,,0.145
3,8,4,,,,,,,,,0.255
3,9,4,,,,,,,,,0.1775
3,9,4,,,,,,,,,0.75
3,9,4,,,,,,,,,0.95
3,9,4,,,,,,,,,0.9525
3,10,4,,,,,,,,,2.58
3,10,4,,,,,,,,,1.6625
3,10,4,,,,,,,,,3.8975
3,10,4,,,,,,,,,4.985
3,11,4,,,,,,,,,6.355
3,11,4,,,,,,,,,4.265
3,11,4,,,,,,,,,1.93
3,11,4,,,,,,,,,2.985
3,12,4,,,,,,,,,5.72
3,12,4,,,,,,,,,2.6725
3,12,4,,,,,,,,,5.6075
3,12,4,,,,,,,,,6.885
3,13,4,,,,,,,,,7.3425
3,13,4,,,,,,,,,6.575
3,13,4,,,,,,,,,7.4425
3,13,4,,,,,,,,,8.085
3,14,4,,,,,,,,,8.115
3,14,4,,,,,,,,,7.0875
3,14,4,,,,,,,,,5.8775
3,14,4,,,,,,,,,5.105
3,15,4,,,,,,,,,3.0775
3,15,4,,,,,,,,,0.6325
3,15,4,,,,,,,,,2.0175
3,15,4,,,,,,,,,1.6325
3,16,4,,,,,,,,,1.2425
3,16,4,,,,,,,,,1.255
3,16,4,,,,,,,,,1.2775
3,16,4,,,,,,,,,1.91
3,17,4,,,,,,,,,2.18
3,17,4,,,,,,,,,2.475
3,17,4,,,,,,,,,1.49
3,17,4,,,,,,,,,0.8725
3,18,4,,,,,,,,,0.8125
3,18,4,,,,,,,,,0.7875
3,18,4,,,,,,,,,0.4475
3,18,4,,,,,,,,,0.3075
3,19,4,,,,,,,,,0.15
3,19,4,,,,,,,,,0.055
3,19,4,,,,,,,,,0.015
3,19,4,,,,,,,,,0.0
3,20,4,,,,,,,,,0.0
3,20,4,,,,,,,,,0.0
3,20,4,,,,,,,,,0.0
3,20,4,,,,,,,,,0.0
3,21,4,,,,,,,,,0.0
3,21,4,,,,,,,,,0.0
3,21,4,,,,,,,,,0.0
3,21,4,,,,,,,,,0.0
3,22,4,,,,,,,,,0.0
3,22,4,,,,,,,,,0.0
3,22,4,,,,,,,,,0.0
3,22,4,,,,,,,,,0.0
3,23,4,,,,,,,,,0.0
3,23,4,,,,,,,,,0.0
3,23,4,,,,,,,,,0.0
3,23,4,,,,,,,,,0.0
3,24,4,,,,,,,,,0.0
3,24,4,,,,,,,,,0.0
3,24,4,,,,,,,,,0.0
3,24,4,,,,,,,,,0.0
3,1,5,,,,,,,,,0.0
3,1,5,,,,,,,,,0.0
3,1,5,,,,,,,,,0.0
3,1,5,,,,,,,,,0.0
3,2,5,,,,,,,,,0.0
3,2,5,,,,,,,,,0.0
3,2,5,,,,,,,,,0.0
3,2,5,,,,,,,,,0.0
3,3,5,,,,,,,,,0.0
3,3,5,,,,,,,,,0.0
3,3,5,,,,,,,,,0.0
3,3,5,,,,,,,,,0.0
3,4,5,,,,,,,,,0.0
3,4,5,,,,,,,,,0.0
3,4,5,,,,,,,,,0.0
3,4,5,,,,,,,,,0.0
3,5,5,,,,,,,,,0.0
3,5,5,,,,,,,,,0.0
3,5,5,,,,,,,,,0.0
3,5,5,,,,,,,,,0.0
3,6,5,,,,,,,,,0.0
3,6,5,,,,,,,,,0.0
3,6,5,,,,,,,,,0.0
3,6,5,,,,,,,,,0.0
3,7,5,,,,,,,,,0.0
3,7,5,,,,,,,,,0.0
3,7,5,,,,,,,,,0.0
3,7,5,,,,,,,,,0.0
3,8,5,,,,,,,,,0.0
3,8,5,,,,,,,,,0.0
3,8,5,,,,,,,,,0.0925
3,8,5,,,,,,,,,0.165
3,9,5,,,,,,,,,0.125
3,9,5,,,,,,,,,0.3875
3,9,5,,,,,,,,,0.1375
3,9,5,,,,,,,,,0.3525
3,10,5,,,,,,,,,0.6475
3,10,5,,,,,,,,,1.2375
3,10,5,,,,,,,,,1.3625
3,10,5,,,,,,,,,1.23
3,11,5,,,,,,,,,1.065
3,11,5,,,,,,,,,1.4025
3,11,5,,,,,,,,,1.02
3,11,5,,,,,,,,,1.55
3,12,5,,,,,,,,,2.58
3,12,5,,,,,,,,,2.44
3,12,5,,,,,,,,,1.9
3,12,5,,,,,,,,,1.2675
3,13,5,,,,,,,,,0.59
3,13,5,,,,,,,,,1.425
3,13,5,,,,,,,,,2.3275
3,13,5,,,,,,,,,2.02
3,14,5,,,,,,,,,2.4025
3,14,5,,,,,,,,,2.79
3,14,5,,,,,,,,,3.5625
3,14,5,,,,,,,,,4.1725
3,15,5,,,,,,,,,1.15
3,15,5,,,,,,,,,1.565
3,15,5,,,,,,,,,1.145
3,15,5,,,,,,,,,2.28
3,16,5,,,,,,,,,2.14
3,16,5,,,,,,,,,2.105
3,16,5,,,,,,,,,0.5025
3,16,5,,,,,,,,,0.54
3,17,5,,,,,,,,,0.3525
3,17,5,,,,,,,,,0.185
3,17,5,,,,,,,,,0.315
3,17,5,,,,,,,,,0.15
3,18,5,,,,,,,,,0.2775
3,18,5,,,,,,,,,0.175
3,18,5,,,,,,,,,0.1025
3,18,5,,,,,,,,,0.5925
3,19,5,,,,,,,,,0.185
3,19,5,,,,,,,,,0.2025
3,19,5,,,,,,,,,0.06
3,19,5,,,,,,,,,0.005
3,20,5,,,,,,,,,0.0
3,20,5,,,,,,,,,0.0
3,20,5,,,,,,,,,0.0
3,20,5,,,,,,,,,0.0
3,21,5,,,,,,,,,0.0
3,21,5,,,,,,,,,0.0
3,21,5,,,,,,,,,0.0
3,21,5,,,,,,,,,0.0
3,22,5,,,,,,,,,0.0
3,22,5,,,,,,,,,0.0
3,22,5,,,,,,,,,0.0
3,22,5,,,,,,,,,0.0
3,23,5,,,,,,,,,0.0
3,23,5,,,,,,,,,0.0
3,23,5,,,,,,,,,0.0
3,23,5,,,,,,,,,0.0
3,24,5,,,,,,,,,0.0
3,24,5,,,,,,,,,0.0
3,24,5,,,,,,,,,0.0
3,24,5,,,,,,,,,0.0
3,1,6,,,,,,,,,0.0
3,1,6,,,,,,,,,0.0
3,1,6,,,,,,,,,0.0
3,1,6,,,,,,,,,0.0
3,2,6,,,,,,,,,0.0
3,2,6,,,,,,,,,0.0
3,2,6,,,,,,,,,0.0
3,2,6,,,,,,,,,0.0
3,3,6,,,,,,,,,0.0
3,3,6,,,,,,,,,0.0
3,3,6,,,,,,,,,0.0
3,3,6,,,,,,,,,0.0
3,4,6,,,,,,,,,0.0
3,4,6,,,,,,,,,0.0
3,4,6,,,,,,,,,0.0
3,4,6,,,,,,,,,0.0
3,5,6,,,,,,,,,0.0
3,5,6,,,,,,,,,0.0
3,5,6,,,,,,,,,0.0
3,5,6,,,,,,,,,0.0
3,6,6,,,,,,,,,0.0
3,6,6,,,,,,,,,0.0
3,6,6,,,,,,,,,0.0
3,6,6,,,,,,,,,0.0
3,7,6,,,,,,,,,0.0
3,7,6,,,,,,,,,0.0
3,7,6,,,,,,,,,0.0
3,7,6,,,,,,,,,0.0
3,8,6,,,,,,,,,0.0
3,8,6,,,,,,,,,0.015
3,8,6,,,,,,,,,0.07
3,8,6,,,,,,,,,0.1375
3,9,6,,,,,,,,,0.195
3,9,6,,,,,,,,,0.27
3,9,6,,,,,,,,,0.33
3,9,6,,,,,,,,,0.3575
3,10,6,,,,,,,,,0.475
3,10,6,,,,,,,,,0.6575
3,10,6,,,,,,,,,0.5075
3,10,6,,,,,,,,,0.51
3,11,6,,,,,,,,,0.95
3,11,6,,,,,,,,,1.0825
3,11,6,,,,,,,,,1.215
3,11,6,,,,,,,,,1.3
3,12,6,,,,,,,,,1.6175
3,12,6,,,,,,,,,1.31
3,12,6,,,,,,,,,2.18
3,12,6,,,,,,,,,2.765
3,13,6,,,,,,,,,1.0625
3,13,6,,,,,,,,,1.2625
3,13,6,,,,,,,,,2.0375
3,13,6,,,,,,,,,6.7125
3,14,6,,,,,,,,,4.105
3,14,6,,,,,,,,,3.7275
3,14,6,,,,,,,,,4.715
3,14,6,,,,,,,,,3.9775
3,15,6,,,,,,,,,5.8425
3,15,6,,,,,,,,,4.545
3,15,6,,,,,,,,,3.01
3,15,6,,,,,,,,,4.4675
3,16,6,,,,,,,,,4.3
3,16,6,,,,,,,,,4.0425
3,16,6,,,,,,,,,1.2175
3,16,6,,,,,,,,,3.8625
3,17,6,,,,,,,,,2.925
3,17,6,,,,,,,,,2.7
3,17,6,,,,,,,,,2.4275
3,17,6,,,,,,,,,2.12
3,18,6,,,,,,,,,3.0075
3,18,6,,,,,,,,,1.455
3,18,6,,,,,,,,,0.685
3,18,6,,,,,,,,,0.425
3,19,6,,,,,,,,,0.295
3,19,6,,,,,,,,,0.3325
3,19,6,,,,,,,,,0.2575
3,19,6,,,,,,,,,0.1
3,20,6,,,,,,,,,0.0025
3,20,6,,,,,,,,,0.0
3,20,6,,,,,,,,,0.0
3,20,6,,,,,,,,,0.0
3,21,6,,,,,,,,,0.0
3,21,6,,,,,,,,,0.0
3,21,6,,,,,,,,,0.0
3,21,6,,,,,,,,,0.0
3,22,6,,,,,,,,,0.0
3,22,6,,,,,,,,,0.0
3,22,6,,,,,,,,,0.0
3,22,6,,,,,,,,,0.0
3,23,6,,,,,,,,,0.0
3,23,6,,,,,,,,,0.0
3,23,6,,,,,,,,,0.0
3,23,6,,,,,,,,,0.0
3,24,6,,,,,,,,,0.0
3,24,6,,,,,,,,,0.0
3,24,6,,,,,,,,,0.0
3,24,6,,,,,,,,,0.0
3,1,7,,,,,,,,,0.0
3,1,7,,,,,,,,,0.0
3,1,7,,,,,,,,,0.0
3,1,7,,,,,,,,,0.0
3,2,7,,,,,,,,,0.0
3,2,7,,,,,,,,,0.0
3,2,7,,,,,,,,,0.0
3,2,7,,,,,,,,,0.0
3,3,7,,,,,,,,,0.0
3,3,7,,,,,,,,,0.0
3,3,7,,,,,,,,,0.0
3,3,7,,,,,,,,,0.0
3,4,7,,,,,,,,,0.0
3,4,7,,,,,,,,,0.0
3,4,7,,,,,,,,,0.0
3,4,7,,,,,,,,,0.0
3,5,7,,,,,,,,,0.0
3,5,7,,,,,,,,,0.0
3,5,7,,,,,,,,,0.0
3,5,7,,,,,,,,,0.0
3,6,7,,,,,,,,,0.0
3,6,7,,,,,,,,,0.0
3,6,7,,,,,,,,,0.0
3,6,7,,,,,,,,,0.0
3,7,7,,,,,,,,,0.0
3,7,7,,,,,,,,,0.0
3,7,7,,,,,,,,,0.0
3,7,7,,,,,,,,,0.0225
3,8,7,,,,,,,,,0.1425
3,8,7,,,,,,,,,0.38
3,8,7,,,,,,,,,0.885
3,8,7,,,,,,,,,1.45
3,9,7,,,,,,,,,2.155
3,9,7,,,,,,,,,2.885
3,9,7,,,,,,,,,3.34
3,9,7,,,,,,,,,4.0
3,10,7,,,,,,,,,4.805
3,10,7,,,,,,,,,2.5
3,10,7,,,,,,,,,4.0725
3,10,7,,,,,,,,,3.2625
3,11,7,,,,,,,,,5.12
3,11,7,,,,,,,,,5.13
3,11,7,,,,,,,,,4.9425
3,11,7,,,,,,,,,6.7975
3,12,7,,,,,,,,,7.4875
3,12,7,,,,,,,,,7.87
3,12,7,,,,,,,,,7.945
3,12,7,,,,,,,,,4.75
3,13,7,,,,,,,,,7.19
3,13,7,,,,,,,,,3.58
3,13,7,,,,,,,,,4.7025
3,13,7,,,,,,,,,7.655
3,14,7,,,,,,,,,8.18
3,14,7,,,,,,,,,6.135
3,14,7,,,,,,,,,7.715
3,14,7,,,,,,,,,7.95
3,15,7,,,,,,,,,7.9025
3,15,7,,,,,,,,,7.845
3,15,7,,,,,,,,,7.72
3,15,7,,,,,,,,,7.1675
3,16,7,,,,,,,,,7.1475
3,16,7,,,,,,,,,6.7375
3,16,7,,,,,,,,,6.3425
3,16,7,,,,,,,,,5.8075
3,17,7,,,,,,,,,5.31
3,17,7,,,,,,,,,4.9575
3,17,7,,,,,,,,,2.86
3,17,7,,,,,,,,,2.9375
3,18,7,,,,,,,,,3.0875
3,18,7,,,,,,,,,2.41
3,18,7,,,,,,,,,1.885
3,18,7,,,,,,,,,1.165
3,19,7,,,,,,,,,0.53
3,19,7,,,,,,,,,0.29
3,19,7,,,,,,,,,0.19
3,19,7,,,,,,,,,0.1
3,20,7,,,,,,,,,0.005
3,20,7,,,,,,,,,0.0
3,20,7,,,,,,,,,0.0
3,20,7,,,,,,,,,0.0
3,21,7,,,,,,,,,0.0
3,21,7,,,,,,,,,0.0
3,21,7,,,,,,,,,0.0
3,21,7,,,,,,,,,0.0
3,22,7,,,,,,,,,0.0
3,22,7,,,,,,,,,0.0
3,22,7,,,,,,,,,0.0
3,22,7,,,,,,,,,0.0
3,23,7,,,,,,,,,0.0
3,23,7,,,,,,,,,0.0
3,23,7,,,,,,,,,0.0
3,23,7,,,,,,,,,0.0
3,24,7,,,,,,,,,0.0
3,24,7,,,,,,,,,0.0
3,24,7,,,,,,,,,0.0
3,24,7,,,,,,,,,0.0
3,1,1,,,,,,,,,0.0
3,1,1,,,,,,,,,0.0
3,1,1,,,,,,,,,0.0
3,1,1,,,,,,,,,0.0
3,2,1,,,,,,,,,0.0
3,2,1,,,,,,,,,0.0
3,2,1,,,,,,,,,0.0
3,2,1,,,,,,,,,0.0
3,3,1,,,,,,,,,0.0
3,3,1,,,,,,,,,0.0
3,3,1,,,,,,,,,0.0
3,3,1,,,,,,,,,0.0
3,4,1,,,,,,,,,0.0
3,4,1,,,,,,,,,0.0
3,4,1,,,,,,,,,0.0
3,4,1,,,,,,,,,0.0
3,5,1,,,,,,,,,0.0
3,5,1,,,,,,,,,0.0
3,5,1,,,,,,,,,0.0
3,5,1,,,,,,,,,0.0
3,6,1,,,,,,,,,0.0
3,6,1,,,,,,,,,0.0
3,6,1,,,,,,,,,0.0
3,6,1,,,,,,,,,0.0
3,7,1,,,,,,,,,0.0
3,7,1,,,,,,,,,0.0
3,7,1,,,,,,,,,0.0
3,7,1,,,,,,,,,0.0175
3,8,1,,,,,,,,,0.13
3,8,1,,,,,,,,,0.4575
3,8,1,,,,,,,,,1.005
3,8,1,,,,,,,,,1.605
3,9,1,,,,,,,,,2.2575
3,9,1,,,,,,,,,2.925
3,9,1,,,,,,,,,3.545
3,9,1,,,,,,,,,4.1175
3,10,1,,,,,,,,,4.7975
3,10,1,,,,,,,,,2.675
3,10,1,,,,,,,,,5.6225
3,10,1,,,,,,,,,6.205
3,11,1,,,,,,,,,6.55
3,11,1,,,,,,,,,6.94
3,11,1,,,,,,,,,7.3225
3,11,1,,,,,,,,,7.6325
3,12,1,,,,,,,,,7.79
3,12,1,,,,,,,,,7.8825
3,12,1,,,,,,,,,8.0325
3,12,1,,,,,,,,,5.785
3,13,1,,,,,,,,,4.0875
3,13,1,,,,,,,,,3.02
3,13,1,,,,,,,,,2.455
3,13,1,,,,,,,,,4.9625
3,14,1,,,,,,,,,7.7025
3,14,1,,,,,,,,,8.45
3,14,1,,,,,,,,,7.84
3,14,1,,,,,,,,,5.0425
3,15,1,,,,,,,,,3.52
3,15,1,,,,,,,,,6.39
3,15,1,,,,,,,,,3.6375
3,15,1,,,,,,,,,7.02
3,16,1,,,,,,,,,5.32
3,16,1,,,,,,,,,5.365
3,16,1,,,,,,,,,2.435
3,16,1,,,,,,,,,5.075
3,17,1,,,,,,,,,5.28
3,17,1,,,,,,,,,4.715
3,17,1,,,,,,,,,4.2475
3,17,1,,,,,,,,,3.595
3,18,1,,,,,,,,,3.0025
3,18,1,,,,,,,,,2.4175
3,18,1,,,,,,,,,1.7975
3,18,1,,,,,,,,,1.17
3,19,1,,,,,,,,,0.6825
3,19,1,,,,,,,,,0.38
3,19,1,,,,,,,,,0.205
3,19,1,,,,,,,,,0.095
3,20,1,,,,,,,,,0.0125
3,20,1,,,,,,,,,0.0
3,20,1,,,,,,,,,0.0
3,20,1,,,,,,,,,0.0
3,21,1,,,,,,,,,0.0
3,21,1,,,,,,,,,0.0
3,21,1,,,,,,,,,0.0
3,21,1,,,,,,,,,0.0
3,22,1,,,,,,,,,0.0
3,22,1,,,,,,,,,0.0
3,22,1,,,,,,,,,0.0
3,22,1,,,,,,,,,0.0
3,23,1,,,,,,,,,0.0
3,23,1,,,,,,,,,0.0
3,23,1,,,,,,,,,0.0
3,23,1,,,,,,,,,0.0
3,24,1,,,,,,,,,0.0
3,24,1,,,,,,,,,0.0
3,24,1,,,,,,,,,0.0
3,24,1,,,,,,,,,0.0
3,1,2,,,,,,,,,0.0
3,1,2,,,,,,,,,0.0
3,1,2,,,,,,,,,0.0
3,1,2,,,,,,,,,0.0
3,2,2,,,,,,,,,0.0
3,2,2,,,,,,,,,0.0
3,2,2,,,,,,,,,0.0
3,2,2,,,,,,,,,0.0
3,3,2,,,,,,,,,0.0
3,3,2,,,,,,,,,0.0
3,3,2,,,,,,,,,0.0
3,3,2,,,,,,,,,0.0
3,4,2,,,,,,,,,0.0
3,4,2,,,,,,,,,0.0
3,4,2,,,,,,,,,0.0
3,4,2,,,,,,,,,0.0
3,5,2,,,,,,,,,0.0
3,5,2,,,,,,,,,0.0
3,5,2,,,,,,,,,0.0
3,5,2,,,,,,,,,0.0
3,6,2,,,,,,,,,0.0
3,6,2,,,,,,,,,0.0
3,6,2,,,,,,,,,0.0
3,6,2,,,,,,,,,0.0
3,7,2,,,,,,,,,0.0
3,7,2,,,,,,,,,0.0
3,7,2,,,,,,,,,0.0
3,7,2,,,,,,,,,0.03
3,8,2,,,,,,,,,0.1875
3,8,2,,,,,,,,,0.5575
3,8,2,,,,,,,,,1.0625
3,8,2,,,,,,,,,1.685
3,9,2,,,,,,,,,2.36
3,9,2,,,,,,,,,3.0375
3,9,2,,,,,,,,,3.67
3,9,2,,,,,,,,,4.24
3,10,2,,,,,,,,,4.755
3,10,2,,,,,,,,,5.28
3,10,2,,,,,,,,,5.7525
3,10,2,,,,,,,,,6.155
3,11,2,,,,,,,,,6.4775
3,11,2,,,,,,,,,6.7775
3,11,2,,,,,,,,,7.0325
3,11,2,,,,,,,,,7.235
3,12,2,,,,,,,,,7.595
3,12,2,,,,,,,,,7.83
3,12,2,,,,,,,,,7.89
3,12,2,,,,,,,,,7.94
3,13,2,,,,,,,,,7.99
3,13,2,,,,,,,,,7.9775
3,13,2,,,,,,,,,8.015
3,13,2,,,,,,,,,8.025
3,14,2,,,,,,,,,8.02
3,14,2,,,,,,,,,8.005
3,14,2,,,,,,,,,7.9525
3,14,2,,,,,,,,,7.905
3,15,2,,,,,,,,,7.845
3,15,2,,,,,,,,,7.74
3,15,2,,,,,,,,,7.5225
3,15,2,,,,,,,,,7.1975
3,16,2,,,,,,,,,6.8425
3,16,2,,,,,,,,,6.465
3,16,2,,,,,,,,,6.04
3,16,2,,,,,,,,,5.6075
3,17,2,,,,,,,,,5.175
3,17,2,,,,,,,,,4.6625
3,17,2,,,,,,,,,4.1275
3,17,2,,,,,,,,,3.6025
3,18,2,,,,,,,,,3.04
3,18,2,,,,,,,,,2.435
3,18,2,,,,,,,,,1.825
3,18,2,,,,,,,,,1.19
3,19,2,,,,,,,,,0.6975
3,19,2,,,,,,,,,0.39
3,19,2,,,,,,,,,0.2
3,19,2,,,,,,,,,0.1
3,20,2,,,,,,,,,0.0125
3,20,2,,,,,,,,,0.0
3,20,2,,,,,,,,,0.0
3,20,2,,,,,,,,,0.0
3,21,2,,,,,,,,,0.0
3,21,2,,,,,,,,,0.0
3,21,2,,,,,,,,,0.0
3,21,2,,,,,,,,,0.0
3,22,2,,,,,,,,,0.0
3,22,2,,,,,,,,,0.0
3,22,2,,,,,,,,,0.0
3,22,2,,,,,,,,,0.0
3,23,2,,,,,,,,,0.0
3,23,2,,,,,,,,,0.0
3,23,2,,,,,,,,,0.0
3,23,2,,,,,,,,,0.0
3,24,2,,,,,,,,,0.0
3,24,2,,,,,,,,,0.0
3,24,2,,,,,,,,,0.0
3,24,2,,,,,,,,,0.0
3,1,3,,,,,,,,,0.0
3,1,3,,,,,,,,,0.0
3,1,3,,,,,,,,,0.0
3,1,3,,,,,,,,,0.0
3,2,3,,,,,,,,,0.0
3,2,3,,,,,,,,,0.0
3,2,3,,,,,,,,,0.0
3,2,3,,,,,,,,,0.0
3,3,3,,,,,,,,,0.0
3,3,3,,,,,,,,,0.0
3,3,3,,,,,,,,,0.0
3,3,3,,,,,,,,,0.0
3,4,3,,,,,,,,,0.0
3,4,3,,,,,,,,,0.0
3,4,3,,,,,,,,,0.0
3,4,3,,,,,,,,,0.0
3,5,3,,,,,,,,,0.0
3,5,3,,,,,,,,,0.0
3,5,3,,,,,,,,,0.0
3,5,3,,,,,,,,,0.0
3,6,3,,,,,,,,,0.0
3,6,3,,,,,,,,,0.0
3,6,3,,,,,,,,,0.0
3,6,3,,,,,,,,,0.0
3,7,3,,,,,,,,,0.0
3,7,3,,,,,,,,,0.0
3,7,3,,,,,,,,,0.0
3,7,3,,,,,,,,,0.0575
3,8,3,,,,,,,,,0.245
3,8,3,,,,,,,,,0.545
3,8,3,,,,,,,,,0.99
3,8,3,,,,,,,,,0.8875
3,9,3,,,,,,,,,0.765
3,9,3,,,,,,,,,0.745
3,9,3,,,,,,,,,0.9
3,9,3,,,,,,,,,1.195
3,10,3,,,,,,,,,1.825
3,10,3,,,,,,,,,3.0625
3,10,3,,,,,,,,,3.2
3,10,3,,,,,,,,,2.7325
3,11,3,,,,,,,,,4.045
3,11,3,,,,,,,,,3.5675
3,11,3,,,,,,,,,3.335
3,11,3,,,,,,,,,6.23
3,12,3,,,,,,,,,6.9775
3,12,3,,,,,,,,,7.7725
3,12,3,,,,,,,,,7.54
3,12,3,,,,,,,,,7.1225
3,13,3,,,,,,,,,7.905
3,13,3,,,,,,,,,7.91
3,13,3,,,,,,,,,7.8625
3,13,3,,,,,,,,,7.9225
3,14,3,,,,,,,,,5.905
3,14,3,,,,,,,,,5.0975
3,14,3,,,,,,,,,4.6575
3,14,3,,,,,,,,,6.4675
3,15,3,,,,,,,,,7.7875
3,15,3,,,,,,,,,7.6225
3,15,3,,,,,,,,,7.4075
3,15,3,,,,,,,,,7.095
3,16,3,,,,,,,,,6.8625
3,16,3,,,,,,,,,6.53
3,16,3,,,,,,,,,6.0825
3,16,3,,,,,,,,,5.635
3,17,3,,,,,,,,,5.17
3,17,3,,,,,,,,,4.665
3,17,3,,,,,,,,,4.1525
3,17,3,,,,,,,,,3.595
3,18,3,,,,,,,,,3.015
3,18,3,,,,,,,,,2.4
3,18,3,,,,,,,,,1.85
3,18,3,,,,,,,,,1.205
3,19,3,,,,,,,,,0.71
3,19,3,,,,,,,,,0.42
3,19,3,,,,,,,,,0.2375
3,19,3,,,,,,,,,0.11
3,20,3,,,,,,,,,0.015
3,20,3,,,,,,,,,0.0
3,20,3,,,,,,,,,0.0
3,20,3,,,,,,,,,0.0
3,21,3,,,,,,,,,0.0
3,21,3,,,,,,,,,0.0
3,21,3,,,,,,,,,0.0
3,21,3,,,,,,,,,0.0
3,22,3,,,,,,,,,0.0
3,22,3,,,,,,,,,0.0
3,22,3,,,,,,,,,0.0
3,22,3,,,,,,,,,0.0
3,23,3,,,,,,,,,0.0
3,23,3,,,,,,,,,0.0
3,23,3,,,,,,,,,0.0
3,23,3,,,,,,,,,0.0
3,24,3,,,,,,,,,0.0
3,24,3,,,,,,,,,0.0
3,24,3,,,,,,,,,0.0
3,24,3,,,,,,,,,0.0
3,1,4,,,,,,,,,0.0
3,1,4,,,,,,,,,0.0
3,1,4,,,,,,,,,0.0
3,1,4,,,,,,,,,0.0
3,2,4,,,,,,,,,0.0
3,2,4,,,,,,,,,0.0
3,2,4,,,,,,,,,0.0
3,2,4,,,,,,,,,0.0
3,3,4,,,,,,,,,0.0
3,3,4,,,,,,,,,0.0
3,3,4,,,,,,,,,0.0
3,3,4,,,,,,,,,0.0
3,4,4,,,,,,,,,0.0
3,4,4,,,,,,,,,0.0
3,4,4,,,,,,,,,0.0
3,4,4,,,,,,,,,0.0
3,5,4,,,,,,,,,0.0
3,5,4,,,,,,,,,0.0
3,5,4,,,,,,,,,0.0
3,5,4,,,,,,,,,0.0
3,6,4,,,,,,,,,0.0
3,6,4,,,,,,,,,0.0
3,6,4,,,,,,,,,0.0
3,6,4,,,,,,,,,0.0
3,7,4,,,,,,,,,0.0
3,7,4,,,,,,,,,0.0
3,7,4,,,,,,,,,0.0
3,7,4,,,,,,,,,0.075
3,8,4,,,,,,,,,0.285
3,8,4,,,,,,,,,0.635
3,8,4,,,,,,,,,1.0175
3,8,4,,,,,,,,,1.37
3,9,4,,,,,,,,,1.9075
3,9,4,,,,,,,,,2.865
3,9,4,,,,,,,,,3.53
3,9,4,,,,,,,,,4.12
3,10,4,,,,,,,,,4.045
3,10,4,,,,,,,,,4.6925
3,10,4,,,,,,,,,5.4925
3,10,4,,,,,,,,,5.8225
3,11,4,,,,,,,,,5.475
3,11,4,,,,,,,,,2.3925
3,11,4,,,,,,,,,6.26
3,11,4,,,,,,,,,7.295
3,12,4,,,,,,,,,7.455
3,12,4,,,,,,,,,7.695
3,12,4,,,,,,,,,7.785
3,12,4,,,,,,,,,7.8625
3,13,4,,,,,,,,,7.89
3,13,4,,,,,,,,,7.9325
3,13,4,,,,,,,,,7.975
3,13,4,,,,,,,,,7.97
3,14,4,,,,,,,,,7.965
3,14,4,,,,,,,,,7.9275
3,14,4,,,,,,,,,7.8925
3,14,4,,,,,,,,,7.845
3,15,4,,,,,,,,,7.75
3,15,4,,,,,,,,,7.5575
3,15,4,,,,,,,,,7.3125
3,15,4,,,,,,,,,7.0025
3,16,4,,,,,,,,,6.695
3,16,4,,,,,,,,,6.345
3,16,4,,,,,,,,,5.9375
3,16,4,,,,,,,,,5.51
3,17,4,,,,,,,,,5.075
3,17,4,,,,,,,,,4.59
3,17,4,,,,,,,,,4.065
3,17,4,,,,,,,,,3.535
3,18,4,,,,,,,,,2.9825
3,18,4,,,,,,,,,2.4225
3,18,4,,,,,,,,,1.8325
3,18,4,,,,,,,,,1.2025
3,19,4,,,,,,,,,0.7275
3,19,4,,,,,,,,,0.415
3,19,4,,,,,,,,,0.2225
3,19,4,,,,,,,,,0.1075
3,20,4,,,,,,,,,0.02
3,20,4,,,,,,,,,0.0
3,20,4,,,,,,,,,0.0
3,20,4,,,,,,,,,0.0
3,21,4,,,,,,,,,0.0
3,21,4,,,,,,,,,0.0
3,21,4,,,,,,,,,0.0
3,21,4,,,,,,,,,0.0
3,22,4,,,,,,,,,0.0
3,22,4,,,,,,,,,0.0
3,22,4,,,,,,,,,0.0
3,22,4,,,,,,,,,0.0
3,23,4,,,,,,,,,0.0
3,23,4,,,,,,,,,0.0
3,23,4,,,,,,,,,0.0
3,23,4,,,,,,,,,0.0
3,24,4,,,,,,,,,0.0
3,24,4,,,,,,,,,0.0
3,24,4,,,,,,,,,0.0
3,24,4,,,,,,,,,0.0
3,1,5,,,,,,,,,0.0
3,1,5,,,,,,,,,0.0
3,1,5,,,,,,,,,0.0
3,1,5,,,,,,,,,0.0
3,2,5,,,,,,,,,0.0
3,2,5,,,,,,,,,0.0
3,2,5,,,,,,,,,0.0
3,2,5,,,,,,,,,0.0
3,3,5,,,,,,,,,0.0
3,3,5,,,,,,,,,0.0
3,3,5,,,,,,,,,0.0
3,3,5,,,,,,,,,0.0
3,4,5,,,,,,,,,0.0
3,4,5,,,,,,,,,0.0
3,4,5,,,,,,,,,0.0
3,4,5,,,,,,,,,0.0
3,5,5,,,,,,,,,0.0
3,5,5,,,,,,,,,0.0
3,5,5,,,,,,,,,0.0
3,5,5,,,,,,,,,0.0
3,6,5,,,,,,,,,0.0
3,6,5,,,,,,,,,0.0
3,6,5,,,,,,,,,0.0
3,6,5,,,,,,,,,0.0
3,7,5,,,,,,,,,0.0
3,7,5,,,,,,,,,0.0
3,7,5,,,,,,,,,0.0
3,7,5,,,,,,,,,0.09
3,8,5,,,,,,,,,0.2775
3,8,5,,,,,,,,,0.585
3,8,5,,,,,,,,,1.0
3,8,5,,,,,,,,,1.5325
3,9,5,,,,,,,,,2.225
3,9,5,,,,,,,,,2.88
3,9,5,,,,,,,,,3.555
3,9,5,,,,,,,,,4.15
3,10,5,,,,,,,,,4.6575
3,10,5,,,,,,,,,5.0725
3,10,5,,,,,,,,,5.255
3,10,5,,,,,,,,,5.79
3,11,5,,,,,,,,,6.3575
3,11,5,,,,,,,,,6.805
3,11,5,,,,,,,,,7.1625
3,11,5,,,,,,,,,7.54
3,12,5,,,,,,,,,7.7225
3,12,5,,,,,,,,,7.805
3,12,5,,,,,,,,,7.89
3,12,5,,,,,,,,,7.96
3,13,5,,,,,,,,,8.01
3,13,5,,,,,,,,,8.035
3,13,5,,,,,,,,,8.08
3,13,5,,,,,,,,,8.105
3,14,5,,,,,,,,,8.075
3,14,5,,,,,,,,,7.88
3,14,5,,,,,,,,,5.9375
3,14,5,,,,,,,,,3.94
3,15,5,,,,,,,,,5.7825
3,15,5,,,,,,,,,7.9275
3,15,5,,,,,,,,,7.6925
3,15,5,,,,,,,,,7.32
3,16,5,,,,,,,,,6.9725
3,16,5,,,,,,,,,6.595
3,16,5,,,,,,,,,6.1725
3,16,5,,,,,,,,,5.72
3,17,5,,,,,,,,,5.24
3,17,5,,,,,,,,,4.7125
3,17,5,,,,,,,,,4.185
3,17,5,,,,,,,,,3.6
3,18,5,,,,,,,,,3.03
3,18,5,,,,,,,,,2.4525
3,18,5,,,,,,,,,1.845
3,18,5,,,,,,,,,1.18
3,19,5,,,,,,,,,0.71
3,19,5,,,,,,,,,0.415
3,19,5,,,,,,,,,0.225
3,19,5,,,,,,,,,0.115
3,20,5,,,,,,,,,0.0225
3,20,5,,,,,,,,,0.0
3,20,5,,,,,,,,,0.0
3,20,5,,,,,,,,,0.0
3,21,5,,,,,,,,,0.0
3,21,5,,,,,,,,,0.0
3,21,5,,,,,,,,,0.0
3,21,5,,,,,,,,,0.0
3,22,5,,,,,,,,,0.0
3,22,5,,,,,,,,,0.0
3,22,5,,,,,,,,,0.0
3,22,5,,,,,,,,,0.0
3,23,5,,,,,,,,,0.0
3,23,5,,,,,,,,,0.0
3,23,5,,,,,,,,,0.0
3,23,5,,,,,,,,,0.0
3,24,5,,,,,,,,,0.0
3,24,5,,,,,,,,,0.0
3,24,5,,,,,,,,,0.0
3,24,5,,,,,,,,,0.0
3,1,6,,,,,,,,,0.0
3,1,6,,,,,,,,,0.0
3,1,6,,,,,,,,,0.0
3,1,6,,,,,,,,,0.0
3,2,6,,,,,,,,,0.0
3,2,6,,,,,,,,,0.0
3,2,6,,,,,,,,,0.0
3,2,6,,,,,,,,,0.0
3,3,6,,,,,,,,,0.0
3,3,6,,,,,,,,,0.0
3,3,6,,,,,,,,,0.0
3,3,6,,,,,,,,,0.0
3,4,6,,,,,,,,,0.0
3,4,6,,,,,,,,,0.0
3,4,6,,,,,,,,,0.0
3,4,6,,,,,,,,,0.0
3,5,6,,,,,,,,,0.0
3,5,6,,,,,,,,,0.0
3,5,6,,,,,,,,,0.0
3,5,6,,,,,,,,,0.0
3,6,6,,,,,,,,,0.0
3,6,6,,,,,,,,,0.0
3,6,6,,,,,,,,,0.0
3,6,6,,,,,,,,,0.0
3,7,6,,,,,,,,,0.0
3,7,6,,,,,,,,,0.0
3,7,6,,,,,,,,,0.0025
3,7,6,,,,,,,,,0.0775
3,8,6,,,,,,,,,0.28
3,8,6,,,,,,,,,0.7075
3,8,6,,,,,,,,,1.2275
3,8,6,,,,,,,,,1.85
3,9,6,,,,,,,,,2.4525
3,9,6,,,,,,,,,3.115
3,9,6,,,,,,,,,3.71
3,9,6,,,,,,,,,4.245
3,10,6,,,,,,,,,4.7875
3,10,6,,,,,,,,,5.3075
3,10,6,,,,,,,,,5.765
3,10,6,,,,,,,,,6.155
3,11,6,,,,,,,,,6.235
3,11,6,,,,,,,,,5.925
3,11,6,,,,,,,,,5.5975
3,11,6,,,,,,,,,5.605
3,12,6,,,,,,,,,6.1375
3,12,6,,,,,,,,,7.0575
3,12,6,,,,,,,,,7.815
3,12,6,,,,,,,,,7.9675
3,13,6,,,,,,,,,8.0125
3,13,6,,,,,,,,,8.03
3,13,6,,,,,,,,,8.0425
3,13,6,,,,,,,,,8.0375
3,14,6,,,,,,,,,8.02
3,14,6,,,,,,,,,8.0
3,14,6,,,,,,,,,7.985
3,14,6,,,,,,,,,7.94
3,15,6,,,,,,,,,7.8475
3,15,6,,,,,,,,,7.7025
3,15,6,,,,,,,,,7.4775
3,15,6,,,,,,,,,7.21
3,16,6,,,,,,,,,6.805
3,16,6,,,,,,,,,6.455
3,16,6,,,,,,,,,6.0425
3,16,6,,,,,,,,,5.52
3,17,6,,,,,,,,,5.0525
3,17,6,,,,,,,,,4.6375
3,17,6,,,,,,,,,4.1
3,17,6,,,,,,,,,3.5475
3,18,6,,,,,,,,,2.9775
3,18,6,,,,,,,,,2.405
3,18,6,,,,,,,,,1.81
3,18,6,,,,,,,,,1.1875
3,19,6,,,,,,,,,0.71
3,19,6,,,,,,,,,0.3925
3,19,6,,,,,,,,,0.21
3,19,6,,,,,,,,,0.115
3,20,6,,,,,,,,,0.03
3,20,6,,,,,,,,,0.0
3,20,6,,,,,,,,,0.0
3,20,6,,,,,,,,,0.0
3,21,6,,,,,,,,,0.0
3,21,6,,,,,,,,,0.0
3,21,6,,,,,,,,,0.0
3,21,6,,,,,,,,,0.0
3,22,6,,,,,,,,,0.0
3,22,6,,,,,,,,,0.0
3,22,6,,,,,,,,,0.0
3,22,6,,,,,,,,,0.0
3,23,6,,,,,,,,,0.0
3,23,6,,,,,,,,,0.0
3,23,6,,,,,,,,,0.0
3,23,6,,,,,,,,,0.0
3,24,6,,,,,,,,,0.0
3,24,6,,,,,,,,,0.0
3,24,6,,,,,,,,,0.0
3,24,6,,,,,,,,,0.0
3,1,7,,,,,,,,,0.0
3,1,7,,,,,,,,,0.0
3,1,7,,,,,,,,,0.0
3,1,7,,,,,,,,,0.0
3,2,7,,,,,,,,,0.0
3,2,7,,,,,,,,,0.0
3,2,7,,,,,,,,,0.0
3,2,7,,,,,,,,,0.0
3,3,7,,,,,,,,,0.0
3,3,7,,,,,,,,,0.0
3,3,7,,,,,,,,,0.0
3,3,7,,,,,,,,,0.0
3,4,7,,,,,,,,,0.0
3,4,7,,,,,,,,,0.0
3,4,7,,,,,,,,,0.0
3,4,7,,,,,,,,,0.0
3,5,7,,,,,,,,,0.0
3,5,7,,,,,,,,,0.0
3,5,7,,,,,,,,,0.0
3,5,7,,,,,,,,,0.0
3,6,7,,,,,,,,,0.0
3,6,7,,,,,,,,,0.0
3,6,7,,,,,,,,,0.0
3,6,7,,,,,,,,,0.0
3,7,7,,,,,,,,,0.0
3,7,7,,,,,,,,,0.0
3,7,7,,,,,,,,,0.0
3,7,7,,,,,,,,,0.0
3,8,7,,,,,,,,,0.0
3,8,7,,,,,,,,,0.0
3,8,7,,,,,,,,,0.0025
3,8,7,,,,,,,,,0.075
3,9,7,,,,,,,,,0.3125
3,9,7,,,,,,,,,0.715
3,9,7,,,,,,,,,1.22
3,9,7,,,,,,,,,1.83
3,10,7,,,,,,,,,2.4775
3,10,7,,,,,,,,,3.1175
3,10,7,,,,,,,,,3.735
3,10,7,,,,,,,,,4.315
3,11,7,,,,,,,,,4.8425
3,11,7,,,,,,,,,5.3225
3,11,7,,,,,,,,,5.79
3,11,7,,,,,,,,,6.185
3,12,7,,,,,,,,,6.57
3,12,7,,,,,,,,,6.95
3,12,7,,,,,,,,,7.25
3,12,7,,,,,,,,,7.4825
3,13,7,,,,,,,,,7.72
3,13,7,,,,,,,,,7.775
3,13,7,,,,,,,,,7.8
3,13,7,,,,,,,,,7.845
3,14,7,,,,,,,,,7.86
3,14,7,,,,,,,,,7.88
3,14,7,,,,,,,,,7.9025
3,14,7,,,,,,,,,7.9025
3,15,7,,,,,,,,,7.9
3,15,7,,,,,,,,,7.875
3,15,7,,,,,,,,,7.805
3,15,7,,,,,,,,,7.815
3,16,7,,,,,,,,,7.8175
3,16,7,,,,,,,,,7.7325
3,16,7,,,,,,,,,7.47
3,16,7,,,,,,,,,7.1725
3,17,7,,,,,,,,,6.85
3,17,7,,,,,,,,,6.475
3,17,7,,,,,,,,,6.075
3,17,7,,,,,,,,,5.62
3,18,7,,,,,,,,,5.155
3,18,7,,,,,,,,,4.6625
3,18,7,,,,,,,,,4.125
3,18,7,,,,,,,,,3.585
3,19,7,,,,,,,,,3.02
3,19,7,,,,,,,,,2.415
3,19,7,,,,,,,,,1.8275
3,19,7,,,,,,,,,1.21
3,20,7,,,,,,,,,0.755
3,20,7,,,,,,,,,0.41
3,20,7,,,,,,,,,0.22
3,20,7,,,,,,,,,0.1175
3,21,7,,,,,,,,,0.035
3,21,7,,,,,,,,,0.0
3,21,7,,,,,,,,,0.0
3,21,7,,,,,,,,,0.0
3,22,7,,,,,,,,,0.0
3,22,7,,,,,,,,,0.0
3,22,7,,,,,,,,,0.0
3,22,7,,,,,,,,,0.0
3,23,7,,,,,,,,,0.0
3,23,7,,,,,,,,,0.0
3,23,7,,,,,,,,,0.0
3,23,7,,,,,,,,,0.0
3,24,7,,,,,,,,,0.0
3,24,7,,,,,,,,,0.0
3,24,7,,,,,,,,,0.0
3,24,7,,,,,,,,,0.0
3,1,1,,,,,,,,,0.0
3,1,1,,,,,,,,,0.0
3,1,1,,,,,,,,,0.0
3,1,1,,,,,,,,,0.0
3,2,1,,,,,,,,,0.0
3,2,1,,,,,,,,,0.0
3,2,1,,,,,,,,,0.0
3,2,1,,,,,,,,,0.0
3,3,1,,,,,,,,,0.0
3,3,1,,,,,,,,,0.0
3,3,1,,,,,,,,,0.0
3,3,1,,,,,,,,,0.0
3,4,1,,,,,,,,,0.0
3,4,1,,,,,,,,,0.0
3,4,1,,,,,,,,,0.0
3,4,1,,,,,,,,,0.0
3,5,1,,,,,,,,,0.0
3,5,1,,,,,,,,,0.0
3,5,1,,,,,,,,,0.0
3,5,1,,,,,,,,,0.0
3,6,1,,,,,,,,,0.0
3,6,1,,,,,,,,,0.0
3,6,1,,,,,,,,,0.0
3,6,1,,,,,,,,,0.0
3,7,1,,,,,,,,,0.0
3,7,1,,,,,,,,,0.0
3,7,1,,,,,,,,,0.0
3,7,1,,,,,,,,,0.0
3,8,1,,,,,,,,,0.0
3,8,1,,,,,,,,,0.0
3,8,1,,,,,,,,,0.0075
3,8,1,,,,,,,,,0.0875
3,9,1,,,,,,,,,0.3275
3,9,1,,,,,,,,,0.75
3,9,1,,,,,,,,,1.3
3,9,1,,,,,,,,,1.8825
3,10,1,,,,,,,,,2.52
3,10,1,,,,,,,,,3.1475
3,10,1,,,,,,,,,3.7675
3,10,1,,,,,,,,,4.3425
3,11,1,,,,,,,,,4.875
3,11,1,,,,,,,,,5.37
3,11,1,,,,,,,,,5.805
3,11,1,,,,,,,,,6.24
3,12,1,,,,,,,,,6.6075
3,12,1,,,,,,,,,6.945
3,12,1,,,,,,,,,7.2125
3,12,1,,,,,,,,,7.445
3,13,1,,,,,,,,,7.635
3,13,1,,,,,,,,,7.75
3,13,1,,,,,,,,,7.7975
3,13,1,,,,,,,,,7.82
3,14,1,,,,,,,,,7.835
3,14,1,,,,,,,,,7.8225
3,14,1,,,,,,,,,7.81
3,14,1,,,,,,,,,7.83
3,15,1,,,,,,,,,7.8375
3,15,1,,,,,,,,,7.7725
3,15,1,,,,,,,,,7.8
3,15,1,,,,,,,,,7.7725
3,16,1,,,,,,,,,7.695
3,16,1,,,,,,,,,7.485
3,16,1,,,,,,,,,7.2
3,16,1,,,,,,,,,6.92
3,17,1,,,,,,,,,6.5475
3,17,1,,,,,,,,,6.18
3,17,1,,,,,,,,,5.865
3,17,1,,,,,,,,,5.4525
3,18,1,,,,,,,,,5.025
3,18,1,,,,,,,,,4.5425
3,18,1,,,,,,,,,4.0375
3,18,1,,,,,,,,,3.5
3,19,1,,,,,,,,,2.9375
3,19,1,,,,,,,,,2.3675
3,19,1,,,,,,,,,1.805
3,19,1,,,,,,,,,1.2225
3,20,1,,,,,,,,,0.7725
3,20,1,,,,,,,,,0.4425
3,20,1,,,,,,,,,0.245
3,20,1,,,,,,,,,0.12
3,21,1,,,,,,,,,0.0275
3,21,1,,,,,,,,,0.0
3,21,1,,,,,,,,,0.0
3,21,1,,,,,,,,,0.0
3,22,1,,,,,,,,,0.0
3,22,1,,,,,,,,,0.0
3,22,1,,,,,,,,,0.0
3,22,1,,,,,,,,,0.0
3,23,1,,,,,,,,,0.0
3,23,1,,,,,,,,,0.0
3,23,1,,,,,,,,,0.0
3,23,1,,,,,,,,,0.0
3,24,1,,,,,,,,,0.0
3,24,1,,,,,,,,,0.0
3,24,1,,,,,,,,,0.0
3,24,1,,,,,,,,,0.0
4,1,2,,,,,,,,,0.0
4,1,2,,,,,,,,,0.0
4,1,2,,,,,,,,,0.0
4,1,2,,,,,,,,,0.0
4,2,2,,,,,,,,,0.0
4,2,2,,,,,,,,,0.0
4,2,2,,,,,,,,,0.0
4,2,2,,,,,,,,,0.0
4,3,2,,,,,,,,,0.0
4,3,2,,,,,,,,,0.0
4,3,2,,,,,,,,,0.0
4,3,2,,,,,,,,,0.0
4,4,2,,,,,,,,,0.0
4,4,2,,,,,,,,,0.0
4,4,2,,,,,,,,,0.0
4,4,2,,,,,,,,,0.0
4,5,2,,,,,,,,,0.0
4,5,2,,,,,,,,,0.0
4,5,2,,,,,,,,,0.0
4,5,2,,,,,,,,,0.0
4,6,2,,,,,,,,,0.0
4,6,2,,,,,,,,,0.0
4,6,2,,,,,,,,,0.0
4,6,2,,,,,,,,,0.0
4,7,2,,,,,,,,,0.0
4,7,2,,,,,,,,,0.0
4,7,2,,,,,,,,,0.0
4,7,2,,,,,,,,,0.0
4,8,2,,,,,,,,,0.0
4,8,2,,,,,,,,,0.0
4,8,2,,,,,,,,,0.0
4,8,2,,,,,,,,,0.02
4,9,2,,,,,,,,,0.095
4,9,2,,,,,,,,,0.2075
4,9,2,,,,,,,,,0.3625
4,9,2,,,,,,,,,0.56
4,10,2,,,,,,,,,0.5475
4,10,2,,,,,,,,,0.8475
4,10,2,,,,,,,,,0.8725
4,10,2,,,,,,,,,0.985
4,11,2,,,,,,,,,0.815
4,11,2,,,,,,,,,1.265
4,11,2,,,,,,,,,1.3875
4,11,2,,,,,,,,,1.075
4,12,2,,,,,,,,,1.3825
4,12,2,,,,,,,,,1.8025
4,12,2,,,,,,,,,2.48
4,12,2,,,,,,,,,3.265
4,13,2,,,,,,,,,3.2225
4,13,2,,,,,,,,,3.36
4,13,2,,,,,,,,,3.0275
4,13,2,,,,,,,,,2.7775
4,14,2,,,,,,,,,2.915
4,14,2,,,,,,,,,3.82
4,14,2,,,,,,,,,7.89
4,14,2,,,,,,,,,7.715
4,15,2,,,,,,,,,7.4
4,15,2,,,,,,,,,7.37
4,15,2,,,,,,,,,7.65
4,15,2,,,,,,,,,7.21
4,16,2,,,,,,,,,7.0525
4,16,2,,,,,,,,,6.8775
4,16,2,,,,,,,,,6.305
4,16,2,,,,,,,,,6.71
4,17,2,,,,,,,,,6.63
4,17,2,,,,,,,,,5.795
4,17,2,,,,,,,,,5.8725
4,17,2,,,,,,,,,5.375
4,18,2,,,,,,,,,4.94
4,18,2,,,,,,,,,4.4675
4,18,2,,,,,,,,,3.9675
4,18,2,,,,,,,,,3.4575
4,19,2,,,,,,,,,2.9375
4,19,2,,,,,,,,,2.3675
4,19,2,,,,,,,,,1.8175
4,19,2,,,,,,,,,1.225
4,20,2,,,,,,,,,0.7725
4,20,2,,,,,,,,,0.4325
4,20,2,,,,,,,,,0.24
4,20,2,,,,,,,,,0.1275
4,21,2,,,,,,,,,0.0375
4,21,2,,,,,,,,,0.0
4,21,2,,,,,,,,,0.0
4,21,2,,,,,,,,,0.0
4,22,2,,,,,,,,,0.0
4,22,2,,,,,,,,,0.0
4,22,2,,,,,,,,,0.0
4,22,2,,,,,,,,,0.0
4,23,2,,,,,,,,,0.0
4,23,2,,,,,,,,,0.0
4,23,2,,,,,,,,,0.0
4,23,2,,,,,,,,,0.0
4,24,2,,,,,,,,,0.0
4,24,2,,,,,,,,,0.0
4,24,2,,,,,,,,,0.0
4,24,2,,,,,,,,,0.0
4,1,3,,,,,,,,,0.0
4,1,3,,,,,,,,,0.0
4,1,3,,,,,,,,,0.0
4,1,3,,,,,,,,,0.0
4,2,3,,,,,,,,,0.0
4,2,3,,,,,,,,,0.0
4,2,3,,,,,,,,,0.0
4,2,3,,,,,,,,,0.0
4,3,3,,,,,,,,,0.0
4,3,3,,,,,,,,,0.0
4,3,3,,,,,,,,,0.0
4,3,3,,,,,,,,,0.0
4,4,3,,,,,,,,,0.0
4,4,3,,,,,,,,,0.0
4,4,3,,,,,,,,,0.0
4,4,3,,,,,,,,,0.0
4,5,3,,,,,,,,,0.0
4,5,3,,,,,,,,,0.0
4,5,3,,,,,,,,,0.0
4,5,3,,,,,,,,,0.0
4,6,3,,,,,,,,,0.0
4,6,3,,,,,,,,,0.0
4,6,3,,,,,,,,,0.0
4,6,3,,,,,,,,,0.0
4,7,3,,,,,,,,,0.0
4,7,3,,,,,,,,,0.0
4,7,3,,,,,,,,,0.0
4,7,3,,,,,,,,,0.0
4,8,3,,,,,,,,,0.0
4,8,3,,,,,,,,,0.0
4,8,3,,,,,,,,,0.0225
4,8,3,,,,,,,,,0.2225
4,9,3,,,,,,,,,0.455
4,9,3,,,,,,,,,0.4425
4,9,3,,,,,,,,,0.445
4,9,3,,,,,,,,,0.56
4,10,3,,,,,,,,,0.68
4,10,3,,,,,,,,,0.515
4,10,3,,,,,,,,,0.2675
4,10,3,,,,,,,,,1.51
4,11,3,,,,,,,,,4.665
4,11,3,,,,,,,,,5.2
4,11,3,,,,,,,,,5.465
4,11,3,,,,,,,,,5.81
4,12,3,,,,,,,,,6.075
4,12,3,,,,,,,,,6.5575
4,12,3,,,,,,,,,6.7225
4,12,3,,,,,,,,,6.06
4,13,3,,,,,,,,,1.6875
4,13,3,,,,,,,,,2.095
4,13,3,,,,,,,,,7.735
4,13,3,,,,,,,,,7.41
4,14,3,,,,,,,,,5.845
4,14,3,,,,,,,,,2.605
4,14,3,,,,,,,,,5.2525
4,14,3,,,,,,,,,3.89
4,15,3,,,,,,,,,0.635
4,15,3,,,,,,,,,0.5425
4,15,3,,,,,,,,,0.865
4,15,3,,,,,,,,,0.9675
4,16,3,,,,,,,,,1.035
4,16,3,,,,,,,,,1.0
4,16,3,,,,,,,,,1.805
4,16,3,,,,,,,,,1.03
4,17,3,,,,,,,,,0.8275
4,17,3,,,,,,,,,1.015
4,17,3,,,,,,,,,1.255
4,17,3,,,,,,,,,0.9675
4,18,3,,,,,,,,,0.79
4,18,3,,,,,,,,,0.5225
4,18,3,,,,,,,,,0.66
4,18,3,,,,,,,,,0.5
4,19,3,,,,,,,,,0.9575
4,19,3,,,,,,,,,1.96
4,19,3,,,,,,,,,2.2375
4,19,3,,,,,,,,,1.83
4,20,3,,,,,,,,,1.0125
4,20,3,,,,,,,,,0.71
4,20,3,,,,,,,,,0.5075
4,20,3,,,,,,,,,0.265
4,21,3,,,,,,,,,0.0725
4,21,3,,,,,,,,,0.0025
4,21,3,,,,,,,,,0.0
4,21,3,,,,,,,,,0.0
4,22,3,,,,,,,,,0.0
4,22,3,,,,,,,,,0.0
4,22,3,,,,,,,,,0.0
4,22,3,,,,,,,,,0.0
4,23,3,,,,,,,,,0.0
4,23,3,,,,,,,,,0.0
4,23,3,,,,,,,,,0.0
4,23,3,,,,,,,,,0.0
4,24,3,,,,,,,,,0.0
4,24,3,,,,,,,,,0.0
4,24,3,,,,,,,,,0.0
4,24,3,,,,,,,,,0.0
4,1,4,,,,,,,,,0.0
4,1,4,,,,,,,,,0.0
4,1,4,,,,,,,,,0.0
4,1,4,,,,,,,,,0.0
4,2,4,,,,,,,,,0.0
4,2,4,,,,,,,,,0.0
4,2,4,,,,,,,,,0.0
4,2,4,,,,,,,,,0.0
4,3,4,,,,,,,,,0.0
4,3,4,,,,,,,,,0.0
4,3,4,,,,,,,,,0.0
4,3,4,,,,,,,,,0.0
4,4,4,,,,,,,,,0.0
4,4,4,,,,,,,,,0.0
4,4,4,,,,,,,,,0.0
4,4,4,,,,,,,,,0.0
4,5,4,,,,,,,,,0.0
4,5,4,,,,,,,,,0.0
4,5,4,,,,,,,,,0.0
4,5,4,,,,,,,,,0.0
4,6,4,,,,,,,,,0.0
4,6,4,,,,,,,,,0.0
4,6,4,,,,,,,,,0.0
4,6,4,,,,,,,,,0.0
4,7,4,,,,,,,,,0.0
4,7,4,,,,,,,,,0.0
4,7,4,,,,,,,,,0.0
4,7,4,,,,,,,,,0.0
4,8,4,,,,,,,,,0.0
4,8,4,,,,,,,,,0.0
4,8,4,,,,,,,,,0.05
4,8,4,,,,,,,,,0.2025
4,9,4,,,,,,,,,0.52
4,9,4,,,,,,,,,0.925
4,9,4,,,,,,,,,1.44
4,9,4,,,,,,,,,1.9775
4,10,4,,,,,,,,,2.5
4,10,4,,,,,,,,,3.1675
4,10,4,,,,,,,,,3.785
4,10,4,,,,,,,,,4.315
4,11,4,,,,,,,,,4.86
4,11,4,,,,,,,,,5.2225
4,11,4,,,,,,,,,5.855
4,11,4,,,,,,,,,6.21
4,12,4,,,,,,,,,6.505
4,12,4,,,,,,,,,6.525
4,12,4,,,,,,,,,5.165
4,12,4,,,,,,,,,4.53
4,13,4,,,,,,,,,2.425
4,13,4,,,,,,,,,2.375
4,13,4,,,,,,,,,3.765
4,13,4,,,,,,,,,4.61
4,14,4,,,,,,,,,3.36
4,14,4,,,,,,,,,3.6225
4,14,4,,,,,,,,,2.415
4,14,4,,,,,,,,,2.4025
4,15,4,,,,,,,,,4.055
4,15,4,,,,,,,,,4.775
4,15,4,,,,,,,,,5.7925
4,15,4,,,,,,,,,4.48
4,16,4,,,,,,,,,4.37
4,16,4,,,,,,,,,3.145
4,16,4,,,,,,,,,2.9725
4,16,4,,,,,,,,,2.3175
4,17,4,,,,,,,,,2.4025
4,17,4,,,,,,,,,2.5775
4,17,4,,,,,,,,,2.695
4,17,4,,,,,,,,,1.9575
4,18,4,,,,,,,,,2.09
4,18,4,,,,,,,,,2.0425
4,18,4,,,,,,,,,1.7275
4,18,4,,,,,,,,,1.43
4,19,4,,,,,,,,,1.58
4,19,4,,,,,,,,,0.82
4,19,4,,,,,,,,,0.3125
4,19,4,,,,,,,,,0.195
4,20,4,,,,,,,,,0.075
4,20,4,,,,,,,,,0.0875
4,20,4,,,,,,,,,0.015
4,20,4,,,,,,,,,0.0125
4,21,4,,,,,,,,,0.0
4,21,4,,,,,,,,,0.0
4,21,4,,,,,,,,,0.0
4,21,4,,,,,,,,,0.0
4,22,4,,,,,,,,,0.0
4,22,4,,,,,,,,,0.0
4,22,4,,,,,,,,,0.0
4,22,4,,,,,,,,,0.0
4,23,4,,,,,,,,,0.0
4,23,4,,,,,,,,,0.0
4,23,4,,,,,,,,,0.0
4,23,4,,,,,,,,,0.0
4,24,4,,,,,,,,,0.0
4,24,4,,,,,,,,,0.0
4,24,4,,,,,,,,,0.0
4,24,4,,,,,,,,,0.0
4,1,5,,,,,,,,,0.0
4,1,5,,,,,,,,,0.0
4,1,5,,,,,,,,,0.0
4,1,5,,,,,,,,,0.0
4,2,5,,,,,,,,,0.0
4,2,5,,,,,,,,,0.0
4,2,5,,,,,,,,,0.0
4,2,5,,,,,,,,,0.0
4,3,5,,,,,,,,,0.0
4,3,5,,,,,,,,,0.0
4,3,5,,,,,,,,,0.0
4,3,5,,,,,,,,,0.0
4,4,5,,,,,,,,,0.0
4,4,5,,,,,,,,,0.0
4,4,5,,,,,,,,,0.0
4,4,5,,,,,,,,,0.0
4,5,5,,,,,,,,,0.0
4,5,5,,,,,,,,,0.0
4,5,5,,,,,,,,,0.0
4,5,5,,,,,,,,,0.0
4,6,5,,,,,,,,,0.0
4,6,5,,,,,,,,,0.0
4,6,5,,,,,,,,,0.0
4,6,5,,,,,,,,,0.0
4,7,5,,,,,,,,,0.0
4,7,5,,,,,,,,,0.0
4,7,5,,,,,,,,,0.0
4,7,5,,,,,,,,,0.0
4,8,5,,,,,,,,,0.0
4,8,5,,,,,,,,,0.0
4,8,5,,,,,,,,,0.0
4,8,5,,,,,,,,,0.0
4,9,5,,,,,,,,,0.02
4,9,5,,,,,,,,,0.115
4,9,5,,,,,,,,,0.29
4,9,5,,,,,,,,,0.58
4,10,5,,,,,,,,,0.6625
4,10,5,,,,,,,,,0.88
4,10,5,,,,,,,,,0.6125
4,10,5,,,,,,,,,0.4425
4,11,5,,,,,,,,,0.675
4,11,5,,,,,,,,,0.7075
4,11,5,,,,,,,,,0.9575
4,11,5,,,,,,,,,1.37
4,12,5,,,,,,,,,2.7875
4,12,5,,,,,,,,,2.8825
4,12,5,,,,,,,,,2.6675
4,12,5,,,,,,,,,2.3625
4,13,5,,,,,,,,,2.1125
4,13,5,,,,,,,,,3.7575
4,13,5,,,,,,,,,4.4425
4,13,5,,,,,,,,,4.33
4,14,5,,,,,,,,,6.92
4,14,5,,,,,,,,,8.045
4,14,5,,,,,,,,,4.42
4,14,5,,,,,,,,,2.12
4,15,5,,,,,,,,,3.23
4,15,5,,,,,,,,,2.405
4,15,5,,,,,,,,,2.5875
4,15,5,,,,,,,,,6.6
4,16,5,,,,,,,,,2.825
4,16,5,,,,,,,,,1.6625
4,16,5,,,,,,,,,1.53
4,16,5,,,,,,,,,2.2825
4,17,5,,,,,,,,,4.465
4,17,5,,,,,,,,,5.17
4,17,5,,,,,,,,,4.7275
4,17,5,,,,,,,,,2.935
4,18,5,,,,,,,,,1.5875
4,18,5,,,,,,,,,1.875
4,18,5,,,,,,,,,2.365
4,18,5,,,,,,,,,2.285
4,19,5,,,,,,,,,3.2275
4,19,5,,,,,,,,,1.75
4,19,5,,,,,,,,,1.975
4,19,5,,,,,,,,,1.7475
4,20,5,,,,,,,,,0.86
4,20,5,,,,,,,,,0.5225
4,20,5,,,,,,,,,0.3
4,20,5,,,,,,,,,0.165
4,21,5,,,,,,,,,0.0625
4,21,5,,,,,,,,,0.0
4,21,5,,,,,,,,,0.0
4,21,5,,,,,,,,,0.0
4,22,5,,,,,,,,,0.0
4,22,5,,,,,,,,,0.0
4,22,5,,,,,,,,,0.0
4,22,5,,,,,,,,,0.0
4,23,5,,,,,,,,,0.0
4,23,5,,,,,,,,,0.0
4,23,5,,,,,,,,,0.0
4,23,5,,,,,,,,,0.0
4,24,5,,,,,,,,,0.0
4,24,5,,,,,,,,,0.0
4,24,5,,,,,,,,,0.0
4,24,5,,,,,,,,,0.0
4,1,6,,,,,,,,,0.0
4,1,6,,,,,,,,,0.0
4,1,6,,,,,,,,,0.0
4,1,6,,,,,,,,,0.0
4,2,6,,,,,,,,,0.0
4,2,6,,,,,,,,,0.0
4,2,6,,,,,,,,,0.0
4,2,6,,,,,,,,,0.0
4,3,6,,,,,,,,,0.0
4,3,6,,,,,,,,,0.0
4,3,6,,,,,,,,,0.0
4,3,6,,,,,,,,,0.0
4,4,6,,,,,,,,,0.0
4,4,6,,,,,,,,,0.0
4,4,6,,,,,,,,,0.0
4,4,6,,,,,,,,,0.0
4,5,6,,,,,,,,,0.0
4,5,6,,,,,,,,,0.0
4,5,6,,,,,,,,,0.0
4,5,6,,,,,,,,,0.0
4,6,6,,,,,,,,,0.0
4,6,6,,,,,,,,,0.0
4,6,6,,,,,,,,,0.0
4,6,6,,,,,,,,,0.0
4,7,6,,,,,,,,,0.0
4,7,6,,,,,,,,,0.0
4,7,6,,,,,,,,,0.0
4,7,6,,,,,,,,,0.0
4,8,6,,,,,,,,,0.0
4,8,6,,,,,,,,,0.0
4,8,6,,,,,,,,,0.0025
4,8,6,,,,,,,,,0.08
4,9,6,,,,,,,,,0.1225
4,9,6,,,,,,,,,0.29
4,9,6,,,,,,,,,0.6375
4,9,6,,,,,,,,,0.8175
4,10,6,,,,,,,,,0.7575
4,10,6,,,,,,,,,1.0
4,10,6,,,,,,,,,0.695
4,10,6,,,,,,,,,2.105
4,11,6,,,,,,,,,4.8775
4,11,6,,,,,,,,,3.315
4,11,6,,,,,,,,,4.2775
4,11,6,,,,,,,,,5.7625
4,12,6,,,,,,,,,6.55
4,12,6,,,,,,,,,6.795
4,12,6,,,,,,,,,6.49
4,12,6,,,,,,,,,5.1125
4,13,6,,,,,,,,,6.8725
4,13,6,,,,,,,,,7.74
4,13,6,,,,,,,,,7.1775
4,13,6,,,,,,,,,7.715
4,14,6,,,,,,,,,7.7025
4,14,6,,,,,,,,,6.995
4,14,6,,,,,,,,,6.44
4,14,6,,,,,,,,,7.9925
4,15,6,,,,,,,,,7.7525
4,15,6,,,,,,,,,7.335
4,15,6,,,,,,,,,7.8175
4,15,6,,,,,,,,,7.685
4,16,6,,,,,,,,,7.755
4,16,6,,,,,,,,,7.635
4,16,6,,,,,,,,,7.4
4,16,6,,,,,,,,,7.0575
4,17,6,,,,,,,,,6.695
4,17,6,,,,,,,,,6.32
4,17,6,,,,,,,,,6.1
4,17,6,,,,,,,,,5.54
4,18,6,,,,,,,,,5.155
4,18,6,,,,,,,,,4.6325
4,18,6,,,,,,,,,3.625
4,18,6,,,,,,,,,2.9875
4,19,6,,,,,,,,,1.49
4,19,6,,,,,,,,,2.515
4,19,6,,,,,,,,,1.6925
4,19,6,,,,,,,,,0.69
4,20,6,,,,,,,,,0.67
4,20,6,,,,,,,,,0.47
4,20,6,,,,,,,,,0.245
4,20,6,,,,,,,,,0.15
4,21,6,,,,,,,,,0.055
4,21,6,,,,,,,,,0.0
4,21,6,,,,,,,,,0.0
4,21,6,,,,,,,,,0.0
4,22,6,,,,,,,,,0.0
4,22,6,,,,,,,,,0.0
4,22,6,,,,,,,,,0.0
4,22,6,,,,,,,,,0.0
4,23,6,,,,,,,,,0.0
4,23,6,,,,,,,,,0.0
4,23,6,,,,,,,,,0.0
4,23,6,,,,,,,,,0.0
4,24,6,,,,,,,,,0.0
4,24,6,,,,,,,,,0.0
4,24,6,,,,,,,,,0.0
4,24,6,,,,,,,,,0.0
4,1,7,,,,,,,,,0.0
4,1,7,,,,,,,,,0.0
4,1,7,,,,,,,,,0.0
4,1,7,,,,,,,,,0.0
4,2,7,,,,,,,,,0.0
4,2,7,,,,,,,,,0.0
4,2,7,,,,,,,,,0.0
4,2,7,,,,,,,,,0.0
4,3,7,,,,,,,,,0.0
4,3,7,,,,,,,,,0.0
4,3,7,,,,,,,,,0.0
4,3,7,,,,,,,,,0.0
4,4,7,,,,,,,,,0.0
4,4,7,,,,,,,,,0.0
4,4,7,,,,,,,,,0.0
4,4,7,,,,,,,,,0.0
4,5,7,,,,,,,,,0.0
4,5,7,,,,,,,,,0.0
4,5,7,,,,,,,,,0.0
4,5,7,,,,,,,,,0.0
4,6,7,,,,,,,,,0.0
4,6,7,,,,,,,,,0.0
4,6,7,,,,,,,,,0.0
4,6,7,,,,,,,,,0.0
4,7,7,,,,,,,,,0.0
4,7,7,,,,,,,,,0.0
4,7,7,,,,,,,,,0.0
4,7,7,,,,,,,,,0.0
4,8,7,,,,,,,,,0.0
4,8,7,,,,,,,,,0.0
4,8,7,,,,,,,,,0.085
4,8,7,,,,,,,,,0.225
4,9,7,,,,,,,,,0.4675
4,9,7,,,,,,,,,0.69
4,9,7,,,,,,,,,1.27
4,9,7,,,,,,,,,1.9075
4,10,7,,,,,,,,,2.3075
4,10,7,,,,,,,,,0.0
4,10,7,,,,,,,,,0.0
4,10,7,,,,,,,,,0.0
4,11,7,,,,,,,,,0.0
4,11,7,,,,,,,,,0.0
4,11,7,,,,,,,,,0.0
4,11,7,,,,,,,,,2.775
4,12,7,,,,,,,,,3.11
4,12,7,,,,,,,,,3.265
4,12,7,,,,,,,,,3.5825
4,12,7,,,,,,,,,4.1575
4,13,7,,,,,,,,,4.895
4,13,7,,,,,,,,,6.965
4,13,7,,,,,,,,,6.8875
4,13,7,,,,,,,,,6.28
4,14,7,,,,,,,,,3.8125
4,14,7,,,,,,,,,3.355
4,14,7,,,,,,,,,2.605
4,14,7,,,,,,,,,3.66
4,15,7,,,,,,,,,3.9875
4,15,7,,,,,,,,,2.7925
4,15,7,,,,,,,,,3.41
4,15,7,,,,,,,,,3.005
4,16,7,,,,,,,,,2.48
4,16,7,,,,,,,,,2.745
4,16,7,,,,,,,,,3.6025
4,16,7,,,,,,,,,2.065
4,17,7,,,,,,,,,0.715
4,17,7,,,,,,,,,1.305
4,17,7,,,,,,,,,2.045
4,17,7,,,,,,,,,3.275
4,18,7,,,,,,,,,2.975
4,18,7,,,,,,,,,3.205
4,18,7,,,,,,,,,2.1975
4,18,7,,,,,,,,,1.7775
4,19,7,,,,,,,,,1.61
4,19,7,,,,,,,,,1.9475
4,19,7,,,,,,,,,1.515
4,19,7,,,,,,,,,0.7375
4,20,7,,,,,,,,,0.4175
4,20,7,,,,,,,,,0.26
4,20,7,,,,,,,,,0.22
4,20,7,,,,,,,,,0.1125
4,21,7,,,,,,,,,0.04
4,21,7,,,,,,,,,0.0
4,21,7,,,,,,,,,0.0
4,21,7,,,,,,,,,0.0
4,22,7,,,,,,,,,0.0
4,22,7,,,,,,,,,0.0
4,22,7,,,,,,,,,0.0
4,22,7,,,,,,,,,0.0
4,23,7,,,,,,,,,0.0
4,23,7,,,,,,,,,0.0
4,23,7,,,,,,,,,0.0
4,23,7,,,,,,,,,0.0
4,24,7,,,,,,,,,0.0
4,24,7,,,,,,,,,0.0
4,24,7,,,,,,,,,0.0
4,24,7,,,,,,,,,0.0
4,1,1,,,,,,,,,0.0
4,1,1,,,,,,,,,0.0
4,1,1,,,,,,,,,0.0
4,1,1,,,,,,,,,0.0
4,2,1,,,,,,,,,0.0
4,2,1,,,,,,,,,0.0
4,2,1,,,,,,,,,0.0
4,2,1,,,,,,,,,0.0
4,3,1,,,,,,,,,0.0
4,3,1,,,,,,,,,0.0
4,3,1,,,,,,,,,0.0
4,3,1,,,,,,,,,0.0
4,4,1,,,,,,,,,0.0
4,4,1,,,,,,,,,0.0
4,4,1,,,,,,,,,0.0
4,4,1,,,,,,,,,0.0
4,5,1,,,,,,,,,0.0
4,5,1,,,,,,,,,0.0
4,5,1,,,,,,,,,0.0
4,5,1,,,,,,,,,0.0
4,6,1,,,,,,,,,0.0
4,6,1,,,,,,,,,0.0
4,6,1,,,,,,,,,0.0
4,6,1,,,,,,,,,0.0
4,7,1,,,,,,,,,0.0
4,7,1,,,,,,,,,0.0
4,7,1,,,,,,,,,0.0
4,7,1,,,,,,,,,0.0
4,8,1,,,,,,,,,0.0
4,8,1,,,,,,,,,0.005
4,8,1,,,,,,,,,0.095
4,8,1,,,,,,,,,0.25
4,9,1,,,,,,,,,0.54
4,9,1,,,,,,,,,0.965
4,9,1,,,,,,,,,1.4525
4,9,1,,,,,,,,,2.055
4,10,1,,,,,,,,,2.6375
4,10,1,,,,,,,,,3.17
4,10,1,,,,,,,,,3.75
4,10,1,,,,,,,,,4.2925
4,11,1,,,,,,,,,4.8425
4,11,1,,,,,,,,,5.3475
4,11,1,,,,,,,,,5.735
4,11,1,,,,,,,,,6.0875
4,12,1,,,,,,,,,6.1
4,12,1,,,,,,,,,6.3
4,12,1,,,,,,,,,6.51
4,12,1,,,,,,,,,7.275
4,13,1,,,,,,,,,7.535
4,13,1,,,,,,,,,7.6
4,13,1,,,,,,,,,7.79
4,13,1,,,,,,,,,7.8825
4,14,1,,,,,,,,,7.885
4,14,1,,,,,,,,,7.55
4,14,1,,,,,,,,,7.695
4,14,1,,,,,,,,,7.8425
4,15,1,,,,,,,,,7.935
4,15,1,,,,,,,,,7.8975
4,15,1,,,,,,,,,7.8525
4,15,1,,,,,,,,,7.805
4,16,1,,,,,,,,,7.6375
4,16,1,,,,,,,,,7.425
4,16,1,,,,,,,,,7.1925
4,16,1,,,,,,,,,6.915
4,17,1,,,,,,,,,6.6025
4,17,1,,,,,,,,,6.2325
4,17,1,,,,,,,,,5.855
4,17,1,,,,,,,,,5.4375
4,18,1,,,,,,,,,4.9825
4,18,1,,,,,,,,,4.53
4,18,1,,,,,,,,,4.015
4,18,1,,,,,,,,,3.5
4,19,1,,,,,,,,,2.945
4,19,1,,,,,,,,,2.4025
4,19,1,,,,,,,,,1.8575
4,19,1,,,,,,,,,1.32
4,20,1,,,,,,,,,0.845
4,20,1,,,,,,,,,0.455
4,20,1,,,,,,,,,0.2475
4,20,1,,,,,,,,,0.11
4,21,1,,,,,,,,,0.035
4,21,1,,,,,,,,,0.0
4,21,1,,,,,,,,,0.0
4,21,1,,,,,,,,,0.0
4,22,1,,,,,,,,,0.0
4,22,1,,,,,,,,,0.0
4,22,1,,,,,,,,,0.0
4,22,1,,,,,,,,,0.0
4,23,1,,,,,,,,,0.0
4,23,1,,,,,,,,,0.0
4,23,1,,,,,,,,,0.0
4,23,1,,,,,,,,,0.0
4,24,1,,,,,,,,,0.0
4,24,1,,,,,,,,,0.0
4,24,1,,,,,,,,,0.0
4,24,1,,,,,,,,,0.0
4,1,2,,,,,,,,,0.0
4,1,2,,,,,,,,,0.0
4,1,2,,,,,,,,,0.0
4,1,2,,,,,,,,,0.0
4,2,2,,,,,,,,,0.0
4,2,2,,,,,,,,,0.0
4,2,2,,,,,,,,,0.0
4,2,2,,,,,,,,,0.0
4,3,2,,,,,,,,,0.0
4,3,2,,,,,,,,,0.0
4,3,2,,,,,,,,,0.0
4,3,2,,,,,,,,,0.0
4,4,2,,,,,,,,,0.0
4,4,2,,,,,,,,,0.0
4,4,2,,,,,,,,,0.0
4,4,2,,,,,,,,,0.0
4,5,2,,,,,,,,,0.0
4,5,2,,,,,,,,,0.0
4,5,2,,,,,,,,,0.0
4,5,2,,,,,,,,,0.0
4,6,2,,,,,,,,,0.0
4,6,2,,,,,,,,,0.0
4,6,2,,,,,,,,,0.0
4,6,2,,,,,,,,,0.0
4,7,2,,,,,,,,,0.0
4,7,2,,,,,,,,,0.0
4,7,2,,,,,,,,,0.0
4,7,2,,,,,,,,,0.0
4,8,2,,,,,,,,,0.0
4,8,2,,,,,,,,,0.01
4,8,2,,,,,,,,,0.155
4,8,2,,,,,,,,,0.3275
4,9,2,,,,,,,,,0.4975
4,9,2,,,,,,,,,0.7
4,9,2,,,,,,,,,1.015
4,9,2,,,,,,,,,1.4625
4,10,2,,,,,,,,,1.86
4,10,2,,,,,,,,,2.4975
4,10,2,,,,,,,,,3.03
4,10,2,,,,,,,,,3.0725
4,11,2,,,,,,,,,2.8775
4,11,2,,,,,,,,,3.355
4,11,2,,,,,,,,,4.59
4,11,2,,,,,,,,,5.175
4,12,2,,,,,,,,,5.07
4,12,2,,,,,,,,,5.815
4,12,2,,,,,,,,,6.125
4,12,2,,,,,,,,,6.56
4,13,2,,,,,,,,,6.21
4,13,2,,,,,,,,,6.775
4,13,2,,,,,,,,,7.225
4,13,2,,,,,,,,,5.775
4,14,2,,,,,,,,,6.1825
4,14,2,,,,,,,,,7.1125
4,14,2,,,,,,,,,7.755
4,14,2,,,,,,,,,7.32
4,15,2,,,,,,,,,6.905
4,15,2,,,,,,,,,7.4675
4,15,2,,,,,,,,,7.52
4,15,2,,,,,,,,,6.8575
4,16,2,,,,,,,,,6.255
4,16,2,,,,,,,,,7.155
4,16,2,,,,,,,,,6.715
4,16,2,,,,,,,,,6.4575
4,17,2,,,,,,,,,6.25
4,17,2,,,,,,,,,5.9475
4,17,2,,,,,,,,,5.0125
4,17,2,,,,,,,,,4.065
4,18,2,,,,,,,,,4.135
4,18,2,,,,,,,,,4.045
4,18,2,,,,,,,,,3.68
4,18,2,,,,,,,,,3.1625
4,19,2,,,,,,,,,2.745
4,19,2,,,,,,,,,1.9875
4,19,2,,,,,,,,,1.57
4,19,2,,,,,,,,,1.23
4,20,2,,,,,,,,,0.87
4,20,2,,,,,,,,,0.6025
4,20,2,,,,,,,,,0.43
4,20,2,,,,,,,,,0.255
4,21,2,,,,,,,,,0.08
4,21,2,,,,,,,,,0.0025
4,21,2,,,,,,,,,0.0
4,21,2,,,,,,,,,0.0
4,22,2,,,,,,,,,0.0
4,22,2,,,,,,,,,0.0
4,22,2,,,,,,,,,0.0
4,22,2,,,,,,,,,0.0
4,23,2,,,,,,,,,0.0
4,23,2,,,,,,,,,0.0
4,23,2,,,,,,,,,0.0
4,23,2,,,,,,,,,0.0
4,24,2,,,,,,,,,0.0
4,24,2,,,,,,,,,0.0
4,24,2,,,,,,,,,0.0
4,24,2,,,,,,,,,0.0
4,1,3,,,,,,,,,0.0
4,1,3,,,,,,,,,0.0
4,1,3,,,,,,,,,0.0
4,1,3,,,,,,,,,0.0
4,2,3,,,,,,,,,0.0
4,2,3,,,,,,,,,0.0
4,2,3,,,,,,,,,0.0
4,2,3,,,,,,,,,0.0
4,3,3,,,,,,,,,0.0
4,3,3,,,,,,,,,0.0
4,3,3,,,,,,,,,0.0
4,3,3,,,,,,,,,0.0
4,4,3,,,,,,,,,0.0
4,4,3,,,,,,,,,0.0
4,4,3,,,,,,,,,0.0
4,4,3,,,,,,,,,0.0
4,5,3,,,,,,,,,0.0
4,5,3,,,,,,,,,0.0
4,5,3,,,,,,,,,0.0
4,5,3,,,,,,,,,0.0
4,6,3,,,,,,,,,0.0
4,6,3,,,,,,,,,0.0
4,6,3,,,,,,,,,0.0
4,6,3,,,,,,,,,0.0
4,7,3,,,,,,,,,0.0
4,7,3,,,,,,,,,0.0
4,7,3,,,,,,,,,0.0
4,7,3,,,,,,,,,0.0
4,8,3,,,,,,,,,0.0
4,8,3,,,,,,,,,0.005
4,8,3,,,,,,,,,0.09
4,8,3,,,,,,,,,0.2425
4,9,3,,,,,,,,,0.5525
4,9,3,,,,,,,,,0.97
4,9,3,,,,,,,,,1.4825
4,9,3,,,,,,,,,2.015
4,10,3,,,,,,,,,2.565
4,10,3,,,,,,,,,3.23
4,10,3,,,,,,,,,3.7875
4,10,3,,,,,,,,,4.25
4,11,3,,,,,,,,,4.82
4,11,3,,,,,,,,,5.275
4,11,3,,,,,,,,,5.65
4,11,3,,,,,,,,,5.985
4,12,3,,,,,,,,,6.3625
4,12,3,,,,,,,,,6.6625
4,12,3,,,,,,,,,6.87
4,12,3,,,,,,,,,6.9975
4,13,3,,,,,,,,,7.0025
4,13,3,,,,,,,,,7.465
4,13,3,,,,,,,,,7.6675
4,13,3,,,,,,,,,7.575
4,14,3,,,,,,,,,7.8025
4,14,3,,,,,,,,,7.8225
4,14,3,,,,,,,,,7.8025
4,14,3,,,,,,,,,7.8075
4,15,3,,,,,,,,,7.805
4,15,3,,,,,,,,,7.745
4,15,3,,,,,,,,,7.645
4,15,3,,,,,,,,,7.5225
4,16,3,,,,,,,,,7.44
4,16,3,,,,,,,,,6.34
4,16,3,,,,,,,,,6.9775
4,16,3,,,,,,,,,6.795
4,17,3,,,,,,,,,6.47
4,17,3,,,,,,,,,6.11
4,17,3,,,,,,,,,5.815
4,17,3,,,,,,,,,4.7975
4,18,3,,,,,,,,,3.78
4,18,3,,,,,,,,,4.0525
4,18,3,,,,,,,,,3.7075
4,18,3,,,,,,,,,3.3975
4,19,3,,,,,,,,,2.6475
4,19,3,,,,,,,,,1.725
4,19,3,,,,,,,,,1.355
4,19,3,,,,,,,,,1.19
4,20,3,,,,,,,,,0.865
4,20,3,,,,,,,,,0.7225
4,20,3,,,,,,,,,0.52
4,20,3,,,,,,,,,0.3475
4,21,3,,,,,,,,,0.1025
4,21,3,,,,,,,,,0.0025
4,21,3,,,,,,,,,0.0
4,21,3,,,,,,,,,0.0
4,22,3,,,,,,,,,0.0
4,22,3,,,,,,,,,0.0
4,22,3,,,,,,,,,0.0
4,22,3,,,,,,,,,0.0
4,23,3,,,,,,,,,0.0
4,23,3,,,,,,,,,0.0
4,23,3,,,,,,,,,0.0
4,23,3,,,,,,,,,0.0
4,24,3,,,,,,,,,0.0
4,24,3,,,,,,,,,0.0
4,24,3,,,,,,,,,0.0
4,24,3,,,,,,,,,0.0
4,1,4,,,,,,,,,0.0
4,1,4,,,,,,,,,0.0
4,1,4,,,,,,,,,0.0
4,1,4,,,,,,,,,0.0
4,2,4,,,,,,,,,0.0
4,2,4,,,,,,,,,0.0
4,2,4,,,,,,,,,0.0
4,2,4,,,,,,,,,0.0
4,3,4,,,,,,,,,0.0
4,3,4,,,,,,,,,0.0
4,3,4,,,,,,,,,0.0
4,3,4,,,,,,,,,0.0
4,4,4,,,,,,,,,0.0
4,4,4,,,,,,,,,0.0
4,4,4,,,,,,,,,0.0
4,4,4,,,,,,,,,0.0
4,5,4,,,,,,,,,0.0
4,5,4,,,,,,,,,0.0
4,5,4,,,,,,,,,0.0
4,5,4,,,,,,,,,0.0
4,6,4,,,,,,,,,0.0
4,6,4,,,,,,,,,0.0
4,6,4,,,,,,,,,0.0
4,6,4,,,,,,,,,0.0
4,7,4,,,,,,,,,0.0
4,7,4,,,,,,,,,0.0
4,7,4,,,,,,,,,0.0
4,7,4,,,,,,,,,0.0
4,8,4,,,,,,,,,0.0
4,8,4,,,,,,,,,0.005
4,8,4,,,,,,,,,0.135
4,8,4,,,,,,,,,0.38
4,9,4,,,,,,,,,0.66
4,9,4,,,,,,,,,1.0
4,9,4,,,,,,,,,1.3375
4,9,4,,,,,,,,,1.7725
4,10,4,,,,,,,,,2.365
4,10,4,,,,,,,,,2.165
4,10,4,,,,,,,,,2.3775
4,10,4,,,,,,,,,2.9975
4,11,4,,,,,,,,,3.855
4,11,4,,,,,,,,,3.665
4,11,4,,,,,,,,,4.5925
4,11,4,,,,,,,,,5.3875
4,12,4,,,,,,,,,6.105
4,12,4,,,,,,,,,6.32
4,12,4,,,,,,,,,6.6425
4,12,4,,,,,,,,,7.1
4,13,4,,,,,,,,,7.17
4,13,4,,,,,,,,,7.335
4,13,4,,,,,,,,,7.5325
4,13,4,,,,,,,,,7.69
4,14,4,,,,,,,,,6.605
4,14,4,,,,,,,,,7.73
4,14,4,,,,,,,,,7.8
4,14,4,,,,,,,,,7.835
4,15,4,,,,,,,,,7.61
4,15,4,,,,,,,,,7.5825
4,15,4,,,,,,,,,7.5725
4,15,4,,,,,,,,,7.255
4,16,4,,,,,,,,,5.28
4,16,4,,,,,,,,,4.93
4,16,4,,,,,,,,,4.375
4,16,4,,,,,,,,,3.785
4,17,4,,,,,,,,,4.3575
4,17,4,,,,,,,,,4.965
4,17,4,,,,,,,,,5.05
4,17,4,,,,,,,,,4.485
4,18,4,,,,,,,,,3.535
4,18,4,,,,,,,,,3.2675
4,18,4,,,,,,,,,2.735
4,18,4,,,,,,,,,2.56
4,19,4,,,,,,,,,2.275
4,19,4,,,,,,,,,1.8475
4,19,4,,,,,,,,,1.5825
4,19,4,,,,,,,,,1.21
4,20,4,,,,,,,,,0.78
4,20,4,,,,,,,,,0.6075
4,20,4,,,,,,,,,0.4625
4,20,4,,,,,,,,,0.36
4,21,4,,,,,,,,,0.155
4,21,4,,,,,,,,,0.0375
4,21,4,,,,,,,,,0.0
4,21,4,,,,,,,,,0.0
4,22,4,,,,,,,,,0.0
4,22,4,,,,,,,,,0.0
4,22,4,,,,,,,,,0.0
4,22,4,,,,,,,,,0.0
4,23,4,,,,,,,,,0.0
4,23,4,,,,,,,,,0.0
4,23,4,,,,,,,,,0.0
4,23,4,,,,,,,,,0.0
4,24,4,,,,,,,,,0.0
4,24,4,,,,,,,,,0.0
4,24,4,,,,,,,,,0.0
4,24,4,,,,,,,,,0.0
4,1,5,,,,,,,,,0.0
4,1,5,,,,,,,,,0.0
4,1,5,,,,,,,,,0.0
4,1,5,,,,,,,,,0.0
4,2,5,,,,,,,,,0.0
4,2,5,,,,,,,,,0.0
4,2,5,,,,,,,,,0.0
4,2,5,,,,,,,,,0.0
4,3,5,,,,,,,,,0.0
4,3,5,,,,,,,,,0.0
4,3,5,,,,,,,,,0.0
4,3,5,,,,,,,,,0.0
4,4,5,,,,,,,,,0.0
4,4,5,,,,,,,,,0.0
4,4,5,,,,,,,,,0.0
4,4,5,,,,,,,,,0.0
4,5,5,,,,,,,,,0.0
4,5,5,,,,,,,,,0.0
4,5,5,,,,,,,,,0.0
4,5,5,,,,,,,,,0.0
4,6,5,,,,,,,,,0.0
4,6,5,,,,,,,,,0.0
4,6,5,,,,,,,,,0.0
4,6,5,,,,,,,,,0.0
4,7,5,,,,,,,,,0.0
4,7,5,,,,,,,,,0.0
4,7,5,,,,,,,,,0.0
4,7,5,,,,,,,,,0.0
4,8,5,,,,,,,,,0.0
4,8,5,,,,,,,,,0.035
4,8,5,,,,,,,,,0.0625
4,8,5,,,,,,,,,0.085
4,9,5,,,,,,,,,0.08
4,9,5,,,,,,,,,0.0975
4,9,5,,,,,,,,,0.115
4,9,5,,,,,,,,,0.13
4,10,5,,,,,,,,,0.2
4,10,5,,,,,,,,,0.3725
4,10,5,,,,,,,,,0.3125
4,10,5,,,,,,,,,0.3125
4,11,5,,,,,,,,,0.665
4,11,5,,,,,,,,,0.8875
4,11,5,,,,,,,,,1.06
4,11,5,,,,,,,,,0.6475
4,12,5,,,,,,,,,0.55
4,12,5,,,,,,,,,0.7225
4,12,5,,,,,,,,,0.94
4,12,5,,,,,,,,,0.76
4,13,5,,,,,,,,,1.27
4,13,5,,,,,,,,,1.2125
4,13,5,,,,,,,,,1.025
4,13,5,,,,,,,,,1.31
4,14,5,,,,,,,,,1.685
4,14,5,,,,,,,,,2.02
4,14,5,,,,,,,,,2.6375
4,14,5,,,,,,,,,2.4725
4,15,5,,,,,,,,,1.43
4,15,5,,,,,,,,,0.905
4,15,5,,,,,,,,,0.54
4,15,5,,,,,,,,,0.39
4,16,5,,,,,,,,,0.3625
4,16,5,,,,,,,,,0.655
4,16,5,,,,,,,,,0.65
4,16,5,,,,,,,,,0.59
4,17,5,,,,,,,,,0.6875
4,17,5,,,,,,,,,0.625
4,17,5,,,,,,,,,0.7025
4,17,5,,,,,,,,,0.91
4,18,5,,,,,,,,,0.84
4,18,5,,,,,,,,,0.68
4,18,5,,,,,,,,,0.8575
4,18,5,,,,,,,,,0.9425
4,19,5,,,,,,,,,0.82
4,19,5,,,,,,,,,0.7475
4,19,5,,,,,,,,,0.6725
4,19,5,,,,,,,,,0.575
4,20,5,,,,,,,,,0.2875
4,20,5,,,,,,,,,0.21
4,20,5,,,,,,,,,0.21
4,20,5,,,,,,,,,0.15
4,21,5,,,,,,,,,0.0725
4,21,5,,,,,,,,,0.005
4,21,5,,,,,,,,,0.0
4,21,5,,,,,,,,,0.0
4,22,5,,,,,,,,,0.0
4,22,5,,,,,,,,,0.0
4,22,5,,,,,,,,,0.0
4,22,5,,,,,,,,,0.0
4,23,5,,,,,,,,,0.0
4,23,5,,,,,,,,,0.0
4,23,5,,,,,,,,,0.0
4,23,5,,,,,,,,,0.0
4,24,5,,,,,,,,,0.0
4,24,5,,,,,,,,,0.0
4,24,5,,,,,,,,,0.0
4,24,5,,,,,,,,,0.0
4,1,6,,,,,,,,,0.0
4,1,6,,,,,,,,,0.0
4,1,6,,,,,,,,,0.0
4,1,6,,,,,,,,,0.0
4,2,6,,,,,,,,,0.0
4,2,6,,,,,,,,,0.0
4,2,6,,,,,,,,,0.0
4,2,6,,,,,,,,,0.0
4,3,6,,,,,,,,,0.0
4,3,6,,,,,,,,,0.0
4,3,6,,,,,,,,,0.0
4,3,6,,,,,,,,,0.0
4,4,6,,,,,,,,,0.0
4,4,6,,,,,,,,,0.0
4,4,6,,,,,,,,,0.0
4,4,6,,,,,,,,,0.0
4,5,6,,,,,,,,,0.0
4,5,6,,,,,,,,,0.0
4,5,6,,,,,,,,,0.0
4,5,6,,,,,,,,,0.0
4,6,6,,,,,,,,,0.0
4,6,6,,,,,,,,,0.0
4,6,6,,,,,,,,,0.0
4,6,6,,,,,,,,,0.0
4,7,6,,,,,,,,,0.0
4,7,6,,,,,,,,,0.0
4,7,6,,,,,,,,,0.0
4,7,6,,,,,,,,,0.0
4,8,6,,,,,,,,,0.0
4,8,6,,,,,,,,,0.035
4,8,6,,,,,,,,,0.1675
4,8,6,,,,,,,,,0.305
4,9,6,,,,,,,,,0.63
4,9,6,,,,,,,,,1.03
4,9,6,,,,,,,,,0.91
4,9,6,,,,,,,,,1.035
4,10,6,,,,,,,,,1.12
4,10,6,,,,,,,,,1.3925
4,10,6,,,,,,,,,1.97
4,10,6,,,,,,,,,4.38
4,11,6,,,,,,,,,4.735
4,11,6,,,,,,,,,5.2325
4,11,6,,,,,,,,,2.56
4,11,6,,,,,,,,,1.22
4,12,6,,,,,,,,,1.5375
4,12,6,,,,,,,,,1.8175
4,12,6,,,,,,,,,1.88
4,12,6,,,,,,,,,3.0575
4,13,6,,,,,,,,,6.6175
4,13,6,,,,,,,,,7.715
4,13,6,,,,,,,,,7.43
4,13,6,,,,,,,,,4.555
4,14,6,,,,,,,,,5.315
4,14,6,,,,,,,,,3.44
4,14,6,,,,,,,,,7.2575
4,14,6,,,,,,,,,7.69
4,15,6,,,,,,,,,7.895
4,15,6,,,,,,,,,3.13
4,15,6,,,,,,,,,1.8825
4,15,6,,,,,,,,,4.6225
4,16,6,,,,,,,,,7.9125
4,16,6,,,,,,,,,7.1775
4,16,6,,,,,,,,,7.4025
4,16,6,,,,,,,,,7.0475
4,17,6,,,,,,,,,6.655
4,17,6,,,,,,,,,5.9825
4,17,6,,,,,,,,,5.195
4,17,6,,,,,,,,,36.975
4,18,6,,,,,,,,,3.2875
4,18,6,,,,,,,,,6.435
4,18,6,,,,,,,,,5.965
4,18,6,,,,,,,,,6.165
4,19,6,,,,,,,,,5.705
4,19,6,,,,,,,,,5.2425
4,19,6,,,,,,,,,4.7125
4,19,6,,,,,,,,,4.0025
4,20,6,,,,,,,,,3.4475
4,20,6,,,,,,,,,2.95
4,20,6,,,,,,,,,2.965
4,20,6,,,,,,,,,2.6475
4,21,6,,,,,,,,,2.31
4,21,6,,,,,,,,,2.0
4,21,6,,,,,,,,,1.63
4,21,6,,,,,,,,,1.2375
4,22,6,,,,,,,,,1.0325
4,22,6,,,,,,,,,0.7075
4,22,6,,,,,,,,,0.415
4,22,6,,,,,,,,,0.215
4,23,6,,,,,,,,,0.155
4,23,6,,,,,,,,,0.0625
4,23,6,,,,,,,,,0.0175
4,23,6,,,,,,,,,0.0
4,24,6,,,,,,,,,0.0
4,24,6,,,,,,,,,0.0
4,24,6,,,,,,,,,0.0
4,24,6,,,,,,,,,0.0
4,1,7,,,,,,,,,0.0
4,1,7,,,,,,,,,0.0
4,1,7,,,,,,,,,0.0
4,1,7,,,,,,,,,0.0
4,2,7,,,,,,,,,0.0
4,2,7,,,,,,,,,0.0
4,2,7,,,,,,,,,0.0
4,2,7,,,,,,,,,0.0
4,3,7,,,,,,,,,0.0
4,3,7,,,,,,,,,0.0
4,3,7,,,,,,,,,0.0
4,3,7,,,,,,,,,0.0
4,4,7,,,,,,,,,0.0
4,4,7,,,,,,,,,0.0
4,4,7,,,,,,,,,0.0
4,4,7,,,,,,,,,0.0
4,5,7,,,,,,,,,0.0
4,5,7,,,,,,,,,0.0
4,5,7,,,,,,,,,0.0
4,5,7,,,,,,,,,0.0
4,6,7,,,,,,,,,0.0
4,6,7,,,,,,,,,0.0
4,6,7,,,,,,,,,0.0
4,6,7,,,,,,,,,0.0
4,7,7,,,,,,,,,0.0
4,7,7,,,,,,,,,0.0
4,7,7,,,,,,,,,0.0
4,7,7,,,,,,,,,0.0
4,8,7,,,,,,,,,0.0
4,8,7,,,,,,,,,0.0
4,8,7,,,,,,,,,0.0
4,8,7,,,,,,,,,0.0
4,9,7,,,,,,,,,0.025
4,9,7,,,,,,,,,0.04
4,9,7,,,,,,,,,0.07
4,9,7,,,,,,,,,0.11
4,10,7,,,,,,,,,0.1
4,10,7,,,,,,,,,0.17
4,10,7,,,,,,,,,0.2525
4,10,7,,,,,,,,,0.5175
4,11,7,,,,,,,,,1.475
4,11,7,,,,,,,,,1.925
4,11,7,,,,,,,,,1.99
4,11,7,,,,,,,,,2.115
4,12,7,,,,,,,,,1.92
4,12,7,,,,,,,,,2.005
4,12,7,,,,,,,,,2.625
4,12,7,,,,,,,,,2.48
4,13,7,,,,,,,,,3.2675
4,13,7,,,,,,,,,4.2075
4,13,7,,,,,,,,,5.235
4,13,7,,,,,,,,,5.6725
4,14,7,,,,,,,,,6.5
4,14,7,,,,,,,,,6.395
4,14,7,,,,,,,,,6.4025
4,14,7,,,,,,,,,7.015
4,15,7,,,,,,,,,6.845
4,15,7,,,,,,,,,7.2575
4,15,7,,,,,,,,,7.5225
4,15,7,,,,,,,,,6.6475
4,16,7,,,,,,,,,5.16
4,16,7,,,,,,,,,7.485
4,16,7,,,,,,,,,7.305
4,16,7,,,,,,,,,6.665
4,17,7,,,,,,,,,6.7225
4,17,7,,,,,,,,,7.34
4,17,7,,,,,,,,,6.73
4,17,7,,,,,,,,,6.9375
4,18,7,,,,,,,,,6.9125
4,18,7,,,,,,,,,6.0725
4,18,7,,,,,,,,,5.915
4,18,7,,,,,,,,,5.5825
4,19,7,,,,,,,,,4.445
4,19,7,,,,,,,,,4.0125
4,19,7,,,,,,,,,4.48
4,19,7,,,,,,,,,3.855
4,20,7,,,,,,,,,4.01
4,20,7,,,,,,,,,3.45
4,20,7,,,,,,,,,3.2
4,20,7,,,,,,,,,2.9625
4,21,7,,,,,,,,,2.5
4,21,7,,,,,,,,,2.0975
4,21,7,,,,,,,,,1.65
4,21,7,,,,,,,,,1.3125
4,22,7,,,,,,,,,1.0275
4,22,7,,,,,,,,,0.7325
4,22,7,,,,,,,,,0.4075
4,22,7,,,,,,,,,0.3025
4,23,7,,,,,,,,,0.1775
4,23,7,,,,,,,,,0.1025
4,23,7,,,,,,,,,0.03
4,23,7,,,,,,,,,0.0
4,24,7,,,,,,,,,0.0
4,24,7,,,,,,,,,0.0
4,24,7,,,,,,,,,0.0
4,24,7,,,,,,,,,0.0
4,1,1,,,,,,,,,0.0
4,1,1,,,,,,,,,0.0
4,1,1,,,,,,,,,0.0
4,1,1,,,,,,,,,0.0
4,2,1,,,,,,,,,0.0
4,2,1,,,,,,,,,0.0
4,2,1,,,,,,,,,0.0
4,2,1,,,,,,,,,0.0
4,3,1,,,,,,,,,0.0
4,3,1,,,,,,,,,0.0
4,3,1,,,,,,,,,0.0
4,3,1,,,,,,,,,0.0
4,4,1,,,,,,,,,0.0
4,4,1,,,,,,,,,0.0
4,4,1,,,,,,,,,0.0
4,4,1,,,,,,,,,0.0
4,5,1,,,,,,,,,0.0
4,5,1,,,,,,,,,0.0
4,5,1,,,,,,,,,0.0
4,5,1,,,,,,,,,0.0
4,6,1,,,,,,,,,0.0
4,6,1,,,,,,,,,0.0
4,6,1,,,,,,,,,0.0
4,6,1,,,,,,,,,0.0
4,7,1,,,,,,,,,0.0
4,7,1,,,,,,,,,0.0
4,7,1,,,,,,,,,0.0
4,7,1,,,,,,,,,0.0
4,8,1,,,,,,,,,0.0
4,8,1,,,,,,,,,0.0
4,8,1,,,,,,,,,0.0375
4,8,1,,,,,,,,,0.07
4,9,1,,,,,,,,,0.13
4,9,1,,,,,,,,,0.3
4,9,1,,,,,,,,,0.175
4,9,1,,,,,,,,,0.1525
4,10,1,,,,,,,,,0.155
4,10,1,,,,,,,,,0.315
4,10,1,,,,,,,,,0.425
4,10,1,,,,,,,,,0.525
4,11,1,,,,,,,,,0.625
4,11,1,,,,,,,,,0.865
4,11,1,,,,,,,,,0.9275
4,11,1,,,,,,,,,0.975
4,12,1,,,,,,,,,0.9325
4,12,1,,,,,,,,,0.775
4,12,1,,,,,,,,,0.8775
4,12,1,,,,,,,,,1.255
4,13,1,,,,,,,,,1.7075
4,13,1,,,,,,,,,1.4725
4,13,1,,,,,,,,,2.49
4,13,1,,,,,,,,,2.59
4,14,1,,,,,,,,,1.935
4,14,1,,,,,,,,,2.195
4,14,1,,,,,,,,,2.25
4,14,1,,,,,,,,,1.84
4,15,1,,,,,,,,,1.71
4,15,1,,,,,,,,,2.065
4,15,1,,,,,,,,,2.9525
4,15,1,,,,,,,,,3.9275
4,16,1,,,,,,,,,4.6225
4,16,1,,,,,,,,,1.9075
4,16,1,,,,,,,,,2.54
4,16,1,,,,,,,,,3.47
4,17,1,,,,,,,,,4.45
4,17,1,,,,,,,,,4.05
4,17,1,,,,,,,,,3.02
4,17,1,,,,,,,,,2.69
4,18,1,,,,,,,,,5.13
4,18,1,,,,,,,,,3.8525
4,18,1,,,,,,,,,2.095
4,18,1,,,,,,,,,2.47
4,19,1,,,,,,,,,1.765
4,19,1,,,,,,,,,3.955
4,19,1,,,,,,,,,4.945
4,19,1,,,,,,,,,2.945
4,20,1,,,,,,,,,3.18
4,20,1,,,,,,,,,1.635
4,20,1,,,,,,,,,2.095
4,20,1,,,,,,,,,1.2125
4,21,1,,,,,,,,,2.03
4,21,1,,,,,,,,,1.4175
4,21,1,,,,,,,,,0.495
4,21,1,,,,,,,,,1.0675
4,22,1,,,,,,,,,0.81
4,22,1,,,,,,,,,0.6825
4,22,1,,,,,,,,,0.28
4,22,1,,,,,,,,,0.365
4,23,1,,,,,,,,,0.2625
4,23,1,,,,,,,,,0.1375
4,23,1,,,,,,,,,0.015
4,23,1,,,,,,,,,0.0
4,24,1,,,,,,,,,0.0
4,24,1,,,,,,,,,0.0
4,24,1,,,,,,,,,0.0
4,24,1,,,,,,,,,0.0
4,1,2,,,,,,,,,0.0
4,1,2,,,,,,,,,0.0
4,1,2,,,,,,,,,0.0
4,1,2,,,,,,,,,0.0
4,2,2,,,,,,,,,0.0
4,2,2,,,,,,,,,0.0
4,2,2,,,,,,,,,0.0
4,2,2,,,,,,,,,0.0
4,3,2,,,,,,,,,0.0
4,3,2,,,,,,,,,0.0
4,3,2,,,,,,,,,0.0
4,3,2,,,,,,,,,0.0
4,4,2,,,,,,,,,0.0
4,4,2,,,,,,,,,0.0
4,4,2,,,,,,,,,0.0
4,4,2,,,,,,,,,0.0
4,5,2,,,,,,,,,0.0
4,5,2,,,,,,,,,0.0
4,5,2,,,,,,,,,0.0
4,5,2,,,,,,,,,0.0
4,6,2,,,,,,,,,0.0
4,6,2,,,,,,,,,0.0
4,6,2,,,,,,,,,0.0
4,6,2,,,,,,,,,0.0
4,7,2,,,,,,,,,0.0
4,7,2,,,,,,,,,0.0
4,7,2,,,,,,,,,0.0
4,7,2,,,,,,,,,0.0
4,8,2,,,,,,,,,0.0
4,8,2,,,,,,,,,0.0675
4,8,2,,,,,,,,,0.1225
4,8,2,,,,,,,,,0.155
4,9,2,,,,,,,,,0.115
4,9,2,,,,,,,,,0.07
4,9,2,,,,,,,,,0.065
4,9,2,,,,,,,,,0.115
4,10,2,,,,,,,,,0.275
4,10,2,,,,,,,,,0.225
4,10,2,,,,,,,,,1.09
4,10,2,,,,,,,,,1.8975
4,11,2,,,,,,,,,2.07
4,11,2,,,,,,,,,2.23
4,11,2,,,,,,,,,2.43
4,11,2,,,,,,,,,1.315
4,12,2,,,,,,,,,2.3125
4,12,2,,,,,,,,,1.17
4,12,2,,,,,,,,,0.625
4,12,2,,,,,,,,,1.645
4,13,2,,,,,,,,,6.025
4,13,2,,,,,,,,,5.745
4,13,2,,,,,,,,,3.7875
4,13,2,,,,,,,,,6.0775
4,14,2,,,,,,,,,5.685
4,14,2,,,,,,,,,5.3075
4,14,2,,,,,,,,,6.21
4,14,2,,,,,,,,,3.1275
4,15,2,,,,,,,,,1.95
4,15,2,,,,,,,,,5.55
4,15,2,,,,,,,,,6.7075
4,15,2,,,,,,,,,1.9525
4,16,2,,,,,,,,,4.5625
4,16,2,,,,,,,,,7.1575
4,16,2,,,,,,,,,6.64
4,16,2,,,,,,,,,6.5475
4,17,2,,,,,,,,,5.4
4,17,2,,,,,,,,,3.535
4,17,2,,,,,,,,,2.73
4,17,2,,,,,,,,,6.5
4,18,2,,,,,,,,,3.05
4,18,2,,,,,,,,,4.765
4,18,2,,,,,,,,,6.035
4,18,2,,,,,,,,,6.2575
4,19,2,,,,,,,,,5.78
4,19,2,,,,,,,,,2.755
4,19,2,,,,,,,,,0.93
4,19,2,,,,,,,,,0.835
4,20,2,,,,,,,,,4.0425
4,20,2,,,,,,,,,3.82
4,20,2,,,,,,,,,2.17
4,20,2,,,,,,,,,3.19
4,21,2,,,,,,,,,2.53
4,21,2,,,,,,,,,2.105
4,21,2,,,,,,,,,1.755
4,21,2,,,,,,,,,1.425
4,22,2,,,,,,,,,0.5175
4,22,2,,,,,,,,,0.9525
4,22,2,,,,,,,,,0.655
4,22,2,,,,,,,,,0.365
4,23,2,,,,,,,,,0.71
4,23,2,,,,,,,,,0.145
4,23,2,,,,,,,,,0.0275
4,23,2,,,,,,,,,0.0025
4,24,2,,,,,,,,,0.0
4,24,2,,,,,,,,,0.0
4,24,2,,,,,,,,,0.0
4,24,2,,,,,,,,,0.0
4,1,3,,,,,,,,,0.0
4,1,3,,,,,,,,,0.0
4,1,3,,,,,,,,,0.0
4,1,3,,,,,,,,,0.0
4,2,3,,,,,,,,,0.0
4,2,3,,,,,,,,,0.0
4,2,3,,,,,,,,,0.0
4,2,3,,,,,,,,,0.0
4,3,3,,,,,,,,,0.0
4,3,3,,,,,,,,,0.0
4,3,3,,,,,,,,,0.0
4,3,3,,,,,,,,,0.0
4,4,3,,,,,,,,,0.0
4,4,3,,,,,,,,,0.0
4,4,3,,,,,,,,,0.0
4,4,3,,,,,,,,,0.0
4,5,3,,,,,,,,,0.0
4,5,3,,,,,,,,,0.0
4,5,3,,,,,,,,,0.0
4,5,3,,,,,,,,,0.0
4,6,3,,,,,,,,,0.0
4,6,3,,,,,,,,,0.0
4,6,3,,,,,,,,,0.0
4,6,3,,,,,,,,,0.0
4,7,3,,,,,,,,,0.0
4,7,3,,,,,,,,,0.0
4,7,3,,,,,,,,,0.0
4,7,3,,,,,,,,,0.0
4,8,3,,,,,,,,,0.0
4,8,3,,,,,,,,,0.0
4,8,3,,,,,,,,,0.0
4,8,3,,,,,,,,,0.0
4,9,3,,,,,,,,,0.02
4,9,3,,,,,,,,,0.0775
4,9,3,,,,,,,,,0.0925
4,9,3,,,,,,,,,0.1
4,10,3,,,,,,,,,0.04
4,10,3,,,,,,,,,0.0975
4,10,3,,,,,,,,,0.27
4,10,3,,,,,,,,,0.49
4,11,3,,,,,,,,,0.33
4,11,3,,,,,,,,,0.225
4,11,3,,,,,,,,,1.2175
4,11,3,,,,,,,,,1.7175
4,12,3,,,,,,,,,1.3475
4,12,3,,,,,,,,,2.0875
4,12,3,,,,,,,,,2.8025
4,12,3,,,,,,,,,3.0375
4,13,3,,,,,,,,,3.075
4,13,3,,,,,,,,,3.1875
4,13,3,,,,,,,,,1.9575
4,13,3,,,,,,,,,2.88
4,14,3,,,,,,,,,3.7475
4,14,3,,,,,,,,,3.705
4,14,3,,,,,,,,,4.535
4,14,3,,,,,,,,,6.495
4,15,3,,,,,,,,,5.965
4,15,3,,,,,,,,,5.6275
4,15,3,,,,,,,,,5.2725
4,15,3,,,,,,,,,4.95
4,16,3,,,,,,,,,3.655
4,16,3,,,,,,,,,3.2225
4,16,3,,,,,,,,,4.13
4,16,3,,,,,,,,,3.85
4,17,3,,,,,,,,,4.6
4,17,3,,,,,,,,,4.7
4,17,3,,,,,,,,,4.9225
4,17,3,,,,,,,,,4.2
4,18,3,,,,,,,,,4.65
4,18,3,,,,,,,,,3.735
4,18,3,,,,,,,,,2.6825
4,18,3,,,,,,,,,4.0525
4,19,3,,,,,,,,,3.6
4,19,3,,,,,,,,,2.845
4,19,3,,,,,,,,,3.035
4,19,3,,,,,,,,,4.3725
4,20,3,,,,,,,,,4.015
4,20,3,,,,,,,,,3.0075
4,20,3,,,,,,,,,2.825
4,20,3,,,,,,,,,2.96
4,21,3,,,,,,,,,2.55
4,21,3,,,,,,,,,2.0925
4,21,3,,,,,,,,,1.615
4,21,3,,,,,,,,,1.4025
4,22,3,,,,,,,,,1.055
4,22,3,,,,,,,,,0.6875
4,22,3,,,,,,,,,0.4125
4,22,3,,,,,,,,,0.27
4,23,3,,,,,,,,,0.2
4,23,3,,,,,,,,,0.16
4,23,3,,,,,,,,,0.045
4,23,3,,,,,,,,,0.005
4,24,3,,,,,,,,,0.0
4,24,3,,,,,,,,,0.0
4,24,3,,,,,,,,,0.0
4,24,3,,,,,,,,,0.0
4,1,4,,,,,,,,,0.0
4,1,4,,,,,,,,,0.0
4,1,4,,,,,,,,,0.0
4,1,4,,,,,,,,,0.0
4,2,4,,,,,,,,,0.0
4,2,4,,,,,,,,,0.0
4,2,4,,,,,,,,,0.0
4,2,4,,,,,,,,,0.0
4,3,4,,,,,,,,,0.0
4,3,4,,,,,,,,,0.0
4,3,4,,,,,,,,,0.0
4,3,4,,,,,,,,,0.0
4,4,4,,,,,,,,,0.0
4,4,4,,,,,,,,,0.0
4,4,4,,,,,,,,,0.0
4,4,4,,,,,,,,,0.0
4,5,4,,,,,,,,,0.0
4,5,4,,,,,,,,,0.0
4,5,4,,,,,,,,,0.0
4,5,4,,,,,,,,,0.0
4,6,4,,,,,,,,,0.0
4,6,4,,,,,,,,,0.0
4,6,4,,,,,,,,,0.0
4,6,4,,,,,,,,,0.0
4,7,4,,,,,,,,,0.0
4,7,4,,,,,,,,,0.0
4,7,4,,,,,,,,,0.0
4,7,4,,,,,,,,,0.0
4,8,4,,,,,,,,,0.0
4,8,4,,,,,,,,,0.0
4,8,4,,,,,,,,,0.04
4,8,4,,,,,,,,,0.0475
4,9,4,,,,,,,,,0.075
4,9,4,,,,,,,,,0.14
4,9,4,,,,,,,,,0.1375
4,9,4,,,,,,,,,0.1275
4,10,4,,,,,,,,,0.1925
4,10,4,,,,,,,,,0.245
4,10,4,,,,,,,,,0.22
4,10,4,,,,,,,,,0.4875
4,11,4,,,,,,,,,0.6725
4,11,4,,,,,,,,,0.59
4,11,4,,,,,,,,,1.07
4,11,4,,,,,,,,,1.095
4,12,4,,,,,,,,,1.0275
4,12,4,,,,,,,,,1.075
4,12,4,,,,,,,,,1.0625
4,12,4,,,,,,,,,1.18
4,13,4,,,,,,,,,1.25
4,13,4,,,,,,,,,2.0375
4,13,4,,,,,,,,,2.165
4,13,4,,,,,,,,,2.7525
4,14,4,,,,,,,,,3.3625
4,14,4,,,,,,,,,3.855
4,14,4,,,,,,,,,2.825
4,14,4,,,,,,,,,2.58
4,15,4,,,,,,,,,2.025
4,15,4,,,,,,,,,2.145
4,15,4,,,,,,,,,3.2175
4,15,4,,,,,,,,,4.6575
4,16,4,,,,,,,,,4.77
4,16,4,,,,,,,,,4.94
4,16,4,,,,,,,,,5.5475
4,16,4,,,,,,,,,4.23
4,17,4,,,,,,,,,3.3425
4,17,4,,,,,,,,,2.4225
4,17,4,,,,,,,,,2.5125
4,17,4,,,,,,,,,3.1975
4,18,4,,,,,,,,,4.51
4,18,4,,,,,,,,,5.0925
4,18,4,,,,,,,,,4.96
4,18,4,,,,,,,,,3.69
4,19,4,,,,,,,,,2.965
4,19,4,,,,,,,,,1.8925
4,19,4,,,,,,,,,1.805
4,19,4,,,,,,,,,1.8
4,20,4,,,,,,,,,2.31
4,20,4,,,,,,,,,1.93
4,20,4,,,,,,,,,1.86
4,20,4,,,,,,,,,1.7675
4,21,4,,,,,,,,,1.4275
4,21,4,,,,,,,,,1.135
4,21,4,,,,,,,,,0.83
4,21,4,,,,,,,,,0.68
4,22,4,,,,,,,,,0.46
4,22,4,,,,,,,,,0.415
4,22,4,,,,,,,,,0.285
4,22,4,,,,,,,,,0.1925
4,23,4,,,,,,,,,0.085
4,23,4,,,,,,,,,0.0275
4,23,4,,,,,,,,,0.005
4,23,4,,,,,,,,,0.0
4,24,4,,,,,,,,,0.0
4,24,4,,,,,,,,,0.0
4,24,4,,,,,,,,,0.0
4,24,4,,,,,,,,,0.0
4,1,5,,,,,,,,,0.0
4,1,5,,,,,,,,,0.0
4,1,5,,,,,,,,,0.0
4,1,5,,,,,,,,,0.0
4,2,5,,,,,,,,,0.0
4,2,5,,,,,,,,,0.0
4,2,5,,,,,,,,,0.0
4,2,5,,,,,,,,,0.0
4,3,5,,,,,,,,,0.0
4,3,5,,,,,,,,,0.0
4,3,5,,,,,,,,,0.0
4,3,5,,,,,,,,,0.0
4,4,5,,,,,,,,,0.0
4,4,5,,,,,,,,,0.0
4,4,5,,,,,,,,,0.0
4,4,5,,,,,,,,,0.0
4,5,5,,,,,,,,,0.0
4,5,5,,,,,,,,,0.0
4,5,5,,,,,,,,,0.0
4,5,5,,,,,,,,,0.0
4,6,5,,,,,,,,,0.0
4,6,5,,,,,,,,,0.0
4,6,5,,,,,,,,,0.0
4,6,5,,,,,,,,,0.0
4,7,5,,,,,,,,,0.0
4,7,5,,,,,,,,,0.0
4,7,5,,,,,,,,,0.0
4,7,5,,,,,,,,,0.0
4,8,5,,,,,,,,,0.0
4,8,5,,,,,,,,,0.0
4,8,5,,,,,,,,,0.0
4,8,5,,,,,,,,,0.0
4,9,5,,,,,,,,,0.0
4,9,5,,,,,,,,,0.005
4,9,5,,,,,,,,,0.0225
4,9,5,,,,,,,,,0.0225
4,10,5,,,,,,,,,0.095
4,10,5,,,,,,,,,0.13
4,10,5,,,,,,,,,0.05
4,10,5,,,,,,,,,0.0425
4,11,5,,,,,,,,,0.3125
4,11,5,,,,,,,,,0.6575
4,11,5,,,,,,,,,0.3475
4,11,5,,,,,,,,,0.6375
4,12,5,,,,,,,,,0.5575
4,12,5,,,,,,,,,1.085
4,12,5,,,,,,,,,1.905
4,12,5,,,,,,,,,2.98
4,13,5,,,,,,,,,2.885
4,13,5,,,,,,,,,3.02
4,13,5,,,,,,,,,3.37
4,13,5,,,,,,,,,3.7275
4,14,5,,,,,,,,,2.1225
4,14,5,,,,,,,,,2.4775
4,14,5,,,,,,,,,3.21
4,14,5,,,,,,,,,4.22
4,15,5,,,,,,,,,5.625
4,15,5,,,,,,,,,7.88
4,15,5,,,,,,,,,7.01
4,15,5,,,,,,,,,6.43
4,16,5,,,,,,,,,7.055
4,16,5,,,,,,,,,5.3225
4,16,5,,,,,,,,,3.955
4,16,5,,,,,,,,,4.6525
4,17,5,,,,,,,,,5.14
4,17,5,,,,,,,,,4.7275
4,17,5,,,,,,,,,6.235
4,17,5,,,,,,,,,6.435
4,18,5,,,,,,,,,5.33
4,18,5,,,,,,,,,6.155
4,18,5,,,,,,,,,5.5875
4,18,5,,,,,,,,,4.6375
4,19,5,,,,,,,,,2.2
4,19,5,,,,,,,,,5.025
4,19,5,,,,,,,,,4.7925
4,19,5,,,,,,,,,4.1425
4,20,5,,,,,,,,,3.45
4,20,5,,,,,,,,,3.6125
4,20,5,,,,,,,,,2.8325
4,20,5,,,,,,,,,2.91
4,21,5,,,,,,,,,2.135
4,21,5,,,,,,,,,1.61
4,21,5,,,,,,,,,0.8875
4,21,5,,,,,,,,,1.18
4,22,5,,,,,,,,,0.49
4,22,5,,,,,,,,,0.135
4,22,5,,,,,,,,,0.2425
4,22,5,,,,,,,,,0.035
4,23,5,,,,,,,,,0.0875
4,23,5,,,,,,,,,0.0775
4,23,5,,,,,,,,,0.0325
4,23,5,,,,,,,,,0.005
4,24,5,,,,,,,,,0.0
4,24,5,,,,,,,,,0.0
4,24,5,,,,,,,,,0.0
4,24,5,,,,,,,,,0.0
4,1,6,,,,,,,,,0.0
4,1,6,,,,,,,,,0.0
4,1,6,,,,,,,,,0.0
4,1,6,,,,,,,,,0.0
4,2,6,,,,,,,,,0.0
4,2,6,,,,,,,,,0.0
4,2,6,,,,,,,,,0.0
4,2,6,,,,,,,,,0.0
4,3,6,,,,,,,,,0.0
4,3,6,,,,,,,,,0.0
4,3,6,,,,,,,,,0.0
4,3,6,,,,,,,,,0.0
4,4,6,,,,,,,,,0.0
4,4,6,,,,,,,,,0.0
4,4,6,,,,,,,,,0.0
4,4,6,,,,,,,,,0.0
4,5,6,,,,,,,,,0.0
4,5,6,,,,,,,,,0.0
4,5,6,,,,,,,,,0.0
4,5,6,,,,,,,,,0.0
4,6,6,,,,,,,,,0.0
4,6,6,,,,,,,,,0.0
4,6,6,,,,,,,,,0.0
4,6,6,,,,,,,,,0.0
4,7,6,,,,,,,,,0.0
4,7,6,,,,,,,,,0.0
4,7,6,,,,,,,,,0.0
4,7,6,,,,,,,,,0.0
4,8,6,,,,,,,,,0.0
4,8,6,,,,,,,,,0.0
4,8,6,,,,,,,,,0.05
4,8,6,,,,,,,,,0.0
4,9,6,,,,,,,,,0.03
4,9,6,,,,,,,,,0.2
4,9,6,,,,,,,,,0.335
4,9,6,,,,,,,,,0.175
4,10,6,,,,,,,,,0.145
4,10,6,,,,,,,,,0.825
4,10,6,,,,,,,,,1.5775
4,10,6,,,,,,,,,1.0425
4,11,6,,,,,,,,,0.3
4,11,6,,,,,,,,,0.7325
4,11,6,,,,,,,,,0.4375
4,11,6,,,,,,,,,1.6825
4,12,6,,,,,,,,,1.2975
4,12,6,,,,,,,,,2.6875
4,12,6,,,,,,,,,3.4225
4,12,6,,,,,,,,,4.1325
4,13,6,,,,,,,,,3.2875
4,13,6,,,,,,,,,3.6275
4,13,6,,,,,,,,,3.505
4,13,6,,,,,,,,,3.4625
4,14,6,,,,,,,,,4.7925
4,14,6,,,,,,,,,4.965
4,14,6,,,,,,,,,6.06
4,14,6,,,,,,,,,7.1675
4,15,6,,,,,,,,,6.26
4,15,6,,,,,,,,,3.25
4,15,6,,,,,,,,,6.125
4,15,6,,,,,,,,,5.73
4,16,6,,,,,,,,,4.555
4,16,6,,,,,,,,,5.4875
4,16,6,,,,,,,,,5.69
4,16,6,,,,,,,,,5.875
4,17,6,,,,,,,,,4.7675
4,17,6,,,,,,,,,4.4475
4,17,6,,,,,,,,,4.2825
4,17,6,,,,,,,,,4.07
4,18,6,,,,,,,,,2.6775
4,18,6,,,,,,,,,1.345
4,18,6,,,,,,,,,1.3875
4,18,6,,,,,,,,,1.8625
4,19,6,,,,,,,,,2.3125
4,19,6,,,,,,,,,1.6475
4,19,6,,,,,,,,,0.58
4,19,6,,,,,,,,,0.56
4,20,6,,,,,,,,,0.49
4,20,6,,,,,,,,,0.355
4,20,6,,,,,,,,,0.6325
4,20,6,,,,,,,,,0.66
4,21,6,,,,,,,,,0.48
4,21,6,,,,,,,,,0.6
4,21,6,,,,,,,,,0.46
4,21,6,,,,,,,,,0.2925
4,22,6,,,,,,,,,0.11
4,22,6,,,,,,,,,0.105
4,22,6,,,,,,,,,0.0625
4,22,6,,,,,,,,,0.05
4,23,6,,,,,,,,,0.04
4,23,6,,,,,,,,,0.015
4,23,6,,,,,,,,,0.0
4,23,6,,,,,,,,,0.0
4,24,6,,,,,,,,,0.0
4,24,6,,,,,,,,,0.0
4,24,6,,,,,,,,,0.0
4,24,6,,,,,,,,,0.0
4,1,7,,,,,,,,,0.0
4,1,7,,,,,,,,,0.0
4,1,7,,,,,,,,,0.0
4,1,7,,,,,,,,,0.0
4,2,7,,,,,,,,,0.0
4,2,7,,,,,,,,,0.0
4,2,7,,,,,,,,,0.0
4,2,7,,,,,,,,,0.0
4,3,7,,,,,,,,,0.0
4,3,7,,,,,,,,,0.0
4,3,7,,,,,,,,,0.0
4,3,7,,,,,,,,,0.0
4,4,7,,,,,,,,,0.0
4,4,7,,,,,,,,,0.0
4,4,7,,,,,,,,,0.0
4,4,7,,,,,,,,,0.0
4,5,7,,,,,,,,,0.0
4,5,7,,,,,,,,,0.0
4,5,7,,,,,,,,,0.0
4,5,7,,,,,,,,,0.0
4,6,7,,,,,,,,,0.0
4,6,7,,,,,,,,,0.0
4,6,7,,,,,,,,,0.0
4,6,7,,,,,,,,,0.0
4,7,7,,,,,,,,,0.0
4,7,7,,,,,,,,,0.0
4,7,7,,,,,,,,,0.0
4,7,7,,,,,,,,,0.0
4,8,7,,,,,,,,,0.0
4,8,7,,,,,,,,,0.0
4,8,7,,,,,,,,,0.005
4,8,7,,,,,,,,,0.05
4,9,7,,,,,,,,,0.1375
4,9,7,,,,,,,,,0.1575
4,9,7,,,,,,,,,0.155
4,9,7,,,,,,,,,0.1225
4,10,7,,,,,,,,,0.2025
4,10,7,,,,,,,,,0.2375
4,10,7,,,,,,,,,0.395
4,10,7,,,,,,,,,0.3575
4,11,7,,,,,,,,,0.5575
4,11,7,,,,,,,,,0.5475
4,11,7,,,,,,,,,0.67
4,11,7,,,,,,,,,0.55
4,12,7,,,,,,,,,0.4425
4,12,7,,,,,,,,,0.7375
4,12,7,,,,,,,,,1.755
4,12,7,,,,,,,,,2.395
4,13,7,,,,,,,,,1.1025
4,13,7,,,,,,,,,1.1175
4,13,7,,,,,,,,,1.4225
4,13,7,,,,,,,,,1.945
4,14,7,,,,,,,,,2.95
4,14,7,,,,,,,,,3.2025
4,14,7,,,,,,,,,2.7525
4,14,7,,,,,,,,,3.68
4,15,7,,,,,,,,,4.69
4,15,7,,,,,,,,,2.0
4,15,7,,,,,,,,,1.49
4,15,7,,,,,,,,,2.46
4,16,7,,,,,,,,,3.56
4,16,7,,,,,,,,,5.15
4,16,7,,,,,,,,,6.46
4,16,7,,,,,,,,,5.6475
4,17,7,,,,,,,,,5.6975
4,17,7,,,,,,,,,3.3375
4,17,7,,,,,,,,,2.93
4,17,7,,,,,,,,,2.4125
4,18,7,,,,,,,,,3.14
4,18,7,,,,,,,,,3.9375
4,18,7,,,,,,,,,3.685
4,18,7,,,,,,,,,3.665
4,19,7,,,,,,,,,3.6875
4,19,7,,,,,,,,,3.385
4,19,7,,,,,,,,,3.07
4,19,7,,,,,,,,,2.78
4,20,7,,,,,,,,,2.565
4,20,7,,,,,,,,,1.795
4,20,7,,,,,,,,,1.505
4,20,7,,,,,,,,,1.245
4,21,7,,,,,,,,,1.1275
4,21,7,,,,,,,,,1.605
4,21,7,,,,,,,,,1.51
4,21,7,,,,,,,,,1.0025
4,22,7,,,,,,,,,0.705
4,22,7,,,,,,,,,0.495
4,22,7,,,,,,,,,0.35
4,22,7,,,,,,,,,0.275
4,23,7,,,,,,,,,0.2225
4,23,7,,,,,,,,,0.16
4,23,7,,,,,,,,,0.065
4,23,7,,,,,,,,,0.0075
4,24,7,,,,,,,,,0.0
4,24,7,,,,,,,,,0.0
4,24,7,,,,,,,,,0.0
4,24,7,,,,,,,,,0.0
4,1,1,,,,,,,,,0.0
4,1,1,,,,,,,,,0.0
4,1,1,,,,,,,,,0.0
4,1,1,,,,,,,,,0.0
4,2,1,,,,,,,,,0.0
4,2,1,,,,,,,,,0.0
4,2,1,,,,,,,,,0.0
4,2,1,,,,,,,,,0.0
4,3,1,,,,,,,,,0.0
4,3,1,,,,,,,,,0.0
4,3,1,,,,,,,,,0.0
4,3,1,,,,,,,,,0.0
4,4,1,,,,,,,,,0.0
4,4,1,,,,,,,,,0.0
4,4,1,,,,,,,,,0.0
4,4,1,,,,,,,,,0.0
4,5,1,,,,,,,,,0.0
4,5,1,,,,,,,,,0.0
4,5,1,,,,,,,,,0.0
4,5,1,,,,,,,,,0.0
4,6,1,,,,,,,,,0.0
4,6,1,,,,,,,,,0.0
4,6,1,,,,,,,,,0.0
4,6,1,,,,,,,,,0.0
4,7,1,,,,,,,,,0.0
4,7,1,,,,,,,,,0.0
4,7,1,,,,,,,,,0.0
4,7,1,,,,,,,,,0.0
4,8,1,,,,,,,,,0.0
4,8,1,,,,,,,,,0.0
4,8,1,,,,,,,,,0.0025
4,8,1,,,,,,,,,0.03
4,9,1,,,,,,,,,0.0325
4,9,1,,,,,,,,,0.055
4,9,1,,,,,,,,,0.0375
4,9,1,,,,,,,,,0.045
4,10,1,,,,,,,,,0.0375
4,10,1,,,,,,,,,0.05
4,10,1,,,,,,,,,0.105
4,10,1,,,,,,,,,0.14
4,11,1,,,,,,,,,0.175
4,11,1,,,,,,,,,0.195
4,11,1,,,,,,,,,0.225
4,11,1,,,,,,,,,0.3275
4,12,1,,,,,,,,,0.425
4,12,1,,,,,,,,,0.34
4,12,1,,,,,,,,,0.4125
4,12,1,,,,,,,,,0.32
4,13,1,,,,,,,,,0.4225
4,13,1,,,,,,,,,0.59
4,13,1,,,,,,,,,0.63
4,13,1,,,,,,,,,0.94
4,14,1,,,,,,,,,1.595
4,14,1,,,,,,,,,1.89
4,14,1,,,,,,,,,2.41
4,14,1,,,,,,,,,2.405
4,15,1,,,,,,,,,3.61
4,15,1,,,,,,,,,3.3475
4,15,1,,,,,,,,,3.48
4,15,1,,,,,,,,,3.595
4,16,1,,,,,,,,,4.0025
4,16,1,,,,,,,,,4.7575
4,16,1,,,,,,,,,4.7975
4,16,1,,,,,,,,,5.2025
4,17,1,,,,,,,,,5.6875
4,17,1,,,,,,,,,6.4625
4,17,1,,,,,,,,,7.2275
4,17,1,,,,,,,,,7.045
4,18,1,,,,,,,,,6.875
4,18,1,,,,,,,,,6.7
4,18,1,,,,,,,,,6.475
4,18,1,,,,,,,,,6.1225
4,19,1,,,,,,,,,5.7775
4,19,1,,,,,,,,,5.3325
4,19,1,,,,,,,,,4.7
4,19,1,,,,,,,,,4.205
4,20,1,,,,,,,,,4.085
4,20,1,,,,,,,,,3.5725
4,20,1,,,,,,,,,3.1925
4,20,1,,,,,,,,,2.8125
4,21,1,,,,,,,,,2.46
4,21,1,,,,,,,,,2.115
4,21,1,,,,,,,,,1.695
4,21,1,,,,,,,,,1.395
4,22,1,,,,,,,,,1.0825
4,22,1,,,,,,,,,0.7225
4,22,1,,,,,,,,,0.335
4,22,1,,,,,,,,,0.2425
4,23,1,,,,,,,,,0.13
4,23,1,,,,,,,,,0.1275
4,23,1,,,,,,,,,0.065
4,23,1,,,,,,,,,0.0075
4,24,1,,,,,,,,,0.0
4,24,1,,,,,,,,,0.0
4,24,1,,,,,,,,,0.0
4,24,1,,,,,,,,,0.0
4,1,2,,,,,,,,,0.0
4,1,2,,,,,,,,,0.0
4,1,2,,,,,,,,,0.0
4,1,2,,,,,,,,,0.0
4,2,2,,,,,,,,,0.0
4,2,2,,,,,,,,,0.0
4,2,2,,,,,,,,,0.0
4,2,2,,,,,,,,,0.0
4,3,2,,,,,,,,,0.0
4,3,2,,,,,,,,,0.0
4,3,2,,,,,,,,,0.0
4,3,2,,,,,,,,,0.0
4,4,2,,,,,,,,,0.0
4,4,2,,,,,,,,,0.0
4,4,2,,,,,,,,,0.0
4,4,2,,,,,,,,,0.0
4,5,2,,,,,,,,,0.0
4,5,2,,,,,,,,,0.0
4,5,2,,,,,,,,,0.0
4,5,2,,,,,,,,,0.0
4,6,2,,,,,,,,,0.0
4,6,2,,,,,,,,,0.0
4,6,2,,,,,,,,,0.0
4,6,2,,,,,,,,,0.0
4,7,2,,,,,,,,,0.0
4,7,2,,,,,,,,,0.0
4,7,2,,,,,,,,,0.0
4,7,2,,,,,,,,,0.0
4,8,2,,,,,,,,,0.0
4,8,2,,,,,,,,,0.015
4,8,2,,,,,,,,,0.06
4,8,2,,,,,,,,,0.1675
4,9,2,,,,,,,,,0.3225
4,9,2,,,,,,,,,0.5575
4,9,2,,,,,,,,,0.3675
4,9,2,,,,,,,,,0.7475
4,10,2,,,,,,,,,0.6875
4,10,2,,,,,,,,,1.215
4,10,2,,,,,,,,,1.4825
4,10,2,,,,,,,,,1.7025
4,11,2,,,,,,,,,2.015
4,11,2,,,,,,,,,2.41
4,11,2,,,,,,,,,3.0625
4,11,2,,,,,,,,,2.9825
4,12,2,,,,,,,,,3.5675
4,12,2,,,,,,,,,3.69
4,12,2,,,,,,,,,4.44
4,12,2,,,,,,,,,5.345
4,13,2,,,,,,,,,5.655
4,13,2,,,,,,,,,6.045
4,13,2,,,,,,,,,6.425
4,13,2,,,,,,,,,6.6875
4,14,2,,,,,,,,,7.09
4,14,2,,,,,,,,,7.3125
4,14,2,,,,,,,,,7.55
4,14,2,,,,,,,,,7.73
4,15,2,,,,,,,,,7.905
4,15,2,,,,,,,,,7.99
4,15,2,,,,,,,,,7.955
4,15,2,,,,,,,,,7.9225
4,16,2,,,,,,,,,7.845
4,16,2,,,,,,,,,7.7775
4,16,2,,,,,,,,,7.68
4,16,2,,,,,,,,,7.575
4,17,2,,,,,,,,,7.4475
4,17,2,,,,,,,,,7.335
4,17,2,,,,,,,,,7.1875
4,17,2,,,,,,,,,7.0525
4,18,2,,,,,,,,,6.8825
4,18,2,,,,,,,,,6.71
4,18,2,,,,,,,,,6.525
4,18,2,,,,,,,,,6.2
4,19,2,,,,,,,,,5.81
4,19,2,,,,,,,,,5.385
4,19,2,,,,,,,,,4.9675
4,19,2,,,,,,,,,4.51
4,20,2,,,,,,,,,4.07
4,20,2,,,,,,,,,3.63
4,20,2,,,,,,,,,3.2275
4,20,2,,,,,,,,,2.8625
4,21,2,,,,,,,,,2.495
4,21,2,,,,,,,,,2.1075
4,21,2,,,,,,,,,1.725
4,21,2,,,,,,,,,1.36
4,22,2,,,,,,,,,1.01
4,22,2,,,,,,,,,0.685
4,22,2,,,,,,,,,0.42
4,22,2,,,,,,,,,0.25
4,23,2,,,,,,,,,0.17
4,23,2,,,,,,,,,0.12
4,23,2,,,,,,,,,0.065
4,23,2,,,,,,,,,0.0125
4,24,2,,,,,,,,,0.0
4,24,2,,,,,,,,,0.0
4,24,2,,,,,,,,,0.0
4,24,2,,,,,,,,,0.0
4,1,3,,,,,,,,,0.0
4,1,3,,,,,,,,,0.0
4,1,3,,,,,,,,,0.0
4,1,3,,,,,,,,,0.0
4,2,3,,,,,,,,,0.0
4,2,3,,,,,,,,,0.0
4,2,3,,,,,,,,,0.0
4,2,3,,,,,,,,,0.0
4,3,3,,,,,,,,,0.0
4,3,3,,,,,,,,,0.0
4,3,3,,,,,,,,,0.0
4,3,3,,,,,,,,,0.0
4,4,3,,,,,,,,,0.0
4,4,3,,,,,,,,,0.0
4,4,3,,,,,,,,,0.0
4,4,3,,,,,,,,,0.0
4,5,3,,,,,,,,,0.0
4,5,3,,,,,,,,,0.0
4,5,3,,,,,,,,,0.0
4,5,3,,,,,,,,,0.0
4,6,3,,,,,,,,,0.0
4,6,3,,,,,,,,,0.0
4,6,3,,,,,,,,,0.0
4,6,3,,,,,,,,,0.0
4,7,3,,,,,,,,,0.0
4,7,3,,,,,,,,,0.0
4,7,3,,,,,,,,,0.0
4,7,3,,,,,,,,,0.0
4,8,3,,,,,,,,,0.0
4,8,3,,,,,,,,,0.045
4,8,3,,,,,,,,,0.09
4,8,3,,,,,,,,,0.175
4,9,3,,,,,,,,,0.3075
4,9,3,,,,,,,,,0.475
4,9,3,,,,,,,,,0.6625
4,9,3,,,,,,,,,0.8625
4,10,3,,,,,,,,,1.0675
4,10,3,,,,,,,,,1.2625
4,10,3,,,,,,,,,1.5275
4,10,3,,,,,,,,,1.77
4,11,3,,,,,,,,,2.05
4,11,3,,,,,,,,,2.4575
4,11,3,,,,,,,,,2.86
4,11,3,,,,,,,,,3.305
4,12,3,,,,,,,,,3.8275
4,12,3,,,,,,,,,4.3475
4,12,3,,,,,,,,,4.8275
4,12,3,,,,,,,,,5.2675
4,13,3,,,,,,,,,5.6975
4,13,3,,,,,,,,,6.035
4,13,3,,,,,,,,,6.4025
4,13,3,,,,,,,,,6.7575
4,14,3,,,,,,,,,7.025
4,14,3,,,,,,,,,7.3075
4,14,3,,,,,,,,,7.52
4,14,3,,,,,,,,,7.7325
4,15,3,,,,,,,,,7.935
4,15,3,,,,,,,,,7.98
4,15,3,,,,,,,,,7.93
4,15,3,,,,,,,,,7.875
4,16,3,,,,,,,,,7.805
4,16,3,,,,,,,,,7.73
4,16,3,,,,,,,,,7.655
4,16,3,,,,,,,,,7.555
4,17,3,,,,,,,,,7.4425
4,17,3,,,,,,,,,7.325
4,17,3,,,,,,,,,7.185
4,17,3,,,,,,,,,7.04
4,18,3,,,,,,,,,6.87
4,18,3,,,,,,,,,6.715
4,18,3,,,,,,,,,6.49
4,18,3,,,,,,,,,6.1725
4,19,3,,,,,,,,,5.7875
4,19,3,,,,,,,,,5.3775
4,19,3,,,,,,,,,4.9625
4,19,3,,,,,,,,,4.505
4,20,3,,,,,,,,,4.065
4,20,3,,,,,,,,,3.625
4,20,3,,,,,,,,,3.2425
4,20,3,,,,,,,,,2.875
4,21,3,,,,,,,,,2.5
4,21,3,,,,,,,,,2.115
4,21,3,,,,,,,,,1.73
4,21,3,,,,,,,,,1.37
4,22,3,,,,,,,,,1.0175
4,22,3,,,,,,,,,0.695
4,22,3,,,,,,,,,0.435
4,22,3,,,,,,,,,0.2725
4,23,3,,,,,,,,,0.1925
4,23,3,,,,,,,,,0.14
4,23,3,,,,,,,,,0.0825
4,23,3,,,,,,,,,0.025
4,24,3,,,,,,,,,0.0
4,24,3,,,,,,,,,0.0
4,24,3,,,,,,,,,0.0
4,24,3,,,,,,,,,0.0
4,1,4,,,,,,,,,0.0
4,1,4,,,,,,,,,0.0
4,1,4,,,,,,,,,0.0
4,1,4,,,,,,,,,0.0
4,2,4,,,,,,,,,0.0
4,2,4,,,,,,,,,0.0
4,2,4,,,,,,,,,0.0
4,2,4,,,,,,,,,0.0
4,3,4,,,,,,,,,0.0
4,3,4,,,,,,,,,0.0
4,3,4,,,,,,,,,0.0
4,3,4,,,,,,,,,0.0
4,4,4,,,,,,,,,0.0
4,4,4,,,,,,,,,0.0
4,4,4,,,,,,,,,0.0
4,4,4,,,,,,,,,0.0
4,5,4,,,,,,,,,0.0
4,5,4,,,,,,,,,0.0
4,5,4,,,,,,,,,0.0
4,5,4,,,,,,,,,0.0
4,6,4,,,,,,,,,0.0
4,6,4,,,,,,,,,0.0
4,6,4,,,,,,,,,0.0
4,6,4,,,,,,,,,0.0
4,7,4,,,,,,,,,0.0
4,7,4,,,,,,,,,0.0
4,7,4,,,,,,,,,0.0
4,7,4,,,,,,,,,0.0
4,8,4,,,,,,,,,0.0
4,8,4,,,,,,,,,0.04
4,8,4,,,,,,,,,0.09
4,8,4,,,,,,,,,0.145
4,9,4,,,,,,,,,0.2
4,9,4,,,,,,,,,0.265
4,9,4,,,,,,,,,0.31
4,9,4,,,,,,,,,0.4025
4,10,4,,,,,,,,,0.4175
4,10,4,,,,,,,,,0.5425
4,10,4,,,,,,,,,0.6725
4,10,4,,,,,,,,,0.81
4,11,4,,,,,,,,,1.0775
4,11,4,,,,,,,,,1.4275
4,11,4,,,,,,,,,1.5425
4,11,4,,,,,,,,,1.825
4,12,4,,,,,,,,,1.865
4,12,4,,,,,,,,,2.09
4,12,4,,,,,,,,,2.135
4,12,4,,,,,,,,,2.2625
4,13,4,,,,,,,,,2.3925
4,13,4,,,,,,,,,2.7825
4,13,4,,,,,,,,,3.3225
4,13,4,,,,,,,,,4.23
4,14,4,,,,,,,,,3.925
4,14,4,,,,,,,,,4.0225
4,14,4,,,,,,,,,4.0625
4,14,4,,,,,,,,,4.115
4,15,4,,,,,,,,,4.5625
4,15,4,,,,,,,,,4.9725
4,15,4,,,,,,,,,5.125
4,15,4,,,,,,,,,5.4075
4,16,4,,,,,,,,,6.36
4,16,4,,,,,,,,,6.175
4,16,4,,,,,,,,,5.7575
4,16,4,,,,,,,,,5.635
4,17,4,,,,,,,,,5.54
4,17,4,,,,,,,,,6.1275
4,17,4,,,,,,,,,6.555
4,17,4,,,,,,,,,6.87
4,18,4,,,,,,,,,6.855
4,18,4,,,,,,,,,6.6825
4,18,4,,,,,,,,,6.4075
4,18,4,,,,,,,,,6.0825
4,19,4,,,,,,,,,5.7325
4,19,4,,,,,,,,,5.3225
4,19,4,,,,,,,,,4.8775
4,19,4,,,,,,,,,4.4375
4,20,4,,,,,,,,,3.9975
4,20,4,,,,,,,,,3.585
4,20,4,,,,,,,,,3.2025
4,20,4,,,,,,,,,2.8375
4,21,4,,,,,,,,,2.4625
4,21,4,,,,,,,,,2.08
4,21,4,,,,,,,,,1.7075
4,21,4,,,,,,,,,1.3475
4,22,4,,,,,,,,,0.9825
4,22,4,,,,,,,,,0.7
4,22,4,,,,,,,,,0.445
4,22,4,,,,,,,,,0.285
4,23,4,,,,,,,,,0.2
4,23,4,,,,,,,,,0.145
4,23,4,,,,,,,,,0.085
4,23,4,,,,,,,,,0.0275
4,24,4,,,,,,,,,0.0
4,24,4,,,,,,,,,0.0
4,24,4,,,,,,,,,0.0
4,24,4,,,,,,,,,0.0
4,1,5,,,,,,,,,0.0
4,1,5,,,,,,,,,0.0
4,1,5,,,,,,,,,0.0
4,1,5,,,,,,,,,0.0
4,2,5,,,,,,,,,0.0
4,2,5,,,,,,,,,0.0
4,2,5,,,,,,,,,0.0
4,2,5,,,,,,,,,0.0
4,3,5,,,,,,,,,0.0
4,3,5,,,,,,,,,0.0
4,3,5,,,,,,,,,0.0
4,3,5,,,,,,,,,0.0
4,4,5,,,,,,,,,0.0
4,4,5,,,,,,,,,0.0
4,4,5,,,,,,,,,0.0
4,4,5,,,,,,,,,0.0
4,5,5,,,,,,,,,0.0
4,5,5,,,,,,,,,0.0
4,5,5,,,,,,,,,0.0
4,5,5,,,,,,,,,0.0
4,6,5,,,,,,,,,0.0
4,6,5,,,,,,,,,0.0
4,6,5,,,,,,,,,0.0
4,6,5,,,,,,,,,0.0
4,7,5,,,,,,,,,0.0
4,7,5,,,,,,,,,0.0
4,7,5,,,,,,,,,0.0
4,7,5,,,,,,,,,0.0
4,8,5,,,,,,,,,0.0
4,8,5,,,,,,,,,0.0
4,8,5,,,,,,,,,0.0325
4,8,5,,,,,,,,,0.0975
4,9,5,,,,,,,,,0.1
4,9,5,,,,,,,,,0.155
4,9,5,,,,,,,,,0.1925
4,9,5,,,,,,,,,0.3275
4,10,5,,,,,,,,,0.265
4,10,5,,,,,,,,,0.2075
4,10,5,,,,,,,,,0.3
4,10,5,,,,,,,,,0.315
4,11,5,,,,,,,,,0.51
4,11,5,,,,,,,,,0.55
4,11,5,,,,,,,,,0.7075
4,11,5,,,,,,,,,0.885
4,12,5,,,,,,,,,1.075
4,12,5,,,,,,,,,1.3025
4,12,5,,,,,,,,,1.3275
4,12,5,,,,,,,,,1.215
4,13,5,,,,,,,,,1.3925
4,13,5,,,,,,,,,1.725
4,13,5,,,,,,,,,1.8775
4,13,5,,,,,,,,,2.3325
4,14,5,,,,,,,,,3.19
4,14,5,,,,,,,,,3.39
4,14,5,,,,,,,,,3.3475
4,14,5,,,,,,,,,4.6225
4,15,5,,,,,,,,,3.87
4,15,5,,,,,,,,,3.675
4,15,5,,,,,,,,,4.415
4,15,5,,,,,,,,,4.985
4,16,5,,,,,,,,,4.82
4,16,5,,,,,,,,,6.4725
4,16,5,,,,,,,,,6.94
4,16,5,,,,,,,,,6.45
4,17,5,,,,,,,,,7.005
4,17,5,,,,,,,,,6.49
4,17,5,,,,,,,,,6.1675
4,17,5,,,,,,,,,6.17
4,18,5,,,,,,,,,5.8575
4,18,5,,,,,,,,,5.085
4,18,5,,,,,,,,,6.0975
4,18,5,,,,,,,,,5.655
4,19,5,,,,,,,,,5.4325
4,19,5,,,,,,,,,5.005
4,19,5,,,,,,,,,4.67
4,19,5,,,,,,,,,4.175
4,20,5,,,,,,,,,3.6925
4,20,5,,,,,,,,,3.67
4,20,5,,,,,,,,,2.4625
4,20,5,,,,,,,,,2.48
4,21,5,,,,,,,,,1.445
4,21,5,,,,,,,,,1.4
4,21,5,,,,,,,,,1.025
4,21,5,,,,,,,,,0.885
4,22,5,,,,,,,,,0.64
4,22,5,,,,,,,,,0.7475
4,22,5,,,,,,,,,0.5275
4,22,5,,,,,,,,,0.38
4,23,5,,,,,,,,,0.18
4,23,5,,,,,,,,,0.1475
4,23,5,,,,,,,,,0.03
4,23,5,,,,,,,,,0.01
4,24,5,,,,,,,,,0.0
4,24,5,,,,,,,,,0.0
4,24,5,,,,,,,,,0.0
4,24,5,,,,,,,,,0.0
4,1,6,,,,,,,,,0.0
4,1,6,,,,,,,,,0.0
4,1,6,,,,,,,,,0.0
4,1,6,,,,,,,,,0.0
4,2,6,,,,,,,,,0.0
4,2,6,,,,,,,,,0.0
4,2,6,,,,,,,,,0.0
4,2,6,,,,,,,,,0.0
4,3,6,,,,,,,,,0.0
4,3,6,,,,,,,,,0.0
4,3,6,,,,,,,,,0.0
4,3,6,,,,,,,,,0.0
4,4,6,,,,,,,,,0.0
4,4,6,,,,,,,,,0.0
4,4,6,,,,,,,,,0.0
4,4,6,,,,,,,,,0.0
4,5,6,,,,,,,,,0.0
4,5,6,,,,,,,,,0.0
4,5,6,,,,,,,,,0.0
4,5,6,,,,,,,,,0.0
4,6,6,,,,,,,,,0.0
4,6,6,,,,,,,,,0.0
4,6,6,,,,,,,,,0.0
4,6,6,,,,,,,,,0.0
4,7,6,,,,,,,,,0.0
4,7,6,,,,,,,,,0.0
4,7,6,,,,,,,,,0.0
4,7,6,,,,,,,,,0.0
4,8,6,,,,,,,,,0.015
4,8,6,,,,,,,,,0.065
4,8,6,,,,,,,,,0.1125
4,8,6,,,,,,,,,0.205
4,9,6,,,,,,,,,0.34
4,9,6,,,,,,,,,0.515
4,9,6,,,,,,,,,0.715
4,9,6,,,,,,,,,0.9275
4,10,6,,,,,,,,,1.1375
4,10,6,,,,,,,,,1.3625
4,10,6,,,,,,,,,1.63
4,10,6,,,,,,,,,1.8925
4,11,6,,,,,,,,,2.1925
4,11,6,,,,,,,,,2.5775
4,11,6,,,,,,,,,3.0125
4,11,6,,,,,,,,,3.485
4,12,6,,,,,,,,,4.035
4,12,6,,,,,,,,,4.5525
4,12,6,,,,,,,,,5.0525
4,12,6,,,,,,,,,5.505
4,13,6,,,,,,,,,5.93
4,13,6,,,,,,,,,6.32
4,13,6,,,,,,,,,6.655
4,13,6,,,,,,,,,7.01
4,14,6,,,,,,,,,7.255
4,14,6,,,,,,,,,7.5625
4,14,6,,,,,,,,,7.8
4,14,6,,,,,,,,,7.9875
4,15,6,,,,,,,,,8.0775
4,15,6,,,,,,,,,8.05
4,15,6,,,,,,,,,8.01
4,15,6,,,,,,,,,7.945
4,16,6,,,,,,,,,7.8825
4,16,6,,,,,,,,,7.81
4,16,6,,,,,,,,,7.715
4,16,6,,,,,,,,,7.62
4,17,6,,,,,,,,,7.505
4,17,6,,,,,,,,,7.3775
4,17,6,,,,,,,,,7.235
4,17,6,,,,,,,,,7.075
4,18,6,,,,,,,,,7.5075
4,18,6,,,,,,,,,6.6725
4,18,6,,,,,,,,,6.49
4,18,6,,,,,,,,,6.2325
4,19,6,,,,,,,,,5.8425
4,19,6,,,,,,,,,5.43
4,19,6,,,,,,,,,5.0025
4,19,6,,,,,,,,,4.5425
4,20,6,,,,,,,,,4.09
4,20,6,,,,,,,,,3.65
4,20,6,,,,,,,,,3.2725
4,20,6,,,,,,,,,2.905
4,21,6,,,,,,,,,2.525
4,21,6,,,,,,,,,2.13
4,21,6,,,,,,,,,1.7575
4,21,6,,,,,,,,,1.385
4,22,6,,,,,,,,,1.0425
4,22,6,,,,,,,,,0.72
4,22,6,,,,,,,,,0.4625
4,22,6,,,,,,,,,0.285
4,23,6,,,,,,,,,0.2
4,23,6,,,,,,,,,0.15
4,23,6,,,,,,,,,0.085
4,23,6,,,,,,,,,0.025
4,24,6,,,,,,,,,0.0
4,24,6,,,,,,,,,0.0
4,24,6,,,,,,,,,0.0
4,24,6,,,,,,,,,0.0
4,1,7,,,,,,,,,0.0
4,1,7,,,,,,,,,0.0
4,1,7,,,,,,,,,0.0
4,1,7,,,,,,,,,0.0
4,2,7,,,,,,,,,0.0
4,2,7,,,,,,,,,0.0
4,2,7,,,,,,,,,0.0
4,2,7,,,,,,,,,0.0
4,3,7,,,,,,,,,0.0
4,3,7,,,,,,,,,0.0
4,3,7,,,,,,,,,0.0
4,3,7,,,,,,,,,0.0
4,4,7,,,,,,,,,0.0
4,4,7,,,,,,,,,0.0
4,4,7,,,,,,,,,0.0
4,4,7,,,,,,,,,0.0
4,5,7,,,,,,,,,0.0
4,5,7,,,,,,,,,0.0
4,5,7,,,,,,,,,0.0
4,5,7,,,,,,,,,0.0
4,6,7,,,,,,,,,0.0
4,6,7,,,,,,,,,0.0
4,6,7,,,,,,,,,0.0
4,6,7,,,,,,,,,0.0
4,7,7,,,,,,,,,0.0
4,7,7,,,,,,,,,0.0
4,7,7,,,,,,,,,0.0
4,7,7,,,,,,,,,0.0
4,8,7,,,,,,,,,0.035
4,8,7,,,,,,,,,0.08
4,8,7,,,,,,,,,0.14
4,8,7,,,,,,,,,0.2425
4,9,7,,,,,,,,,0.385
4,9,7,,,,,,,,,0.5775
4,9,7,,,,,,,,,0.785
4,9,7,,,,,,,,,0.97
4,10,7,,,,,,,,,1.1825
4,10,7,,,,,,,,,1.435
4,10,7,,,,,,,,,1.6775
4,10,7,,,,,,,,,1.925
4,11,7,,,,,,,,,2.22
4,11,7,,,,,,,,,2.5775
4,11,7,,,,,,,,,2.965
4,11,7,,,,,,,,,3.4475
4,12,7,,,,,,,,,3.9625
4,12,7,,,,,,,,,4.4475
4,12,7,,,,,,,,,4.9525
4,12,7,,,,,,,,,5.3725
4,13,7,,,,,,,,,5.78
4,13,7,,,,,,,,,6.135
4,13,7,,,,,,,,,6.4425
4,13,7,,,,,,,,,6.72
4,14,7,,,,,,,,,6.97
4,14,7,,,,,,,,,7.1925
4,14,7,,,,,,,,,7.425
4,14,7,,,,,,,,,7.555
4,15,7,,,,,,,,,7.6875
4,15,7,,,,,,,,,7.755
4,15,7,,,,,,,,,7.81
4,15,7,,,,,,,,,7.7925
4,16,7,,,,,,,,,7.7175
4,16,7,,,,,,,,,7.645
4,16,7,,,,,,,,,7.5325
4,16,7,,,,,,,,,7.49
4,17,7,,,,,,,,,7.365
4,17,7,,,,,,,,,7.2175
4,17,7,,,,,,,,,6.9875
4,17,7,,,,,,,,,6.915
4,18,7,,,,,,,,,6.695
4,18,7,,,,,,,,,6.425
4,18,7,,,,,,,,,6.05
4,18,7,,,,,,,,,5.61
4,19,7,,,,,,,,,5.4725
4,19,7,,,,,,,,,5.27
4,19,7,,,,,,,,,4.9675
4,19,7,,,,,,,,,4.4325
4,20,7,,,,,,,,,3.88
4,20,7,,,,,,,,,3.495
4,20,7,,,,,,,,,2.9975
4,20,7,,,,,,,,,2.51
4,21,7,,,,,,,,,2.015
4,21,7,,,,,,,,,1.6475
4,21,7,,,,,,,,,1.5925
4,21,7,,,,,,,,,1.4625
4,22,7,,,,,,,,,1.2725
4,22,7,,,,,,,,,0.9425
4,22,7,,,,,,,,,0.555
4,22,7,,,,,,,,,0.34
4,23,7,,,,,,,,,0.23
4,23,7,,,,,,,,,0.15
4,23,7,,,,,,,,,0.09
4,23,7,,,,,,,,,0.0375
4,24,7,,,,,,,,,0.0025
4,24,7,,,,,,,,,0.0
4,24,7,,,,,,,,,0.0
4,24,7,,,,,,,,,0.0
4,1,1,,,,,,,,,0.0
4,1,1,,,,,,,,,0.0
4,1,1,,,,,,,,,0.0
4,1,1,,,,,,,,,0.0
4,2,1,,,,,,,,,0.0
4,2,1,,,,,,,,,0.0
4,2,1,,,,,,,,,0.0
4,2,1,,,,,,,,,0.0
4,3,1,,,,,,,,,0.0
4,3,1,,,,,,,,,0.0
4,3,1,,,,,,,,,0.0
4,3,1,,,,,,,,,0.0
4,4,1,,,,,,,,,0.0
4,4,1,,,,,,,,,0.0
4,4,1,,,,,,,,,0.0
4,4,1,,,,,,,,,0.0
4,5,1,,,,,,,,,0.0
4,5,1,,,,,,,,,0.0
4,5,1,,,,,,,,,0.0
4,5,1,,,,,,,,,0.0
4,6,1,,,,,,,,,0.0
4,6,1,,,,,,,,,0.0
4,6,1,,,,,,,,,0.0
4,6,1,,,,,,,,,0.0
4,7,1,,,,,,,,,0.0
4,7,1,,,,,,,,,0.0
4,7,1,,,,,,,,,0.0
4,7,1,,,,,,,,,0.0
4,8,1,,,,,,,,,0.02
4,8,1,,,,,,,,,0.065
4,8,1,,,,,,,,,0.13
4,8,1,,,,,,,,,0.24
4,9,1,,,,,,,,,0.3925
4,9,1,,,,,,,,,0.575
4,9,1,,,,,,,,,0.77
4,9,1,,,,,,,,,0.9575
4,10,1,,,,,,,,,1.1675
4,10,1,,,,,,,,,1.38
4,10,1,,,,,,,,,1.62
4,10,1,,,,,,,,,1.8675
4,11,1,,,,,,,,,2.175
4,11,1,,,,,,,,,2.56
4,11,1,,,,,,,,,2.94
4,11,1,,,,,,,,,3.4075
4,12,1,,,,,,,,,3.885
4,12,1,,,,,,,,,4.36
4,12,1,,,,,,,,,4.6025
4,12,1,,,,,,,,,2.62
4,13,1,,,,,,,,,2.94
4,13,1,,,,,,,,,3.245
4,13,1,,,,,,,,,3.535
4,13,1,,,,,,,,,3.795
4,14,1,,,,,,,,,4.025
4,14,1,,,,,,,,,4.2525
4,14,1,,,,,,,,,4.445
4,14,1,,,,,,,,,4.5975
4,15,1,,,,,,,,,2.685
4,15,1,,,,,,,,,0.0
4,15,1,,,,,,,,,0.0
4,15,1,,,,,,,,,0.0
4,16,1,,,,,,,,,0.0
4,16,1,,,,,,,,,0.0
4,16,1,,,,,,,,,0.0
4,16,1,,,,,,,,,0.0
4,17,1,,,,,,,,,0.0
4,17,1,,,,,,,,,0.0
4,17,1,,,,,,,,,0.0
4,17,1,,,,,,,,,0.0
4,18,1,,,,,,,,,0.0
4,18,1,,,,,,,,,0.0
4,18,1,,,,,,,,,0.0
4,18,1,,,,,,,,,0.0
4,19,1,,,,,,,,,0.0
4,19,1,,,,,,,,,0.0
4,19,1,,,,,,,,,0.0
4,19,1,,,,,,,,,0.0
4,20,1,,,,,,,,,0.0
4,20,1,,,,,,,,,0.0
4,20,1,,,,,,,,,0.0
4,20,1,,,,,,,,,0.0
4,21,1,,,,,,,,,0.0
4,21,1,,,,,,,,,0.0
4,21,1,,,,,,,,,0.0
4,21,1,,,,,,,,,0.0
4,22,1,,,,,,,,,0.0
4,22,1,,,,,,,,,0.0
4,22,1,,,,,,,,,0.0
4,22,1,,,,,,,,,0.0
4,23,1,,,,,,,,,0.0
4,23,1,,,,,,,,,0.0
4,23,1,,,,,,,,,0.0
4,23,1,,,,,,,,,0.0
4,24,1,,,,,,,,,0.0
4,24,1,,,,,,,,,0.0
4,24,1,,,,,,,,,0.0
4,24,1,,,,,,,,,0.0
4,1,2,,,,,,,,,0.0
4,1,2,,,,,,,,,0.0
4,1,2,,,,,,,,,0.0
4,1,2,,,,,,,,,0.0
4,2,2,,,,,,,,,0.0
4,2,2,,,,,,,,,0.0
4,2,2,,,,,,,,,0.0
4,2,2,,,,,,,,,0.0
4,3,2,,,,,,,,,0.0
4,3,2,,,,,,,,,0.0
4,3,2,,,,,,,,,0.0
4,3,2,,,,,,,,,0.0
4,4,2,,,,,,,,,0.0
4,4,2,,,,,,,,,0.0
4,4,2,,,,,,,,,0.0
4,4,2,,,,,,,,,0.0
4,5,2,,,,,,,,,0.0
4,5,2,,,,,,,,,0.0
4,5,2,,,,,,,,,0.0
4,5,2,,,,,,,,,0.0
4,6,2,,,,,,,,,0.0
4,6,2,,,,,,,,,0.0
4,6,2,,,,,,,,,0.0
4,6,2,,,,,,,,,0.0
4,7,2,,,,,,,,,0.0
4,7,2,,,,,,,,,0.0
4,7,2,,,,,,,,,0.0
4,7,2,,,,,,,,,0.0075
4,8,2,,,,,,,,,0.135
4,8,2,,,,,,,,,0.295
4,8,2,,,,,,,,,0.54
4,8,2,,,,,,,,,0.8475
4,9,2,,,,,,,,,1.145
4,9,2,,,,,,,,,0.91
4,9,2,,,,,,,,,1.325
4,9,2,,,,,,,,,1.445
4,10,2,,,,,,,,,1.55
4,10,2,,,,,,,,,2.01
4,10,2,,,,,,,,,2.8025
4,10,2,,,,,,,,,3.37
4,11,2,,,,,,,,,5.26
4,11,2,,,,,,,,,5.205
4,11,2,,,,,,,,,5.32
4,11,2,,,,,,,,,4.8725
4,12,2,,,,,,,,,6.585
4,12,2,,,,,,,,,4.4925
4,12,2,,,,,,,,,2.8
4,12,2,,,,,,,,,2.99
4,13,2,,,,,,,,,7.5925
4,13,2,,,,,,,,,7.4475
4,13,2,,,,,,,,,7.72
4,13,2,,,,,,,,,7.7875
4,14,2,,,,,,,,,7.9
4,14,2,,,,,,,,,7.9975
4,14,2,,,,,,,,,7.7525
4,14,2,,,,,,,,,7.805
4,15,2,,,,,,,,,7.85
4,15,2,,,,,,,,,7.825
4,15,2,,,,,,,,,7.73
4,15,2,,,,,,,,,7.755
4,16,2,,,,,,,,,7.555
4,16,2,,,,,,,,,7.1
4,16,2,,,,,,,,,6.89
4,16,2,,,,,,,,,5.48
4,17,2,,,,,,,,,5.4275
4,17,2,,,,,,,,,6.1525
4,17,2,,,,,,,,,5.55
4,17,2,,,,,,,,,5.225
4,18,2,,,,,,,,,4.7375
4,18,2,,,,,,,,,4.3675
4,18,2,,,,,,,,,2.545
4,18,2,,,,,,,,,1.855
4,19,2,,,,,,,,,2.04
4,19,2,,,,,,,,,1.0675
4,19,2,,,,,,,,,1.135
4,19,2,,,,,,,,,0.955
4,20,2,,,,,,,,,0.4675
4,20,2,,,,,,,,,0.16
4,20,2,,,,,,,,,0.1075
4,20,2,,,,,,,,,0.035
4,21,2,,,,,,,,,0.015
4,21,2,,,,,,,,,0.01
4,21,2,,,,,,,,,0.0
4,21,2,,,,,,,,,0.0
4,22,2,,,,,,,,,0.0
4,22,2,,,,,,,,,0.0
4,22,2,,,,,,,,,0.0
4,22,2,,,,,,,,,0.0
4,23,2,,,,,,,,,0.0
4,23,2,,,,,,,,,0.0
4,23,2,,,,,,,,,0.0
4,23,2,,,,,,,,,0.0
4,24,2,,,,,,,,,0.0
4,24,2,,,,,,,,,0.0
4,24,2,,,,,,,,,0.0
4,24,2,,,,,,,,,0.0
4,1,3,,,,,,,,,0.0
4,1,3,,,,,,,,,0.0
4,1,3,,,,,,,,,0.0
4,1,3,,,,,,,,,0.0
4,2,3,,,,,,,,,0.0
4,2,3,,,,,,,,,0.0
4,2,3,,,,,,,,,0.0
4,2,3,,,,,,,,,0.0
4,3,3,,,,,,,,,0.0
4,3,3,,,,,,,,,0.0
4,3,3,,,,,,,,,0.0
4,3,3,,,,,,,,,0.0
4,4,3,,,,,,,,,0.0
4,4,3,,,,,,,,,0.0
4,4,3,,,,,,,,,0.0
4,4,3,,,,,,,,,0.0
4,5,3,,,,,,,,,0.0
4,5,3,,,,,,,,,0.0
4,5,3,,,,,,,,,0.0
4,5,3,,,,,,,,,0.0
4,6,3,,,,,,,,,0.0
4,6,3,,,,,,,,,0.0
4,6,3,,,,,,,,,0.0
4,6,3,,,,,,,,,0.0
4,7,3,,,,,,,,,0.0
4,7,3,,,,,,,,,0.0
4,7,3,,,,,,,,,0.0
4,7,3,,,,,,,,,0.0
4,8,3,,,,,,,,,0.015
4,8,3,,,,,,,,,0.0925
4,8,3,,,,,,,,,0.175
4,8,3,,,,,,,,,0.47
4,9,3,,,,,,,,,0.9175
4,9,3,,,,,,,,,1.1725
4,9,3,,,,,,,,,1.7825
4,9,3,,,,,,,,,1.425
4,10,3,,,,,,,,,1.14
4,10,3,,,,,,,,,1.4875
4,10,3,,,,,,,,,0.9525
4,10,3,,,,,,,,,0.355
4,11,3,,,,,,,,,0.135
4,11,3,,,,,,,,,0.3825
4,11,3,,,,,,,,,0.875
4,11,3,,,,,,,,,0.295
4,12,3,,,,,,,,,0.33
4,12,3,,,,,,,,,0.6175
4,12,3,,,,,,,,,0.55
4,12,3,,,,,,,,,0.795
4,13,3,,,,,,,,,1.2625
4,13,3,,,,,,,,,0.5
4,13,3,,,,,,,,,0.4825
4,13,3,,,,,,,,,0.595
4,14,3,,,,,,,,,0.7775
4,14,3,,,,,,,,,0.7775
4,14,3,,,,,,,,,0.81
4,14,3,,,,,,,,,0.815
4,15,3,,,,,,,,,1.0525
4,15,3,,,,,,,,,1.4
4,15,3,,,,,,,,,1.12
4,15,3,,,,,,,,,1.285
4,16,3,,,,,,,,,1.1875
4,16,3,,,,,,,,,0.855
4,16,3,,,,,,,,,0.81
4,16,3,,,,,,,,,1.1125
4,17,3,,,,,,,,,0.7225
4,17,3,,,,,,,,,0.56
4,17,3,,,,,,,,,0.605
4,17,3,,,,,,,,,0.565
4,18,3,,,,,,,,,0.36
4,18,3,,,,,,,,,0.375
4,18,3,,,,,,,,,0.3875
4,18,3,,,,,,,,,0.475
4,19,3,,,,,,,,,0.53
4,19,3,,,,,,,,,0.56
4,19,3,,,,,,,,,0.5125
4,19,3,,,,,,,,,0.505
4,20,3,,,,,,,,,0.2875
4,20,3,,,,,,,,,0.175
4,20,3,,,,,,,,,0.1325
4,20,3,,,,,,,,,0.155
4,21,3,,,,,,,,,0.1525
4,21,3,,,,,,,,,0.04
4,21,3,,,,,,,,,0.0
4,21,3,,,,,,,,,0.0
4,22,3,,,,,,,,,0.0
4,22,3,,,,,,,,,0.0
4,22,3,,,,,,,,,0.0
4,22,3,,,,,,,,,0.0
4,23,3,,,,,,,,,0.0
4,23,3,,,,,,,,,0.0
4,23,3,,,,,,,,,0.0
4,23,3,,,,,,,,,0.0
4,24,3,,,,,,,,,0.0
4,24,3,,,,,,,,,0.0
4,24,3,,,,,,,,,0.0
4,24,3,,,,,,,,,0.0
5,1,4,,,,,,,,,0.0
5,1,4,,,,,,,,,0.0
5,1,4,,,,,,,,,0.0
5,1,4,,,,,,,,,0.0
5,2,4,,,,,,,,,0.0
5,2,4,,,,,,,,,0.0
5,2,4,,,,,,,,,0.0
5,2,4,,,,,,,,,0.0
5,3,4,,,,,,,,,0.0
5,3,4,,,,,,,,,0.0
5,3,4,,,,,,,,,0.0
5,3,4,,,,,,,,,0.0
5,4,4,,,,,,,,,0.0
5,4,4,,,,,,,,,0.0
5,4,4,,,,,,,,,0.0
5,4,4,,,,,,,,,0.0
5,5,4,,,,,,,,,0.0
5,5,4,,,,,,,,,0.0
5,5,4,,,,,,,,,0.0
5,5,4,,,,,,,,,0.0
5,6,4,,,,,,,,,0.0
5,6,4,,,,,,,,,0.0
5,6,4,,,,,,,,,0.0
5,6,4,,,,,,,,,0.0
5,7,4,,,,,,,,,0.0
5,7,4,,,,,,,,,0.0
5,7,4,,,,,,,,,0.0
5,7,4,,,,,,,,,0.01
5,8,4,,,,,,,,,0.085
5,8,4,,,,,,,,,0.18
5,8,4,,,,,,,,,0.36
5,8,4,,,,,,,,,0.625
5,9,4,,,,,,,,,1.0375
5,9,4,,,,,,,,,1.485
5,9,4,,,,,,,,,2.0525
5,9,4,,,,,,,,,2.635
5,10,4,,,,,,,,,3.235
5,10,4,,,,,,,,,3.7775
5,10,4,,,,,,,,,4.3
5,10,4,,,,,,,,,4.7375
5,11,4,,,,,,,,,5.09
5,11,4,,,,,,,,,5.69
5,11,4,,,,,,,,,5.8725
5,11,4,,,,,,,,,6.365
5,12,4,,,,,,,,,6.5925
5,12,4,,,,,,,,,7.045
5,12,4,,,,,,,,,6.94
5,12,4,,,,,,,,,6.235
5,13,4,,,,,,,,,7.29
5,13,4,,,,,,,,,7.095
5,13,4,,,,,,,,,6.75
5,13,4,,,,,,,,,5.71
5,14,4,,,,,,,,,6.885
5,14,4,,,,,,,,,7.905
5,14,4,,,,,,,,,7.9025
5,14,4,,,,,,,,,7.8825
5,15,4,,,,,,,,,7.8375
5,15,4,,,,,,,,,7.865
5,15,4,,,,,,,,,7.835
5,15,4,,,,,,,,,7.775
5,16,4,,,,,,,,,7.6475
5,16,4,,,,,,,,,7.535
5,16,4,,,,,,,,,7.1525
5,16,4,,,,,,,,,6.3875
5,17,4,,,,,,,,,6.9025
5,17,4,,,,,,,,,5.62
5,17,4,,,,,,,,,4.405
5,17,4,,,,,,,,,5.245
5,18,4,,,,,,,,,4.755
5,18,4,,,,,,,,,5.015
5,18,4,,,,,,,,,3.3
5,18,4,,,,,,,,,1.945
5,19,4,,,,,,,,,2.325
5,19,4,,,,,,,,,2.73
5,19,4,,,,,,,,,2.06
5,19,4,,,,,,,,,1.81
5,20,4,,,,,,,,,1.0575
5,20,4,,,,,,,,,0.615
5,20,4,,,,,,,,,0.46
5,20,4,,,,,,,,,0.23
5,21,4,,,,,,,,,0.1025
5,21,4,,,,,,,,,0.04
5,21,4,,,,,,,,,0.0075
5,21,4,,,,,,,,,0.0
5,22,4,,,,,,,,,0.0
5,22,4,,,,,,,,,0.0
5,22,4,,,,,,,,,0.0
5,22,4,,,,,,,,,0.0
5,23,4,,,,,,,,,0.0
5,23,4,,,,,,,,,0.0
5,23,4,,,,,,,,,0.0
5,23,4,,,,,,,,,0.0
5,24,4,,,,,,,,,0.0
5,24,4,,,,,,,,,0.0
5,24,4,,,,,,,,,0.0
5,24,4,,,,,,,,,0.0
5,1,5,,,,,,,,,0.0
5,1,5,,,,,,,,,0.0
5,1,5,,,,,,,,,0.0
5,1,5,,,,,,,,,0.0
5,2,5,,,,,,,,,0.0
5,2,5,,,,,,,,,0.0
5,2,5,,,,,,,,,0.0
5,2,5,,,,,,,,,0.0
5,3,5,,,,,,,,,0.0
5,3,5,,,,,,,,,0.0
5,3,5,,,,,,,,,0.0
5,3,5,,,,,,,,,0.0
5,4,5,,,,,,,,,0.0
5,4,5,,,,,,,,,0.0
5,4,5,,,,,,,,,0.0
5,4,5,,,,,,,,,0.0
5,5,5,,,,,,,,,0.0
5,5,5,,,,,,,,,0.0
5,5,5,,,,,,,,,0.0
5,5,5,,,,,,,,,0.0
5,6,5,,,,,,,,,0.0
5,6,5,,,,,,,,,0.0
5,6,5,,,,,,,,,0.0
5,6,5,,,,,,,,,0.0
5,7,5,,,,,,,,,0.0
5,7,5,,,,,,,,,0.0
5,7,5,,,,,,,,,0.0
5,7,5,,,,,,,,,0.0
5,8,5,,,,,,,,,0.0275
5,8,5,,,,,,,,,0.0875
5,8,5,,,,,,,,,0.42
5,8,5,,,,,,,,,0.51
5,9,5,,,,,,,,,0.74
5,9,5,,,,,,,,,1.05
5,9,5,,,,,,,,,2.125
5,9,5,,,,,,,,,1.8625
5,10,5,,,,,,,,,1.335
5,10,5,,,,,,,,,1.235
5,10,5,,,,,,,,,1.41
5,10,5,,,,,,,,,2.2
5,11,5,,,,,,,,,3.43
5,11,5,,,,,,,,,3.815
5,11,5,,,,,,,,,4.33
5,11,5,,,,,,,,,2.91
5,12,5,,,,,,,,,4.5425
5,12,5,,,,,,,,,6.545
5,12,5,,,,,,,,,7.2025
5,12,5,,,,,,,,,7.5225
5,13,5,,,,,,,,,6.9375
5,13,5,,,,,,,,,4.9675
5,13,5,,,,,,,,,4.9375
5,13,5,,,,,,,,,3.71
5,14,5,,,,,,,,,4.3
5,14,5,,,,,,,,,5.59
5,14,5,,,,,,,,,3.22
5,14,5,,,,,,,,,1.3375
5,15,5,,,,,,,,,2.7875
5,15,5,,,,,,,,,2.665
5,15,5,,,,,,,,,4.185
5,15,5,,,,,,,,,5.605
5,16,5,,,,,,,,,1.525
5,16,5,,,,,,,,,1.9375
5,16,5,,,,,,,,,0.45
5,16,5,,,,,,,,,1.89
5,17,5,,,,,,,,,2.6575
5,17,5,,,,,,,,,2.425
5,17,5,,,,,,,,,2.83
5,17,5,,,,,,,,,3.395
5,18,5,,,,,,,,,3.87
5,18,5,,,,,,,,,5.6325
5,18,5,,,,,,,,,3.62
5,18,5,,,,,,,,,1.06
5,19,5,,,,,,,,,0.4475
5,19,5,,,,,,,,,0.3325
5,19,5,,,,,,,,,0.545
5,19,5,,,,,,,,,0.26
5,20,5,,,,,,,,,0.3175
5,20,5,,,,,,,,,0.285
5,20,5,,,,,,,,,0.1725
5,20,5,,,,,,,,,0.1125
5,21,5,,,,,,,,,0.065
5,21,5,,,,,,,,,0.0025
5,21,5,,,,,,,,,0.0
5,21,5,,,,,,,,,0.0
5,22,5,,,,,,,,,0.0
5,22,5,,,,,,,,,0.0
5,22,5,,,,,,,,,0.0
5,22,5,,,,,,,,,0.0
5,23,5,,,,,,,,,0.0
5,23,5,,,,,,,,,0.0
5,23,5,,,,,,,,,0.0
5,23,5,,,,,,,,,0.0
5,24,5,,,,,,,,,0.0
5,24,5,,,,,,,,,0.0
5,24,5,,,,,,,,,0.0
5,24,5,,,,,,,,,0.0
5,1,6,,,,,,,,,0.0
5,1,6,,,,,,,,,0.0
5,1,6,,,,,,,,,0.0
5,1,6,,,,,,,,,0.0
5,2,6,,,,,,,,,0.0
5,2,6,,,,,,,,,0.0
5,2,6,,,,,,,,,0.0
5,2,6,,,,,,,,,0.0
5,3,6,,,,,,,,,0.0
5,3,6,,,,,,,,,0.0
5,3,6,,,,,,,,,0.0
5,3,6,,,,,,,,,0.0
5,4,6,,,,,,,,,0.0
5,4,6,,,,,,,,,0.0
5,4,6,,,,,,,,,0.0
5,4,6,,,,,,,,,0.0
5,5,6,,,,,,,,,0.0
5,5,6,,,,,,,,,0.0
5,5,6,,,,,,,,,0.0
5,5,6,,,,,,,,,0.0
5,6,6,,,,,,,,,0.0
5,6,6,,,,,,,,,0.0
5,6,6,,,,,,,,,0.0
5,6,6,,,,,,,,,0.0
5,7,6,,,,,,,,,0.0
5,7,6,,,,,,,,,0.0
5,7,6,,,,,,,,,0.0
5,7,6,,,,,,,,,0.0025
5,8,6,,,,,,,,,0.04
5,8,6,,,,,,,,,0.105
5,8,6,,,,,,,,,0.2675
5,8,6,,,,,,,,,0.825
5,9,6,,,,,,,,,1.195
5,9,6,,,,,,,,,1.395
5,9,6,,,,,,,,,1.05
5,9,6,,,,,,,,,1.26
5,10,6,,,,,,,,,1.455
5,10,6,,,,,,,,,1.6375
5,10,6,,,,,,,,,1.805
5,10,6,,,,,,,,,4.51
5,11,6,,,,,,,,,2.3025
5,11,6,,,,,,,,,4.49
5,11,6,,,,,,,,,3.225
5,11,6,,,,,,,,,3.44
5,12,6,,,,,,,,,6.245
5,12,6,,,,,,,,,6.49
5,12,6,,,,,,,,,6.01
5,12,6,,,,,,,,,4.165
5,13,6,,,,,,,,,4.77
5,13,6,,,,,,,,,2.675
5,13,6,,,,,,,,,3.7225
5,13,6,,,,,,,,,6.495
5,14,6,,,,,,,,,0.695
5,14,6,,,,,,,,,2.685
5,14,6,,,,,,,,,2.5425
5,14,6,,,,,,,,,1.7625
5,15,6,,,,,,,,,1.0875
5,15,6,,,,,,,,,0.7
5,15,6,,,,,,,,,1.4675
5,15,6,,,,,,,,,0.965
5,16,6,,,,,,,,,0.79
5,16,6,,,,,,,,,1.0175
5,16,6,,,,,,,,,1.94
5,16,6,,,,,,,,,4.7875
5,17,6,,,,,,,,,4.64
5,17,6,,,,,,,,,4.605
5,17,6,,,,,,,,,5.24
5,17,6,,,,,,,,,3.1975
5,18,6,,,,,,,,,4.44
5,18,6,,,,,,,,,3.67
5,18,6,,,,,,,,,4.155
5,18,6,,,,,,,,,3.57
5,19,6,,,,,,,,,3.225
5,19,6,,,,,,,,,2.655
5,19,6,,,,,,,,,2.345
5,19,6,,,,,,,,,1.5
5,20,6,,,,,,,,,1.1
5,20,6,,,,,,,,,1.29
5,20,6,,,,,,,,,1.0875
5,20,6,,,,,,,,,0.64
5,21,6,,,,,,,,,0.3275
5,21,6,,,,,,,,,0.26
5,21,6,,,,,,,,,0.14
5,21,6,,,,,,,,,0.0
5,22,6,,,,,,,,,0.0
5,22,6,,,,,,,,,0.0
5,22,6,,,,,,,,,0.0
5,22,6,,,,,,,,,0.0
5,23,6,,,,,,,,,0.0
5,23,6,,,,,,,,,0.0
5,23,6,,,,,,,,,0.0
5,23,6,,,,,,,,,0.0
5,24,6,,,,,,,,,0.0
5,24,6,,,,,,,,,0.0
5,24,6,,,,,,,,,0.0
5,24,6,,,,,,,,,0.0
5,1,7,,,,,,,,,0.0
5,1,7,,,,,,,,,0.0
5,1,7,,,,,,,,,0.0
5,1,7,,,,,,,,,0.0
5,2,7,,,,,,,,,0.0
5,2,7,,,,,,,,,0.0
5,2,7,,,,,,,,,0.0
5,2,7,,,,,,,,,0.0
5,3,7,,,,,,,,,0.0
5,3,7,,,,,,,,,0.0
5,3,7,,,,,,,,,0.0
5,3,7,,,,,,,,,0.0
5,4,7,,,,,,,,,0.0
5,4,7,,,,,,,,,0.0
5,4,7,,,,,,,,,0.0
5,4,7,,,,,,,,,0.0
5,5,7,,,,,,,,,0.0
5,5,7,,,,,,,,,0.0
5,5,7,,,,,,,,,0.0
5,5,7,,,,,,,,,0.0
5,6,7,,,,,,,,,0.0
5,6,7,,,,,,,,,0.0
5,6,7,,,,,,,,,0.0
5,6,7,,,,,,,,,0.0
5,7,7,,,,,,,,,0.0
5,7,7,,,,,,,,,0.0
5,7,7,,,,,,,,,0.0
5,7,7,,,,,,,,,0.01
5,8,7,,,,,,,,,0.055
5,8,7,,,,,,,,,0.16
5,8,7,,,,,,,,,0.405
5,8,7,,,,,,,,,0.545
5,9,7,,,,,,,,,0.6275
5,9,7,,,,,,,,,0.705
5,9,7,,,,,,,,,0.7675
5,9,7,,,,,,,,,0.715
5,10,7,,,,,,,,,0.4125
5,10,7,,,,,,,,,0.565
5,10,7,,,,,,,,,0.915
5,10,7,,,,,,,,,1.1275
5,11,7,,,,,,,,,2.0075
5,11,7,,,,,,,,,3.055
5,11,7,,,,,,,,,2.785
5,11,7,,,,,,,,,3.7675
5,12,7,,,,,,,,,3.28
5,12,7,,,,,,,,,4.91
5,12,7,,,,,,,,,3.23
5,12,7,,,,,,,,,4.86
5,13,7,,,,,,,,,8.0375
5,13,7,,,,,,,,,8.055
5,13,7,,,,,,,,,8.23
5,13,7,,,,,,,,,8.015
5,14,7,,,,,,,,,8.1725
5,14,7,,,,,,,,,7.3125
5,14,7,,,,,,,,,5.35
5,14,7,,,,,,,,,5.19
5,15,7,,,,,,,,,7.9575
5,15,7,,,,,,,,,5.705
5,15,7,,,,,,,,,7.575
5,15,7,,,,,,,,,7.43
5,16,7,,,,,,,,,7.245
5,16,7,,,,,,,,,7.525
5,16,7,,,,,,,,,6.23
5,16,7,,,,,,,,,7.0525
5,17,7,,,,,,,,,6.675
5,17,7,,,,,,,,,6.315
5,17,7,,,,,,,,,5.95
5,17,7,,,,,,,,,5.57
5,18,7,,,,,,,,,5.1525
5,18,7,,,,,,,,,4.7175
5,18,7,,,,,,,,,4.295
5,18,7,,,,,,,,,3.825
5,19,7,,,,,,,,,3.365
5,19,7,,,,,,,,,2.92
5,19,7,,,,,,,,,2.4825
5,19,7,,,,,,,,,2.11
5,20,7,,,,,,,,,1.77
5,20,7,,,,,,,,,1.41
5,20,7,,,,,,,,,1.06
5,20,7,,,,,,,,,0.73
5,21,7,,,,,,,,,0.4125
5,21,7,,,,,,,,,0.2025
5,21,7,,,,,,,,,0.12
5,21,7,,,,,,,,,0.0175
5,22,7,,,,,,,,,0.0
5,22,7,,,,,,,,,0.0
5,22,7,,,,,,,,,0.0
5,22,7,,,,,,,,,0.0
5,23,7,,,,,,,,,0.0
5,23,7,,,,,,,,,0.0
5,23,7,,,,,,,,,0.0
5,23,7,,,,,,,,,0.0
5,24,7,,,,,,,,,0.0
5,24,7,,,,,,,,,0.0
5,24,7,,,,,,,,,0.0
5,24,7,,,,,,,,,0.0
5,1,1,,,,,,,,,0.0
5,1,1,,,,,,,,,0.0
5,1,1,,,,,,,,,0.0
5,1,1,,,,,,,,,0.0
5,2,1,,,,,,,,,0.0
5,2,1,,,,,,,,,0.0
5,2,1,,,,,,,,,0.0
5,2,1,,,,,,,,,0.0
5,3,1,,,,,,,,,0.0
5,3,1,,,,,,,,,0.0
5,3,1,,,,,,,,,0.0
5,3,1,,,,,,,,,0.0
5,4,1,,,,,,,,,0.0
5,4,1,,,,,,,,,0.0
5,4,1,,,,,,,,,0.0
5,4,1,,,,,,,,,0.0
5,5,1,,,,,,,,,0.0
5,5,1,,,,,,,,,0.0
5,5,1,,,,,,,,,0.0
5,5,1,,,,,,,,,0.0
5,6,1,,,,,,,,,0.0
5,6,1,,,,,,,,,0.0
5,6,1,,,,,,,,,0.0
5,6,1,,,,,,,,,0.0
5,7,1,,,,,,,,,0.0
5,7,1,,,,,,,,,0.0
5,7,1,,,,,,,,,0.0
5,7,1,,,,,,,,,0.025
5,8,1,,,,,,,,,0.14
5,8,1,,,,,,,,,0.2575
5,8,1,,,,,,,,,0.4325
5,8,1,,,,,,,,,0.6875
5,9,1,,,,,,,,,1.065
5,9,1,,,,,,,,,1.4875
5,9,1,,,,,,,,,2.0725
5,9,1,,,,,,,,,2.535
5,10,1,,,,,,,,,2.6
5,10,1,,,,,,,,,2.355
5,10,1,,,,,,,,,3.0225
5,10,1,,,,,,,,,4.32
5,11,1,,,,,,,,,2.585
5,11,1,,,,,,,,,2.925
5,11,1,,,,,,,,,6.14
5,11,1,,,,,,,,,6.34
5,12,1,,,,,,,,,6.755
5,12,1,,,,,,,,,7.085
5,12,1,,,,,,,,,7.3675
5,12,1,,,,,,,,,7.6125
5,13,1,,,,,,,,,7.76
5,13,1,,,,,,,,,7.8575
5,13,1,,,,,,,,,7.895
5,13,1,,,,,,,,,7.6675
5,14,1,,,,,,,,,7.385
5,14,1,,,,,,,,,8.1
5,14,1,,,,,,,,,7.985
5,14,1,,,,,,,,,7.9825
5,15,1,,,,,,,,,7.9875
5,15,1,,,,,,,,,7.93
5,15,1,,,,,,,,,7.895
5,15,1,,,,,,,,,7.8525
5,16,1,,,,,,,,,7.7725
5,16,1,,,,,,,,,7.5575
5,16,1,,,,,,,,,7.275
5,16,1,,,,,,,,,7.0225
5,17,1,,,,,,,,,6.705
5,17,1,,,,,,,,,6.3475
5,17,1,,,,,,,,,5.9675
5,17,1,,,,,,,,,5.4825
5,18,1,,,,,,,,,5.1675
5,18,1,,,,,,,,,4.7075
5,18,1,,,,,,,,,4.2225
5,18,1,,,,,,,,,3.7575
5,19,1,,,,,,,,,3.1825
5,19,1,,,,,,,,,2.615
5,19,1,,,,,,,,,2.08
5,19,1,,,,,,,,,1.5325
5,20,1,,,,,,,,,1.05
5,20,1,,,,,,,,,0.6625
5,20,1,,,,,,,,,0.425
5,20,1,,,,,,,,,0.3025
5,21,1,,,,,,,,,0.23
5,21,1,,,,,,,,,0.155
5,21,1,,,,,,,,,0.07
5,21,1,,,,,,,,,0.005
5,22,1,,,,,,,,,0.0
5,22,1,,,,,,,,,0.0
5,22,1,,,,,,,,,0.0
5,22,1,,,,,,,,,0.0
5,23,1,,,,,,,,,0.0
5,23,1,,,,,,,,,0.0
5,23,1,,,,,,,,,0.0
5,23,1,,,,,,,,,0.0
5,24,1,,,,,,,,,0.0
5,24,1,,,,,,,,,0.0
5,24,1,,,,,,,,,0.0
5,24,1,,,,,,,,,0.0
5,1,2,,,,,,,,,0.0
5,1,2,,,,,,,,,0.0
5,1,2,,,,,,,,,0.0
5,1,2,,,,,,,,,0.0
5,2,2,,,,,,,,,0.0
5,2,2,,,,,,,,,0.0
5,2,2,,,,,,,,,0.0
5,2,2,,,,,,,,,0.0
5,3,2,,,,,,,,,0.0
5,3,2,,,,,,,,,0.0
5,3,2,,,,,,,,,0.0
5,3,2,,,,,,,,,0.0
5,4,2,,,,,,,,,0.0
5,4,2,,,,,,,,,0.0
5,4,2,,,,,,,,,0.0
5,4,2,,,,,,,,,0.0
5,5,2,,,,,,,,,0.0
5,5,2,,,,,,,,,0.0
5,5,2,,,,,,,,,0.0
5,5,2,,,,,,,,,0.0
5,6,2,,,,,,,,,0.0
5,6,2,,,,,,,,,0.0
5,6,2,,,,,,,,,0.0
5,6,2,,,,,,,,,0.0
5,7,2,,,,,,,,,0.0
5,7,2,,,,,,,,,0.0
5,7,2,,,,,,,,,0.0
5,7,2,,,,,,,,,0.0425
5,8,2,,,,,,,,,0.16
5,8,2,,,,,,,,,0.2775
5,8,2,,,,,,,,,0.455
5,8,2,,,,,,,,,0.7375
5,9,2,,,,,,,,,1.22
5,9,2,,,,,,,,,1.6875
5,9,2,,,,,,,,,1.97
5,9,2,,,,,,,,,2.0725
5,10,2,,,,,,,,,3.565
5,10,2,,,,,,,,,3.7525
5,10,2,,,,,,,,,4.0125
5,10,2,,,,,,,,,4.7675
5,11,2,,,,,,,,,4.575
5,11,2,,,,,,,,,4.4125
5,11,2,,,,,,,,,4.9725
5,11,2,,,,,,,,,5.0075
5,12,2,,,,,,,,,4.65
5,12,2,,,,,,,,,7.0175
5,12,2,,,,,,,,,7.47
5,12,2,,,,,,,,,7.76
5,13,2,,,,,,,,,6.905
5,13,2,,,,,,,,,6.0775
5,13,2,,,,,,,,,5.335
5,13,2,,,,,,,,,2.555
5,14,2,,,,,,,,,4.135
5,14,2,,,,,,,,,3.825
5,14,2,,,,,,,,,4.5825
5,14,2,,,,,,,,,4.94
5,15,2,,,,,,,,,4.2325
5,15,2,,,,,,,,,6.6875
5,15,2,,,,,,,,,8.2525
5,15,2,,,,,,,,,7.89
5,16,2,,,,,,,,,6.175
5,16,2,,,,,,,,,7.7
5,16,2,,,,,,,,,7.4075
5,16,2,,,,,,,,,7.12
5,17,2,,,,,,,,,6.82
5,17,2,,,,,,,,,6.485
5,17,2,,,,,,,,,6.055
5,17,2,,,,,,,,,5.65
5,18,2,,,,,,,,,5.2025
5,18,2,,,,,,,,,4.7175
5,18,2,,,,,,,,,4.2075
5,18,2,,,,,,,,,3.6875
5,19,2,,,,,,,,,3.1475
5,19,2,,,,,,,,,2.5975
5,19,2,,,,,,,,,2.045
5,19,2,,,,,,,,,1.5225
5,20,2,,,,,,,,,1.045
5,20,2,,,,,,,,,0.6625
5,20,2,,,,,,,,,0.435
5,20,2,,,,,,,,,0.3175
5,21,2,,,,,,,,,0.2375
5,21,2,,,,,,,,,0.1575
5,21,2,,,,,,,,,0.0725
5,21,2,,,,,,,,,0.0075
5,22,2,,,,,,,,,0.0
5,22,2,,,,,,,,,0.0
5,22,2,,,,,,,,,0.0
5,22,2,,,,,,,,,0.0
5,23,2,,,,,,,,,0.0
5,23,2,,,,,,,,,0.0
5,23,2,,,,,,,,,0.0
5,23,2,,,,,,,,,0.0
5,24,2,,,,,,,,,0.0
5,24,2,,,,,,,,,0.0
5,24,2,,,,,,,,,0.0
5,24,2,,,,,,,,,0.0
5,1,3,,,,,,,,,0.0
5,1,3,,,,,,,,,0.0
5,1,3,,,,,,,,,0.0
5,1,3,,,,,,,,,0.0
5,2,3,,,,,,,,,0.0
5,2,3,,,,,,,,,0.0
5,2,3,,,,,,,,,0.0
5,2,3,,,,,,,,,0.0
5,3,3,,,,,,,,,0.0
5,3,3,,,,,,,,,0.0
5,3,3,,,,,,,,,0.0
5,3,3,,,,,,,,,0.0
5,4,3,,,,,,,,,0.0
5,4,3,,,,,,,,,0.0
5,4,3,,,,,,,,,0.0
5,4,3,,,,,,,,,0.0
5,5,3,,,,,,,,,0.0
5,5,3,,,,,,,,,0.0
5,5,3,,,,,,,,,0.0
5,5,3,,,,,,,,,0.0
5,6,3,,,,,,,,,0.0
5,6,3,,,,,,,,,0.0
5,6,3,,,,,,,,,0.0
5,6,3,,,,,,,,,0.0
5,7,3,,,,,,,,,0.0
5,7,3,,,,,,,,,0.0
5,7,3,,,,,,,,,0.0
5,7,3,,,,,,,,,0.02
5,8,3,,,,,,,,,0.1425
5,8,3,,,,,,,,,0.3225
5,8,3,,,,,,,,,0.445
5,8,3,,,,,,,,,0.7975
5,9,3,,,,,,,,,0.8775
5,9,3,,,,,,,,,1.3875
5,9,3,,,,,,,,,1.19
5,9,3,,,,,,,,,2.6775
5,10,3,,,,,,,,,3.0625
5,10,3,,,,,,,,,3.3875
5,10,3,,,,,,,,,4.575
5,10,3,,,,,,,,,2.9475
5,11,3,,,,,,,,,2.9325
5,11,3,,,,,,,,,3.1
5,11,3,,,,,,,,,3.12
5,11,3,,,,,,,,,4.4
5,12,3,,,,,,,,,6.7375
5,12,3,,,,,,,,,6.645
5,12,3,,,,,,,,,7.7675
5,12,3,,,,,,,,,5.6675
5,13,3,,,,,,,,,5.935
5,13,3,,,,,,,,,6.6275
5,13,3,,,,,,,,,3.575
5,13,3,,,,,,,,,6.6675
5,14,3,,,,,,,,,3.4025
5,14,3,,,,,,,,,1.2925
5,14,3,,,,,,,,,1.6725
5,14,3,,,,,,,,,3.155
5,15,3,,,,,,,,,4.8875
5,15,3,,,,,,,,,7.79
5,15,3,,,,,,,,,7.84
5,15,3,,,,,,,,,5.07
5,16,3,,,,,,,,,2.785
5,16,3,,,,,,,,,3.31
5,16,3,,,,,,,,,3.985
5,16,3,,,,,,,,,4.4725
5,17,3,,,,,,,,,5.845
5,17,3,,,,,,,,,6.125
5,17,3,,,,,,,,,5.905
5,17,3,,,,,,,,,5.5225
5,18,3,,,,,,,,,5.08
5,18,3,,,,,,,,,4.6225
5,18,3,,,,,,,,,4.13
5,18,3,,,,,,,,,3.64
5,19,3,,,,,,,,,3.105
5,19,3,,,,,,,,,2.57
5,19,3,,,,,,,,,2.0425
5,19,3,,,,,,,,,1.7
5,20,3,,,,,,,,,1.22
5,20,3,,,,,,,,,1.175
5,20,3,,,,,,,,,0.75
5,20,3,,,,,,,,,0.46
5,21,3,,,,,,,,,0.36
5,21,3,,,,,,,,,0.2
5,21,3,,,,,,,,,0.0675
5,21,3,,,,,,,,,0.005
5,22,3,,,,,,,,,0.0
5,22,3,,,,,,,,,0.0
5,22,3,,,,,,,,,0.0
5,22,3,,,,,,,,,0.0
5,23,3,,,,,,,,,0.0
5,23,3,,,,,,,,,0.0
5,23,3,,,,,,,,,0.0
5,23,3,,,,,,,,,0.0
5,24,3,,,,,,,,,0.0
5,24,3,,,,,,,,,0.0
5,24,3,,,,,,,,,0.0
5,24,3,,,,,,,,,0.0
5,1,4,,,,,,,,,0.0
5,1,4,,,,,,,,,0.0
5,1,4,,,,,,,,,0.0
5,1,4,,,,,,,,,0.0
5,2,4,,,,,,,,,0.0
5,2,4,,,,,,,,,0.0
5,2,4,,,,,,,,,0.0
5,2,4,,,,,,,,,0.0
5,3,4,,,,,,,,,0.0
5,3,4,,,,,,,,,0.0
5,3,4,,,,,,,,,0.0
5,3,4,,,,,,,,,0.0
5,4,4,,,,,,,,,0.0
5,4,4,,,,,,,,,0.0
5,4,4,,,,,,,,,0.0
5,4,4,,,,,,,,,0.0
5,5,4,,,,,,,,,0.0
5,5,4,,,,,,,,,0.0
5,5,4,,,,,,,,,0.0
5,5,4,,,,,,,,,0.0
5,6,4,,,,,,,,,0.0
5,6,4,,,,,,,,,0.0
5,6,4,,,,,,,,,0.0
5,6,4,,,,,,,,,0.0
5,7,4,,,,,,,,,0.0
5,7,4,,,,,,,,,0.0
5,7,4,,,,,,,,,0.0
5,7,4,,,,,,,,,0.0525
5,8,4,,,,,,,,,0.17
5,8,4,,,,,,,,,0.325
5,8,4,,,,,,,,,0.515
5,8,4,,,,,,,,,0.82
5,9,4,,,,,,,,,1.115
5,9,4,,,,,,,,,1.5425
5,9,4,,,,,,,,,1.4925
5,9,4,,,,,,,,,1.9375
5,10,4,,,,,,,,,2.2575
5,10,4,,,,,,,,,3.755
5,10,4,,,,,,,,,1.8425
5,10,4,,,,,,,,,1.5625
5,11,4,,,,,,,,,4.3625
5,11,4,,,,,,,,,1.8475
5,11,4,,,,,,,,,2.9625
5,11,4,,,,,,,,,4.6675
5,12,4,,,,,,,,,6.14
5,12,4,,,,,,,,,6.895
5,12,4,,,,,,,,,6.63
5,12,4,,,,,,,,,6.555
5,13,4,,,,,,,,,6.195
5,13,4,,,,,,,,,3.735
5,13,4,,,,,,,,,3.56
5,13,4,,,,,,,,,3.165
5,14,4,,,,,,,,,3.03
5,14,4,,,,,,,,,4.145
5,14,4,,,,,,,,,6.495
5,14,4,,,,,,,,,6.815
5,15,4,,,,,,,,,7.5525
5,15,4,,,,,,,,,7.82
5,15,4,,,,,,,,,7.7875
5,15,4,,,,,,,,,7.7575
5,16,4,,,,,,,,,7.61
5,16,4,,,,,,,,,7.41
5,16,4,,,,,,,,,7.1025
5,16,4,,,,,,,,,6.3875
5,17,4,,,,,,,,,6.2825
5,17,4,,,,,,,,,5.6125
5,17,4,,,,,,,,,5.89
5,17,4,,,,,,,,,5.4875
5,18,4,,,,,,,,,4.9825
5,18,4,,,,,,,,,4.77
5,18,4,,,,,,,,,4.015
5,18,4,,,,,,,,,3.7
5,19,4,,,,,,,,,2.4675
5,19,4,,,,,,,,,2.06
5,19,4,,,,,,,,,2.445
5,19,4,,,,,,,,,1.22
5,20,4,,,,,,,,,0.98
5,20,4,,,,,,,,,0.915
5,20,4,,,,,,,,,0.755
5,20,4,,,,,,,,,0.5375
5,21,4,,,,,,,,,0.3575
5,21,4,,,,,,,,,0.1925
5,21,4,,,,,,,,,0.0725
5,21,4,,,,,,,,,0.0025
5,22,4,,,,,,,,,0.0
5,22,4,,,,,,,,,0.0
5,22,4,,,,,,,,,0.0
5,22,4,,,,,,,,,0.0
5,23,4,,,,,,,,,0.0
5,23,4,,,,,,,,,0.0
5,23,4,,,,,,,,,0.0
5,23,4,,,,,,,,,0.0
5,24,4,,,,,,,,,0.0
5,24,4,,,,,,,,,0.0
5,24,4,,,,,,,,,0.0
5,24,4,,,,,,,,,0.0
5,1,5,,,,,,,,,0.0
5,1,5,,,,,,,,,0.0
5,1,5,,,,,,,,,0.0
5,1,5,,,,,,,,,0.0
5,2,5,,,,,,,,,0.0
5,2,5,,,,,,,,,0.0
5,2,5,,,,,,,,,0.0
5,2,5,,,,,,,,,0.0
5,3,5,,,,,,,,,0.0
5,3,5,,,,,,,,,0.0
5,3,5,,,,,,,,,0.0
5,3,5,,,,,,,,,0.0
5,4,5,,,,,,,,,0.0
5,4,5,,,,,,,,,0.0
5,4,5,,,,,,,,,0.0
5,4,5,,,,,,,,,0.0
5,5,5,,,,,,,,,0.0
5,5,5,,,,,,,,,0.0
5,5,5,,,,,,,,,0.0
5,5,5,,,,,,,,,0.0
5,6,5,,,,,,,,,0.0
5,6,5,,,,,,,,,0.0
5,6,5,,,,,,,,,0.0
5,6,5,,,,,,,,,0.0
5,7,5,,,,,,,,,0.0
5,7,5,,,,,,,,,0.0
5,7,5,,,,,,,,,0.0
5,7,5,,,,,,,,,0.06
5,8,5,,,,,,,,,0.16
5,8,5,,,,,,,,,0.215
5,8,5,,,,,,,,,0.235
5,8,5,,,,,,,,,0.4325
5,9,5,,,,,,,,,1.015
5,9,5,,,,,,,,,1.9175
5,9,5,,,,,,,,,1.6125
5,9,5,,,,,,,,,1.8225
5,10,5,,,,,,,,,2.7725
5,10,5,,,,,,,,,3.555
5,10,5,,,,,,,,,2.6725
5,10,5,,,,,,,,,2.7975
5,11,5,,,,,,,,,5.35
5,11,5,,,,,,,,,6.3925
5,11,5,,,,,,,,,6.505
5,11,5,,,,,,,,,5.5775
5,12,5,,,,,,,,,6.085
5,12,5,,,,,,,,,4.725
5,12,5,,,,,,,,,6.15
5,12,5,,,,,,,,,4.525
5,13,5,,,,,,,,,6.575
5,13,5,,,,,,,,,7.35
5,13,5,,,,,,,,,4.9925
5,13,5,,,,,,,,,1.41
5,14,5,,,,,,,,,1.0925
5,14,5,,,,,,,,,3.15
5,14,5,,,,,,,,,7.3675
5,14,5,,,,,,,,,5.715
5,15,5,,,,,,,,,5.2175
5,15,5,,,,,,,,,7.875
5,15,5,,,,,,,,,7.1525
5,15,5,,,,,,,,,7.69
5,16,5,,,,,,,,,7.4525
5,16,5,,,,,,,,,7.2525
5,16,5,,,,,,,,,7.0575
5,16,5,,,,,,,,,6.7925
5,17,5,,,,,,,,,6.515
5,17,5,,,,,,,,,6.1825
5,17,5,,,,,,,,,5.8675
5,17,5,,,,,,,,,5.635
5,18,5,,,,,,,,,3.88
5,18,5,,,,,,,,,3.3
5,18,5,,,,,,,,,4.2125
5,18,5,,,,,,,,,2.3675
5,19,5,,,,,,,,,2.4275
5,19,5,,,,,,,,,2.015
5,19,5,,,,,,,,,2.19
5,19,5,,,,,,,,,1.5325
5,20,5,,,,,,,,,1.1325
5,20,5,,,,,,,,,0.7825
5,20,5,,,,,,,,,0.56
5,20,5,,,,,,,,,0.485
5,21,5,,,,,,,,,0.395
5,21,5,,,,,,,,,0.2425
5,21,5,,,,,,,,,0.085
5,21,5,,,,,,,,,0.01
5,22,5,,,,,,,,,0.0
5,22,5,,,,,,,,,0.0
5,22,5,,,,,,,,,0.0
5,22,5,,,,,,,,,0.0
5,23,5,,,,,,,,,0.0
5,23,5,,,,,,,,,0.0
5,23,5,,,,,,,,,0.0
5,23,5,,,,,,,,,0.0
5,24,5,,,,,,,,,0.0
5,24,5,,,,,,,,,0.0
5,24,5,,,,,,,,,0.0
5,24,5,,,,,,,,,0.0
5,1,6,,,,,,,,,0.0
5,1,6,,,,,,,,,0.0
5,1,6,,,,,,,,,0.0
5,1,6,,,,,,,,,0.0
5,2,6,,,,,,,,,0.0
5,2,6,,,,,,,,,0.0
5,2,6,,,,,,,,,0.0
5,2,6,,,,,,,,,0.0
5,3,6,,,,,,,,,0.0
5,3,6,,,,,,,,,0.0
5,3,6,,,,,,,,,0.0
5,3,6,,,,,,,,,0.0
5,4,6,,,,,,,,,0.0
5,4,6,,,,,,,,,0.0
5,4,6,,,,,,,,,0.0
5,4,6,,,,,,,,,0.0
5,5,6,,,,,,,,,0.0
5,5,6,,,,,,,,,0.0
5,5,6,,,,,,,,,0.0
5,5,6,,,,,,,,,0.0
5,6,6,,,,,,,,,0.0
5,6,6,,,,,,,,,0.0
5,6,6,,,,,,,,,0.0
5,6,6,,,,,,,,,0.0
5,7,6,,,,,,,,,0.0
5,7,6,,,,,,,,,0.0
5,7,6,,,,,,,,,0.0
5,7,6,,,,,,,,,0.0175
5,8,6,,,,,,,,,0.1375
5,8,6,,,,,,,,,0.16
5,8,6,,,,,,,,,0.195
5,8,6,,,,,,,,,0.235
5,9,6,,,,,,,,,0.255
5,9,6,,,,,,,,,0.7175
5,9,6,,,,,,,,,1.4425
5,9,6,,,,,,,,,1.56
5,10,6,,,,,,,,,2.835
5,10,6,,,,,,,,,1.6625
5,10,6,,,,,,,,,1.5025
5,10,6,,,,,,,,,2.29
5,11,6,,,,,,,,,3.7825
5,11,6,,,,,,,,,0.2975
5,11,6,,,,,,,,,0.13
5,11,6,,,,,,,,,0.2875
5,12,6,,,,,,,,,1.355
5,12,6,,,,,,,,,2.525
5,12,6,,,,,,,,,6.14
5,12,6,,,,,,,,,7.75
5,13,6,,,,,,,,,7.8
5,13,6,,,,,,,,,7.855
5,13,6,,,,,,,,,7.635
5,13,6,,,,,,,,,7.6
5,14,6,,,,,,,,,6.985
5,14,6,,,,,,,,,7.05
5,14,6,,,,,,,,,6.635
5,14,6,,,,,,,,,7.27
5,15,6,,,,,,,,,7.115
5,15,6,,,,,,,,,6.84
5,15,6,,,,,,,,,6.2625
5,15,6,,,,,,,,,6.3125
5,16,6,,,,,,,,,6.8625
5,16,6,,,,,,,,,6.9
5,16,6,,,,,,,,,6.615
5,16,6,,,,,,,,,6.12
5,17,6,,,,,,,,,6.34
5,17,6,,,,,,,,,5.735
5,17,6,,,,,,,,,2.6525
5,17,6,,,,,,,,,5.7325
5,18,6,,,,,,,,,4.575
5,18,6,,,,,,,,,4.325
5,18,6,,,,,,,,,3.945
5,18,6,,,,,,,,,4.0
5,19,6,,,,,,,,,3.17
5,19,6,,,,,,,,,2.7525
5,19,6,,,,,,,,,2.105
5,19,6,,,,,,,,,1.4925
5,20,6,,,,,,,,,1.0875
5,20,6,,,,,,,,,0.97
5,20,6,,,,,,,,,0.33
5,20,6,,,,,,,,,0.67
5,21,6,,,,,,,,,0.2575
5,21,6,,,,,,,,,0.1625
5,21,6,,,,,,,,,0.1275
5,21,6,,,,,,,,,0.0175
5,22,6,,,,,,,,,0.0
5,22,6,,,,,,,,,0.0
5,22,6,,,,,,,,,0.0
5,22,6,,,,,,,,,0.0
5,23,6,,,,,,,,,0.0
5,23,6,,,,,,,,,0.0
5,23,6,,,,,,,,,0.0
5,23,6,,,,,,,,,0.0
5,24,6,,,,,,,,,0.0
5,24,6,,,,,,,,,0.0
5,24,6,,,,,,,,,0.0
5,24,6,,,,,,,,,0.0
5,1,7,,,,,,,,,0.0
5,1,7,,,,,,,,,0.0
5,1,7,,,,,,,,,0.0
5,1,7,,,,,,,,,0.0
5,2,7,,,,,,,,,0.0
5,2,7,,,,,,,,,0.0
5,2,7,,,,,,,,,0.0
5,2,7,,,,,,,,,0.0
5,3,7,,,,,,,,,0.0
5,3,7,,,,,,,,,0.0
5,3,7,,,,,,,,,0.0
5,3,7,,,,,,,,,0.0
5,4,7,,,,,,,,,0.0
5,4,7,,,,,,,,,0.0
5,4,7,,,,,,,,,0.0
5,4,7,,,,,,,,,0.0
5,5,7,,,,,,,,,0.0
5,5,7,,,,,,,,,0.0
5,5,7,,,,,,,,,0.0
5,5,7,,,,,,,,,0.0
5,6,7,,,,,,,,,0.0
5,6,7,,,,,,,,,0.0
5,6,7,,,,,,,,,0.0
5,6,7,,,,,,,,,0.0
5,7,7,,,,,,,,,0.0
5,7,7,,,,,,,,,0.0
5,7,7,,,,,,,,,0.0025
5,7,7,,,,,,,,,0.0925
5,8,7,,,,,,,,,0.2525
5,8,7,,,,,,,,,0.3125
5,8,7,,,,,,,,,0.56
5,8,7,,,,,,,,,0.535
5,9,7,,,,,,,,,1.17
5,9,7,,,,,,,,,1.63
5,9,7,,,,,,,,,2.115
5,9,7,,,,,,,,,2.65
5,10,7,,,,,,,,,3.2425
5,10,7,,,,,,,,,3.765
5,10,7,,,,,,,,,4.2325
5,10,7,,,,,,,,,3.5525
5,11,7,,,,,,,,,5.245
5,11,7,,,,,,,,,5.705
5,11,7,,,,,,,,,6.1325
5,11,7,,,,,,,,,6.5125
5,12,7,,,,,,,,,6.255
5,12,7,,,,,,,,,7.195
5,12,7,,,,,,,,,7.32
5,12,7,,,,,,,,,6.0275
5,13,7,,,,,,,,,7.895
5,13,7,,,,,,,,,4.0975
5,13,7,,,,,,,,,6.3775
5,13,7,,,,,,,,,8.0125
5,14,7,,,,,,,,,7.9825
5,14,7,,,,,,,,,7.975
5,14,7,,,,,,,,,7.98
5,14,7,,,,,,,,,7.985
5,15,7,,,,,,,,,7.95
5,15,7,,,,,,,,,7.92
5,15,7,,,,,,,,,7.865
5,15,7,,,,,,,,,7.7575
5,16,7,,,,,,,,,7.775
5,16,7,,,,,,,,,7.52
5,16,7,,,,,,,,,7.3475
5,16,7,,,,,,,,,7.6475
5,17,7,,,,,,,,,7.1125
5,17,7,,,,,,,,,6.0925
5,17,7,,,,,,,,,5.5975
5,17,7,,,,,,,,,5.9175
5,18,7,,,,,,,,,5.235
5,18,7,,,,,,,,,4.7825
5,18,7,,,,,,,,,4.3725
5,18,7,,,,,,,,,3.3925
5,19,7,,,,,,,,,3.1475
5,19,7,,,,,,,,,2.3025
5,19,7,,,,,,,,,1.365
5,19,7,,,,,,,,,1.355
5,20,7,,,,,,,,,1.2325
5,20,7,,,,,,,,,0.81
5,20,7,,,,,,,,,0.665
5,20,7,,,,,,,,,0.52
5,21,7,,,,,,,,,0.32
5,21,7,,,,,,,,,0.1825
5,21,7,,,,,,,,,0.0775
5,21,7,,,,,,,,,0.015
5,22,7,,,,,,,,,0.0
5,22,7,,,,,,,,,0.0
5,22,7,,,,,,,,,0.0
5,22,7,,,,,,,,,0.0
5,23,7,,,,,,,,,0.0
5,23,7,,,,,,,,,0.0
5,23,7,,,,,,,,,0.0
5,23,7,,,,,,,,,0.0
5,24,7,,,,,,,,,0.0
5,24,7,,,,,,,,,0.0
5,24,7,,,,,,,,,0.0
5,24,7,,,,,,,,,0.0
5,1,1,,,,,,,,,0.0
5,1,1,,,,,,,,,0.0
5,1,1,,,,,,,,,0.0
5,1,1,,,,,,,,,0.0
5,2,1,,,,,,,,,0.0
5,2,1,,,,,,,,,0.0
5,2,1,,,,,,,,,0.0
5,2,1,,,,,,,,,0.0
5,3,1,,,,,,,,,0.0
5,3,1,,,,,,,,,0.0
5,3,1,,,,,,,,,0.0
5,3,1,,,,,,,,,0.0
5,4,1,,,,,,,,,0.0
5,4,1,,,,,,,,,0.0
5,4,1,,,,,,,,,0.0
5,4,1,,,,,,,,,0.0
5,5,1,,,,,,,,,0.0
5,5,1,,,,,,,,,0.0
5,5,1,,,,,,,,,0.0
5,5,1,,,,,,,,,0.0
5,6,1,,,,,,,,,0.0
5,6,1,,,,,,,,,0.0
5,6,1,,,,,,,,,0.0
5,6,1,,,,,,,,,0.0
5,7,1,,,,,,,,,0.0
5,7,1,,,,,,,,,0.0
5,7,1,,,,,,,,,0.0
5,7,1,,,,,,,,,0.0
5,8,1,,,,,,,,,0.0
5,8,1,,,,,,,,,0.06
5,8,1,,,,,,,,,0.23
5,8,1,,,,,,,,,0.4225
5,9,1,,,,,,,,,0.4375
5,9,1,,,,,,,,,0.63
5,9,1,,,,,,,,,0.645
5,9,1,,,,,,,,,0.915
5,10,1,,,,,,,,,1.205
5,10,1,,,,,,,,,0.8
5,10,1,,,,,,,,,1.84
5,10,1,,,,,,,,,2.6125
5,11,1,,,,,,,,,1.83
5,11,1,,,,,,,,,2.165
5,11,1,,,,,,,,,2.39
5,11,1,,,,,,,,,2.105
5,12,1,,,,,,,,,2.525
5,12,1,,,,,,,,,3.6975
5,12,1,,,,,,,,,3.6975
5,12,1,,,,,,,,,3.2925
5,13,1,,,,,,,,,3.85
5,13,1,,,,,,,,,4.3275
5,13,1,,,,,,,,,3.8375
5,13,1,,,,,,,,,3.73
5,14,1,,,,,,,,,5.825
5,14,1,,,,,,,,,6.1825
5,14,1,,,,,,,,,5.005
5,14,1,,,,,,,,,5.19
5,15,1,,,,,,,,,2.53
5,15,1,,,,,,,,,3.5925
5,15,1,,,,,,,,,4.31
5,15,1,,,,,,,,,5.52
5,16,1,,,,,,,,,2.235
5,16,1,,,,,,,,,4.92
5,16,1,,,,,,,,,3.9425
5,16,1,,,,,,,,,1.4275
5,17,1,,,,,,,,,1.97
5,17,1,,,,,,,,,0.745
5,17,1,,,,,,,,,1.0875
5,17,1,,,,,,,,,2.465
5,18,1,,,,,,,,,2.49
5,18,1,,,,,,,,,2.3625
5,18,1,,,,,,,,,3.14
5,18,1,,,,,,,,,1.5175
5,19,1,,,,,,,,,1.29
5,19,1,,,,,,,,,1.51
5,19,1,,,,,,,,,1.3225
5,19,1,,,,,,,,,1.3225
5,20,1,,,,,,,,,0.9175
5,20,1,,,,,,,,,0.8475
5,20,1,,,,,,,,,0.9025
5,20,1,,,,,,,,,0.545
5,21,1,,,,,,,,,0.53
5,21,1,,,,,,,,,0.31
5,21,1,,,,,,,,,0.115
5,21,1,,,,,,,,,0.01
5,22,1,,,,,,,,,0.0
5,22,1,,,,,,,,,0.0
5,22,1,,,,,,,,,0.0
5,22,1,,,,,,,,,0.0
5,23,1,,,,,,,,,0.0
5,23,1,,,,,,,,,0.0
5,23,1,,,,,,,,,0.0
5,23,1,,,,,,,,,0.0
5,24,1,,,,,,,,,0.0
5,24,1,,,,,,,,,0.0
5,24,1,,,,,,,,,0.0
5,24,1,,,,,,,,,0.0
5,1,2,,,,,,,,,0.0
5,1,2,,,,,,,,,0.0
5,1,2,,,,,,,,,0.0
5,1,2,,,,,,,,,0.0
5,2,2,,,,,,,,,0.0
5,2,2,,,,,,,,,0.0
5,2,2,,,,,,,,,0.0
5,2,2,,,,,,,,,0.0
5,3,2,,,,,,,,,0.0
5,3,2,,,,,,,,,0.0
5,3,2,,,,,,,,,0.0
5,3,2,,,,,,,,,0.0
5,4,2,,,,,,,,,0.0
5,4,2,,,,,,,,,0.0
5,4,2,,,,,,,,,0.0
5,4,2,,,,,,,,,0.0
5,5,2,,,,,,,,,0.0
5,5,2,,,,,,,,,0.0
5,5,2,,,,,,,,,0.0
5,5,2,,,,,,,,,0.0
5,6,2,,,,,,,,,0.0
5,6,2,,,,,,,,,0.0
5,6,2,,,,,,,,,0.0
5,6,2,,,,,,,,,0.0
5,7,2,,,,,,,,,0.0
5,7,2,,,,,,,,,0.0
5,7,2,,,,,,,,,0.0
5,7,2,,,,,,,,,0.0
5,8,2,,,,,,,,,0.0575
5,8,2,,,,,,,,,0.1775
5,8,2,,,,,,,,,0.38
5,8,2,,,,,,,,,0.4575
5,9,2,,,,,,,,,0.855
5,9,2,,,,,,,,,1.04
5,9,2,,,,,,,,,1.245
5,9,2,,,,,,,,,1.575
5,10,2,,,,,,,,,2.03
5,10,2,,,,,,,,,2.5725
5,10,2,,,,,,,,,3.035
5,10,2,,,,,,,,,4.5125
5,11,2,,,,,,,,,5.335
5,11,2,,,,,,,,,5.035
5,11,2,,,,,,,,,5.8625
5,11,2,,,,,,,,,3.8
5,12,2,,,,,,,,,1.11
5,12,2,,,,,,,,,3.3075
5,12,2,,,,,,,,,4.62
5,12,2,,,,,,,,,6.38
5,13,2,,,,,,,,,5.52
5,13,2,,,,,,,,,7.54
5,13,2,,,,,,,,,7.7525
5,13,2,,,,,,,,,7.85
5,14,2,,,,,,,,,6.5075
5,14,2,,,,,,,,,3.765
5,14,2,,,,,,,,,4.8475
5,14,2,,,,,,,,,7.455
5,15,2,,,,,,,,,5.3175
5,15,2,,,,,,,,,5.42
5,15,2,,,,,,,,,8.045
5,15,2,,,,,,,,,6.87
5,16,2,,,,,,,,,7.24
5,16,2,,,,,,,,,5.75
5,16,2,,,,,,,,,5.72
5,16,2,,,,,,,,,6.7
5,17,2,,,,,,,,,5.5925
5,17,2,,,,,,,,,4.59
5,17,2,,,,,,,,,4.595
5,17,2,,,,,,,,,3.8425
5,18,2,,,,,,,,,3.33
5,18,2,,,,,,,,,2.9375
5,18,2,,,,,,,,,2.4625
5,18,2,,,,,,,,,2.465
5,19,2,,,,,,,,,2.9975
5,19,2,,,,,,,,,3.22
5,19,2,,,,,,,,,2.0825
5,19,2,,,,,,,,,1.66
5,20,2,,,,,,,,,1.2775
5,20,2,,,,,,,,,0.455
5,20,2,,,,,,,,,0.425
5,20,2,,,,,,,,,0.535
5,21,2,,,,,,,,,0.4775
5,21,2,,,,,,,,,0.3225
5,21,2,,,,,,,,,0.1475
5,21,2,,,,,,,,,0.04
5,22,2,,,,,,,,,0.0
5,22,2,,,,,,,,,0.0
5,22,2,,,,,,,,,0.0
5,22,2,,,,,,,,,0.0
5,23,2,,,,,,,,,0.0
5,23,2,,,,,,,,,0.0
5,23,2,,,,,,,,,0.0
5,23,2,,,,,,,,,0.0
5,24,2,,,,,,,,,0.0
5,24,2,,,,,,,,,0.0
5,24,2,,,,,,,,,0.0
5,24,2,,,,,,,,,0.0
5,1,3,,,,,,,,,0.0
5,1,3,,,,,,,,,0.0
5,1,3,,,,,,,,,0.0
5,1,3,,,,,,,,,0.0
5,2,3,,,,,,,,,0.0
5,2,3,,,,,,,,,0.0
5,2,3,,,,,,,,,0.0
5,2,3,,,,,,,,,0.0
5,3,3,,,,,,,,,0.0
5,3,3,,,,,,,,,0.0
5,3,3,,,,,,,,,0.0
5,3,3,,,,,,,,,0.0
5,4,3,,,,,,,,,0.0
5,4,3,,,,,,,,,0.0
5,4,3,,,,,,,,,0.0
5,4,3,,,,,,,,,0.0
5,5,3,,,,,,,,,0.0
5,5,3,,,,,,,,,0.0
5,5,3,,,,,,,,,0.0
5,5,3,,,,,,,,,0.0
5,6,3,,,,,,,,,0.0
5,6,3,,,,,,,,,0.0
5,6,3,,,,,,,,,0.0
5,6,3,,,,,,,,,0.0
5,7,3,,,,,,,,,0.0
5,7,3,,,,,,,,,0.0
5,7,3,,,,,,,,,0.015
5,7,3,,,,,,,,,0.105
5,8,3,,,,,,,,,0.2
5,8,3,,,,,,,,,0.3375
5,8,3,,,,,,,,,0.545
5,8,3,,,,,,,,,0.83
5,9,3,,,,,,,,,1.3075
5,9,3,,,,,,,,,1.8675
5,9,3,,,,,,,,,2.525
5,9,3,,,,,,,,,3.22
5,10,3,,,,,,,,,2.5775
5,10,3,,,,,,,,,2.6675
5,10,3,,,,,,,,,3.5075
5,10,3,,,,,,,,,2.9075
5,11,3,,,,,,,,,3.4
5,11,3,,,,,,,,,3.7575
5,11,3,,,,,,,,,5.3525
5,11,3,,,,,,,,,5.5525
5,12,3,,,,,,,,,5.4825
5,12,3,,,,,,,,,6.92
5,12,3,,,,,,,,,7.03
5,12,3,,,,,,,,,6.9075
5,13,3,,,,,,,,,6.1325
5,13,3,,,,,,,,,7.5
5,13,3,,,,,,,,,7.525
5,13,3,,,,,,,,,7.2875
5,14,3,,,,,,,,,7.8725
5,14,3,,,,,,,,,8.03
5,14,3,,,,,,,,,8.0275
5,14,3,,,,,,,,,8.0275
5,15,3,,,,,,,,,8.0125
5,15,3,,,,,,,,,7.98
5,15,3,,,,,,,,,7.95
5,15,3,,,,,,,,,7.905
5,16,3,,,,,,,,,7.825
5,16,3,,,,,,,,,7.695
5,16,3,,,,,,,,,7.41
5,16,3,,,,,,,,,7.1225
5,17,3,,,,,,,,,6.825
5,17,3,,,,,,,,,6.5325
5,17,3,,,,,,,,,6.105
5,17,3,,,,,,,,,5.7175
5,18,3,,,,,,,,,5.205
5,18,3,,,,,,,,,4.3425
5,18,3,,,,,,,,,4.295
5,18,3,,,,,,,,,3.76
5,19,3,,,,,,,,,3.225
5,19,3,,,,,,,,,2.5225
5,19,3,,,,,,,,,1.965
5,19,3,,,,,,,,,1.49
5,20,3,,,,,,,,,1.0425
5,20,3,,,,,,,,,0.7625
5,20,3,,,,,,,,,0.465
5,20,3,,,,,,,,,0.335
5,21,3,,,,,,,,,0.26
5,21,3,,,,,,,,,0.1925
5,21,3,,,,,,,,,0.115
5,21,3,,,,,,,,,0.0325
5,22,3,,,,,,,,,0.0
5,22,3,,,,,,,,,0.0
5,22,3,,,,,,,,,0.0
5,22,3,,,,,,,,,0.0
5,23,3,,,,,,,,,0.0
5,23,3,,,,,,,,,0.0
5,23,3,,,,,,,,,0.0
5,23,3,,,,,,,,,0.0
5,24,3,,,,,,,,,0.0
5,24,3,,,,,,,,,0.0
5,24,3,,,,,,,,,0.0
5,24,3,,,,,,,,,0.0
5,1,4,,,,,,,,,0.0
5,1,4,,,,,,,,,0.0
5,1,4,,,,,,,,,0.0
5,1,4,,,,,,,,,0.0
5,2,4,,,,,,,,,0.0
5,2,4,,,,,,,,,0.0
5,2,4,,,,,,,,,0.0
5,2,4,,,,,,,,,0.0
5,3,4,,,,,,,,,0.0
5,3,4,,,,,,,,,0.0
5,3,4,,,,,,,,,0.0
5,3,4,,,,,,,,,0.0
5,4,4,,,,,,,,,0.0
5,4,4,,,,,,,,,0.0
5,4,4,,,,,,,,,0.0
5,4,4,,,,,,,,,0.0
5,5,4,,,,,,,,,0.0
5,5,4,,,,,,,,,0.0
5,5,4,,,,,,,,,0.0
5,5,4,,,,,,,,,0.0
5,6,4,,,,,,,,,0.0
5,6,4,,,,,,,,,0.0
5,6,4,,,,,,,,,0.0
5,6,4,,,,,,,,,0.0
5,7,4,,,,,,,,,0.0
5,7,4,,,,,,,,,0.0
5,7,4,,,,,,,,,0.015
5,7,4,,,,,,,,,0.1025
5,8,4,,,,,,,,,0.2
5,8,4,,,,,,,,,0.31
5,8,4,,,,,,,,,0.5
5,8,4,,,,,,,,,0.7975
5,9,4,,,,,,,,,1.2025
5,9,4,,,,,,,,,1.695
5,9,4,,,,,,,,,2.1975
5,9,4,,,,,,,,,2.775
5,10,4,,,,,,,,,3.3375
5,10,4,,,,,,,,,3.855
5,10,4,,,,,,,,,4.3225
5,10,4,,,,,,,,,4.8075
5,11,4,,,,,,,,,5.3
5,11,4,,,,,,,,,5.6475
5,11,4,,,,,,,,,6.08
5,11,4,,,,,,,,,6.475
5,12,4,,,,,,,,,6.785
5,12,4,,,,,,,,,7.11
5,12,4,,,,,,,,,7.3825
5,12,4,,,,,,,,,7.6325
5,13,4,,,,,,,,,7.7975
5,13,4,,,,,,,,,7.8575
5,13,4,,,,,,,,,7.9125
5,13,4,,,,,,,,,7.95
5,14,4,,,,,,,,,7.975
5,14,4,,,,,,,,,8.0
5,14,4,,,,,,,,,8.015
5,14,4,,,,,,,,,8.005
5,15,4,,,,,,,,,8.0
5,15,4,,,,,,,,,7.975
5,15,4,,,,,,,,,7.9225
5,15,4,,,,,,,,,7.865
5,16,4,,,,,,,,,7.81
5,16,4,,,,,,,,,7.6475
5,16,4,,,,,,,,,7.3725
5,16,4,,,,,,,,,7.095
5,17,4,,,,,,,,,6.765
5,17,4,,,,,,,,,6.3925
5,17,4,,,,,,,,,6.0325
5,17,4,,,,,,,,,5.595
5,18,4,,,,,,,,,5.1475
5,18,4,,,,,,,,,4.69
5,18,4,,,,,,,,,4.185
5,18,4,,,,,,,,,3.6675
5,19,4,,,,,,,,,3.15
5,19,4,,,,,,,,,2.625
5,19,4,,,,,,,,,2.095
5,19,4,,,,,,,,,1.58
5,20,4,,,,,,,,,1.105
5,20,4,,,,,,,,,0.72
5,20,4,,,,,,,,,0.475
5,20,4,,,,,,,,,0.345
5,21,4,,,,,,,,,0.27
5,21,4,,,,,,,,,0.2
5,21,4,,,,,,,,,0.12
5,21,4,,,,,,,,,0.04
5,22,4,,,,,,,,,0.0
5,22,4,,,,,,,,,0.0
5,22,4,,,,,,,,,0.0
5,22,4,,,,,,,,,0.0
5,23,4,,,,,,,,,0.0
5,23,4,,,,,,,,,0.0
5,23,4,,,,,,,,,0.0
5,23,4,,,,,,,,,0.0
5,24,4,,,,,,,,,0.0
5,24,4,,,,,,,,,0.0
5,24,4,,,,,,,,,0.0
5,24,4,,,,,,,,,0.0
5,1,5,,,,,,,,,0.0
5,1,5,,,,,,,,,0.0
5,1,5,,,,,,,,,0.0
5,1,5,,,,,,,,,0.0
5,2,5,,,,,,,,,0.0
5,2,5,,,,,,,,,0.0
5,2,5,,,,,,,,,0.0
5,2,5,,,,,,,,,0.0
5,3,5,,,,,,,,,0.0
5,3,5,,,,,,,,,0.0
5,3,5,,,,,,,,,0.0
5,3,5,,,,,,,,,0.0
5,4,5,,,,,,,,,0.0
5,4,5,,,,,,,,,0.0
5,4,5,,,,,,,,,0.0
5,4,5,,,,,,,,,0.0
5,5,5,,,,,,,,,0.0
5,5,5,,,,,,,,,0.0
5,5,5,,,,,,,,,0.0
5,5,5,,,,,,,,,0.0
5,6,5,,,,,,,,,0.0
5,6,5,,,,,,,,,0.0
5,6,5,,,,,,,,,0.0
5,6,5,,,,,,,,,0.0
5,7,5,,,,,,,,,0.0
5,7,5,,,,,,,,,0.0
5,7,5,,,,,,,,,0.0125
5,7,5,,,,,,,,,0.0875
5,8,5,,,,,,,,,0.1725
5,8,5,,,,,,,,,0.2725
5,8,5,,,,,,,,,0.455
5,8,5,,,,,,,,,0.75
5,9,5,,,,,,,,,1.17
5,9,5,,,,,,,,,1.66
5,9,5,,,,,,,,,2.1325
5,9,5,,,,,,,,,2.685
5,10,5,,,,,,,,,3.2125
5,10,5,,,,,,,,,3.715
5,10,5,,,,,,,,,4.185
5,10,5,,,,,,,,,4.64
5,11,5,,,,,,,,,5.0425
5,11,5,,,,,,,,,5.4325
5,11,5,,,,,,,,,5.78
5,11,5,,,,,,,,,6.16
5,12,5,,,,,,,,,6.4375
5,12,5,,,,,,,,,6.775
5,12,5,,,,,,,,,7.1
5,12,5,,,,,,,,,7.3225
5,13,5,,,,,,,,,7.595
5,13,5,,,,,,,,,7.745
5,13,5,,,,,,,,,7.73
5,13,5,,,,,,,,,7.87
5,14,5,,,,,,,,,7.92
5,14,5,,,,,,,,,7.7775
5,14,5,,,,,,,,,7.965
5,14,5,,,,,,,,,7.925
5,15,5,,,,,,,,,7.905
5,15,5,,,,,,,,,7.9025
5,15,5,,,,,,,,,7.8475
5,15,5,,,,,,,,,7.8225
5,16,5,,,,,,,,,7.6825
5,16,5,,,,,,,,,7.4725
5,16,5,,,,,,,,,7.225
5,16,5,,,,,,,,,6.9325
5,17,5,,,,,,,,,6.645
5,17,5,,,,,,,,,6.3075
5,17,5,,,,,,,,,5.905
5,17,5,,,,,,,,,5.505
5,18,5,,,,,,,,,5.08
5,18,5,,,,,,,,,4.6225
5,18,5,,,,,,,,,4.13
5,18,5,,,,,,,,,3.6375
5,19,5,,,,,,,,,3.1275
5,19,5,,,,,,,,,2.6075
5,19,5,,,,,,,,,2.0775
5,19,5,,,,,,,,,1.535
5,20,5,,,,,,,,,1.09
5,20,5,,,,,,,,,0.665
5,20,5,,,,,,,,,0.48
5,20,5,,,,,,,,,0.32
5,21,5,,,,,,,,,0.225
5,21,5,,,,,,,,,0.165
5,21,5,,,,,,,,,0.0875
5,21,5,,,,,,,,,0.0225
5,22,5,,,,,,,,,0.0
5,22,5,,,,,,,,,0.0
5,22,5,,,,,,,,,0.0
5,22,5,,,,,,,,,0.0
5,23,5,,,,,,,,,0.0
5,23,5,,,,,,,,,0.0
5,23,5,,,,,,,,,0.0
5,23,5,,,,,,,,,0.0
5,24,5,,,,,,,,,0.0
5,24,5,,,,,,,,,0.0
5,24,5,,,,,,,,,0.0
5,24,5,,,,,,,,,0.0
5,1,6,,,,,,,,,0.0
5,1,6,,,,,,,,,0.0
5,1,6,,,,,,,,,0.0
5,1,6,,,,,,,,,0.0
5,2,6,,,,,,,,,0.0
5,2,6,,,,,,,,,0.0
5,2,6,,,,,,,,,0.0
5,2,6,,,,,,,,,0.0
5,3,6,,,,,,,,,0.0
5,3,6,,,,,,,,,0.0
5,3,6,,,,,,,,,0.0
5,3,6,,,,,,,,,0.0
5,4,6,,,,,,,,,0.0
5,4,6,,,,,,,,,0.0
5,4,6,,,,,,,,,0.0
5,4,6,,,,,,,,,0.0
5,5,6,,,,,,,,,0.0
5,5,6,,,,,,,,,0.0
5,5,6,,,,,,,,,0.0
5,5,6,,,,,,,,,0.0
5,6,6,,,,,,,,,0.0
5,6,6,,,,,,,,,0.0
5,6,6,,,,,,,,,0.0
5,6,6,,,,,,,,,0.0
5,7,6,,,,,,,,,0.0
5,7,6,,,,,,,,,0.0
5,7,6,,,,,,,,,0.0225
5,7,6,,,,,,,,,0.155
5,8,6,,,,,,,,,0.3175
5,8,6,,,,,,,,,0.4625
5,8,6,,,,,,,,,0.6325
5,8,6,,,,,,,,,0.9025
5,9,6,,,,,,,,,1.215
5,9,6,,,,,,,,,1.37
5,9,6,,,,,,,,,1.705
5,9,6,,,,,,,,,1.665
5,10,6,,,,,,,,,2.68
5,10,6,,,,,,,,,2.4625
5,10,6,,,,,,,,,4.21
5,10,6,,,,,,,,,3.6725
5,11,6,,,,,,,,,4.4675
5,11,6,,,,,,,,,3.97
5,11,6,,,,,,,,,5.54
5,11,6,,,,,,,,,6.13
5,12,6,,,,,,,,,6.52
5,12,6,,,,,,,,,6.71
5,12,6,,,,,,,,,7.1525
5,12,6,,,,,,,,,6.3475
5,13,6,,,,,,,,,6.295
5,13,6,,,,,,,,,7.39
5,13,6,,,,,,,,,7.765
5,13,6,,,,,,,,,7.7875
5,14,6,,,,,,,,,6.915
5,14,6,,,,,,,,,7.93
5,14,6,,,,,,,,,7.4775
5,14,6,,,,,,,,,7.085
5,15,6,,,,,,,,,7.015
5,15,6,,,,,,,,,7.5575
5,15,6,,,,,,,,,7.3875
5,15,6,,,,,,,,,7.5825
5,16,6,,,,,,,,,7.6825
5,16,6,,,,,,,,,7.215
5,16,6,,,,,,,,,7.175
5,16,6,,,,,,,,,6.015
5,17,6,,,,,,,,,6.3075
5,17,6,,,,,,,,,6.13
5,17,6,,,,,,,,,5.755
5,17,6,,,,,,,,,5.46
5,18,6,,,,,,,,,4.7975
5,18,6,,,,,,,,,4.5175
5,18,6,,,,,,,,,4.0725
5,18,6,,,,,,,,,3.5725
5,19,6,,,,,,,,,3.06
5,19,6,,,,,,,,,2.355
5,19,6,,,,,,,,,2.135
5,19,6,,,,,,,,,1.4175
5,20,6,,,,,,,,,1.1125
5,20,6,,,,,,,,,0.7575
5,20,6,,,,,,,,,0.515
5,20,6,,,,,,,,,0.3825
5,21,6,,,,,,,,,0.3
5,21,6,,,,,,,,,0.22
5,21,6,,,,,,,,,0.1325
5,21,6,,,,,,,,,0.045
5,22,6,,,,,,,,,0.0
5,22,6,,,,,,,,,0.0
5,22,6,,,,,,,,,0.0
5,22,6,,,,,,,,,0.0
5,23,6,,,,,,,,,0.0
5,23,6,,,,,,,,,0.0
5,23,6,,,,,,,,,0.0
5,23,6,,,,,,,,,0.0
5,24,6,,,,,,,,,0.0
5,24,6,,,,,,,,,0.0
5,24,6,,,,,,,,,0.0
5,24,6,,,,,,,,,0.0
5,1,7,,,,,,,,,0.0
5,1,7,,,,,,,,,0.0
5,1,7,,,,,,,,,0.0
5,1,7,,,,,,,,,0.0
5,2,7,,,,,,,,,0.0
5,2,7,,,,,,,,,0.0
5,2,7,,,,,,,,,0.0
5,2,7,,,,,,,,,0.0
5,3,7,,,,,,,,,0.0
5,3,7,,,,,,,,,0.0
5,3,7,,,,,,,,,0.0
5,3,7,,,,,,,,,0.0
5,4,7,,,,,,,,,0.0
5,4,7,,,,,,,,,0.0
5,4,7,,,,,,,,,0.0
5,4,7,,,,,,,,,0.0
5,5,7,,,,,,,,,0.0
5,5,7,,,,,,,,,0.0
5,5,7,,,,,,,,,0.0
5,5,7,,,,,,,,,0.0
5,6,7,,,,,,,,,0.0
5,6,7,,,,,,,,,0.0
5,6,7,,,,,,,,,0.0
5,6,7,,,,,,,,,0.0
5,7,7,,,,,,,,,0.0
5,7,7,,,,,,,,,0.0
5,7,7,,,,,,,,,0.005
5,7,7,,,,,,,,,0.045
5,8,7,,,,,,,,,0.155
5,8,7,,,,,,,,,0.185
5,8,7,,,,,,,,,0.2875
5,8,7,,,,,,,,,0.2475
5,9,7,,,,,,,,,0.4275
5,9,7,,,,,,,,,0.505
5,9,7,,,,,,,,,0.5125
5,9,7,,,,,,,,,0.8925
5,10,7,,,,,,,,,1.425
5,10,7,,,,,,,,,1.0425
5,10,7,,,,,,,,,1.4475
5,10,7,,,,,,,,,1.5125
5,11,7,,,,,,,,,2.125
5,11,7,,,,,,,,,2.66
5,11,7,,,,,,,,,2.8
5,11,7,,,,,,,,,2.96
5,12,7,,,,,,,,,2.9325
5,12,7,,,,,,,,,4.06
5,12,7,,,,,,,,,3.405
5,12,7,,,,,,,,,3.025
5,13,7,,,,,,,,,3.51
5,13,7,,,,,,,,,3.8025
5,13,7,,,,,,,,,2.395
5,13,7,,,,,,,,,3.07
5,14,7,,,,,,,,,4.68
5,14,7,,,,,,,,,4.76
5,14,7,,,,,,,,,4.2825
5,14,7,,,,,,,,,4.3675
5,15,7,,,,,,,,,5.2975
5,15,7,,,,,,,,,2.77
5,15,7,,,,,,,,,2.665
5,15,7,,,,,,,,,4.0075
5,16,7,,,,,,,,,3.0825
5,16,7,,,,,,,,,2.9575
5,16,7,,,,,,,,,1.725
5,16,7,,,,,,,,,1.545
5,17,7,,,,,,,,,6.285
5,17,7,,,,,,,,,4.3775
5,17,7,,,,,,,,,6.115
5,17,7,,,,,,,,,5.59
5,18,7,,,,,,,,,5.1925
5,18,7,,,,,,,,,4.985
5,18,7,,,,,,,,,5.0625
5,18,7,,,,,,,,,3.42
5,19,7,,,,,,,,,2.925
5,19,7,,,,,,,,,1.8175
5,19,7,,,,,,,,,1.71
5,19,7,,,,,,,,,1.4925
5,20,7,,,,,,,,,1.2425
5,20,7,,,,,,,,,1.0825
5,20,7,,,,,,,,,0.8
5,20,7,,,,,,,,,0.485
5,21,7,,,,,,,,,0.3875
5,21,7,,,,,,,,,0.41
5,21,7,,,,,,,,,0.2975
5,21,7,,,,,,,,,0.09
5,22,7,,,,,,,,,0.0025
5,22,7,,,,,,,,,0.0
5,22,7,,,,,,,,,0.0
5,22,7,,,,,,,,,0.0
5,23,7,,,,,,,,,0.0
5,23,7,,,,,,,,,0.0
5,23,7,,,,,,,,,0.0
5,23,7,,,,,,,,,0.0
5,24,7,,,,,,,,,0.0
5,24,7,,,,,,,,,0.0
5,24,7,,,,,,,,,0.0
5,24,7,,,,,,,,,0.0
5,1,1,,,,,,,,,0.0
5,1,1,,,,,,,,,0.0
5,1,1,,,,,,,,,0.0
5,1,1,,,,,,,,,0.0
5,2,1,,,,,,,,,0.0
5,2,1,,,,,,,,,0.0
5,2,1,,,,,,,,,0.0
5,2,1,,,,,,,,,0.0
5,3,1,,,,,,,,,0.0
5,3,1,,,,,,,,,0.0
5,3,1,,,,,,,,,0.0
5,3,1,,,,,,,,,0.0
5,4,1,,,,,,,,,0.0
5,4,1,,,,,,,,,0.0
5,4,1,,,,,,,,,0.0
5,4,1,,,,,,,,,0.0
5,5,1,,,,,,,,,0.0
5,5,1,,,,,,,,,0.0
5,5,1,,,,,,,,,0.0
5,5,1,,,,,,,,,0.0
5,6,1,,,,,,,,,0.0
5,6,1,,,,,,,,,0.0
5,6,1,,,,,,,,,0.0
5,6,1,,,,,,,,,0.0
5,7,1,,,,,,,,,0.0
5,7,1,,,,,,,,,0.0
5,7,1,,,,,,,,,0.015
5,7,1,,,,,,,,,0.105
5,8,1,,,,,,,,,0.08
5,8,1,,,,,,,,,0.235
5,8,1,,,,,,,,,0.39
5,8,1,,,,,,,,,0.5525
5,9,1,,,,,,,,,1.195
5,9,1,,,,,,,,,1.9
5,9,1,,,,,,,,,1.805
5,9,1,,,,,,,,,2.4475
5,10,1,,,,,,,,,3.33
5,10,1,,,,,,,,,3.925
5,10,1,,,,,,,,,4.495
5,10,1,,,,,,,,,5.205
5,11,1,,,,,,,,,4.4925
5,11,1,,,,,,,,,5.6075
5,11,1,,,,,,,,,5.895
5,11,1,,,,,,,,,6.27
5,12,1,,,,,,,,,6.535
5,12,1,,,,,,,,,6.77
5,12,1,,,,,,,,,7.0925
5,12,1,,,,,,,,,7.3775
5,13,1,,,,,,,,,6.34
5,13,1,,,,,,,,,7.815
5,13,1,,,,,,,,,7.8
5,13,1,,,,,,,,,7.835
5,14,1,,,,,,,,,7.8675
5,14,1,,,,,,,,,7.875
5,14,1,,,,,,,,,7.885
5,14,1,,,,,,,,,7.8675
5,15,1,,,,,,,,,7.8625
5,15,1,,,,,,,,,7.8275
5,15,1,,,,,,,,,7.7875
5,15,1,,,,,,,,,7.705
5,16,1,,,,,,,,,7.545
5,16,1,,,,,,,,,7.35
5,16,1,,,,,,,,,7.095
5,16,1,,,,,,,,,6.805
5,17,1,,,,,,,,,6.5175
5,17,1,,,,,,,,,6.2175
5,17,1,,,,,,,,,5.8425
5,17,1,,,,,,,,,5.4425
5,18,1,,,,,,,,,5.0225
5,18,1,,,,,,,,,4.5875
5,18,1,,,,,,,,,4.14
5,18,1,,,,,,,,,3.615
5,19,1,,,,,,,,,3.16
5,19,1,,,,,,,,,2.58
5,19,1,,,,,,,,,2.205
5,19,1,,,,,,,,,1.6625
5,20,1,,,,,,,,,1.29
5,20,1,,,,,,,,,0.93
5,20,1,,,,,,,,,0.59
5,20,1,,,,,,,,,0.4525
5,21,1,,,,,,,,,0.385
5,21,1,,,,,,,,,0.245
5,21,1,,,,,,,,,0.1375
5,21,1,,,,,,,,,0.0425
5,22,1,,,,,,,,,0.0
5,22,1,,,,,,,,,0.0
5,22,1,,,,,,,,,0.0
5,22,1,,,,,,,,,0.0
5,23,1,,,,,,,,,0.0
5,23,1,,,,,,,,,0.0
5,23,1,,,,,,,,,0.0
5,23,1,,,,,,,,,0.0
5,24,1,,,,,,,,,0.0
5,24,1,,,,,,,,,0.0
5,24,1,,,,,,,,,0.0
5,24,1,,,,,,,,,0.0
5,1,2,,,,,,,,,0.0
5,1,2,,,,,,,,,0.0
5,1,2,,,,,,,,,0.0
5,1,2,,,,,,,,,0.0
5,2,2,,,,,,,,,0.0
5,2,2,,,,,,,,,0.0
5,2,2,,,,,,,,,0.0
5,2,2,,,,,,,,,0.0
5,3,2,,,,,,,,,0.0
5,3,2,,,,,,,,,0.0
5,3,2,,,,,,,,,0.0
5,3,2,,,,,,,,,0.0
5,4,2,,,,,,,,,0.0
5,4,2,,,,,,,,,0.0
5,4,2,,,,,,,,,0.0
5,4,2,,,,,,,,,0.0
5,5,2,,,,,,,,,0.0
5,5,2,,,,,,,,,0.0
5,5,2,,,,,,,,,0.0
5,5,2,,,,,,,,,0.0
5,6,2,,,,,,,,,0.0
5,6,2,,,,,,,,,0.0
5,6,2,,,,,,,,,0.0
5,6,2,,,,,,,,,0.0
5,7,2,,,,,,,,,0.0
5,7,2,,,,,,,,,0.005
5,7,2,,,,,,,,,0.1025
5,7,2,,,,,,,,,0.285
5,8,2,,,,,,,,,0.4375
5,8,2,,,,,,,,,0.6525
5,8,2,,,,,,,,,0.865
5,8,2,,,,,,,,,0.9975
5,9,2,,,,,,,,,1.2525
5,9,2,,,,,,,,,1.275
5,9,2,,,,,,,,,1.79
5,9,2,,,,,,,,,2.02
5,10,2,,,,,,,,,3.24
5,10,2,,,,,,,,,2.4175
5,10,2,,,,,,,,,2.0825
5,10,2,,,,,,,,,4.3975
5,11,2,,,,,,,,,5.1825
5,11,2,,,,,,,,,5.515
5,11,2,,,,,,,,,5.8875
5,11,2,,,,,,,,,6.2025
5,12,2,,,,,,,,,6.605
5,12,2,,,,,,,,,6.89
5,12,2,,,,,,,,,7.135
5,12,2,,,,,,,,,7.335
5,13,2,,,,,,,,,7.5825
5,13,2,,,,,,,,,6.78
5,13,2,,,,,,,,,7.8375
5,13,2,,,,,,,,,6.8875
5,14,2,,,,,,,,,8.03
5,14,2,,,,,,,,,7.925
5,14,2,,,,,,,,,7.9775
5,14,2,,,,,,,,,8.0175
5,15,2,,,,,,,,,7.9625
5,15,2,,,,,,,,,7.7225
5,15,2,,,,,,,,,7.315
5,15,2,,,,,,,,,7.6325
5,16,2,,,,,,,,,7.5175
5,16,2,,,,,,,,,7.56
5,16,2,,,,,,,,,7.265
5,16,2,,,,,,,,,6.855
5,17,2,,,,,,,,,6.6025
5,17,2,,,,,,,,,6.375
5,17,2,,,,,,,,,6.0625
5,17,2,,,,,,,,,5.53
5,18,2,,,,,,,,,4.7175
5,18,2,,,,,,,,,4.3775
5,18,2,,,,,,,,,3.275
5,18,2,,,,,,,,,3.3525
5,19,2,,,,,,,,,3.09
5,19,2,,,,,,,,,2.5575
5,19,2,,,,,,,,,1.465
5,19,2,,,,,,,,,1.345
5,20,2,,,,,,,,,1.225
5,20,2,,,,,,,,,0.635
5,20,2,,,,,,,,,0.7225
5,20,2,,,,,,,,,0.57
5,21,2,,,,,,,,,0.3375
5,21,2,,,,,,,,,0.22
5,21,2,,,,,,,,,0.1375
5,21,2,,,,,,,,,0.065
5,22,2,,,,,,,,,0.005
5,22,2,,,,,,,,,0.0
5,22,2,,,,,,,,,0.0
5,22,2,,,,,,,,,0.0
5,23,2,,,,,,,,,0.0
5,23,2,,,,,,,,,0.0
5,23,2,,,,,,,,,0.0
5,23,2,,,,,,,,,0.0
5,24,2,,,,,,,,,0.0
5,24,2,,,,,,,,,0.0
5,24,2,,,,,,,,,0.0
5,24,2,,,,,,,,,0.0
5,1,3,,,,,,,,,0.0
5,1,3,,,,,,,,,0.0
5,1,3,,,,,,,,,0.0
5,1,3,,,,,,,,,0.0
5,2,3,,,,,,,,,0.0
5,2,3,,,,,,,,,0.0
5,2,3,,,,,,,,,0.0
5,2,3,,,,,,,,,0.0
5,3,3,,,,,,,,,0.0
5,3,3,,,,,,,,,0.0
5,3,3,,,,,,,,,0.0
5,3,3,,,,,,,,,0.0
5,4,3,,,,,,,,,0.0
5,4,3,,,,,,,,,0.0
5,4,3,,,,,,,,,0.0
5,4,3,,,,,,,,,0.0
5,5,3,,,,,,,,,0.0
5,5,3,,,,,,,,,0.0
5,5,3,,,,,,,,,0.0
5,5,3,,,,,,,,,0.0
5,6,3,,,,,,,,,0.0
5,6,3,,,,,,,,,0.0
5,6,3,,,,,,,,,0.0
5,6,3,,,,,,,,,0.0
5,7,3,,,,,,,,,0.0
5,7,3,,,,,,,,,0.0
5,7,3,,,,,,,,,0.03
5,7,3,,,,,,,,,0.1325
5,8,3,,,,,,,,,0.22
5,8,3,,,,,,,,,0.3275
5,8,3,,,,,,,,,0.52
5,8,3,,,,,,,,,0.81
5,9,3,,,,,,,,,1.21
5,9,3,,,,,,,,,1.6875
5,9,3,,,,,,,,,2.025
5,9,3,,,,,,,,,2.61
5,10,3,,,,,,,,,3.21
5,10,3,,,,,,,,,3.7025
5,10,3,,,,,,,,,4.02
5,10,3,,,,,,,,,4.65
5,11,3,,,,,,,,,5.035
5,11,3,,,,,,,,,5.485
5,11,3,,,,,,,,,5.905
5,11,3,,,,,,,,,6.245
5,12,3,,,,,,,,,6.54
5,12,3,,,,,,,,,6.52
5,12,3,,,,,,,,,6.9725
5,12,3,,,,,,,,,7.4275
5,13,3,,,,,,,,,7.6225
5,13,3,,,,,,,,,7.75
5,13,3,,,,,,,,,7.7525
5,13,3,,,,,,,,,7.8925
5,14,3,,,,,,,,,7.815
5,14,3,,,,,,,,,7.9025
5,14,3,,,,,,,,,7.98
5,14,3,,,,,,,,,6.93
5,15,3,,,,,,,,,7.8775
5,15,3,,,,,,,,,7.93
5,15,3,,,,,,,,,7.87
5,15,3,,,,,,,,,7.795
5,16,3,,,,,,,,,7.6
5,16,3,,,,,,,,,7.555
5,16,3,,,,,,,,,7.28
5,16,3,,,,,,,,,6.9625
5,17,3,,,,,,,,,6.6275
5,17,3,,,,,,,,,6.34
5,17,3,,,,,,,,,5.9225
5,17,3,,,,,,,,,5.5375
5,18,3,,,,,,,,,5.0725
5,18,3,,,,,,,,,4.6225
5,18,3,,,,,,,,,4.135
5,18,3,,,,,,,,,3.5975
5,19,3,,,,,,,,,3.1225
5,19,3,,,,,,,,,2.6125
5,19,3,,,,,,,,,2.1125
5,19,3,,,,,,,,,1.605
5,20,3,,,,,,,,,1.0975
5,20,3,,,,,,,,,0.87
5,20,3,,,,,,,,,0.565
5,20,3,,,,,,,,,0.405
5,21,3,,,,,,,,,0.31
5,21,3,,,,,,,,,0.235
5,21,3,,,,,,,,,0.1625
5,21,3,,,,,,,,,0.0675
5,22,3,,,,,,,,,0.0025
5,22,3,,,,,,,,,0.0
5,22,3,,,,,,,,,0.0
5,22,3,,,,,,,,,0.0
5,23,3,,,,,,,,,0.0
5,23,3,,,,,,,,,0.0
5,23,3,,,,,,,,,0.0
5,23,3,,,,,,,,,0.0
5,24,3,,,,,,,,,0.0
5,24,3,,,,,,,,,0.0
5,24,3,,,,,,,,,0.0
5,24,3,,,,,,,,,0.0
5,1,4,,,,,,,,,0.0
5,1,4,,,,,,,,,0.0
5,1,4,,,,,,,,,0.0
5,1,4,,,,,,,,,0.0
5,2,4,,,,,,,,,0.0
5,2,4,,,,,,,,,0.0
5,2,4,,,,,,,,,0.0
5,2,4,,,,,,,,,0.0
5,3,4,,,,,,,,,0.0
5,3,4,,,,,,,,,0.0
5,3,4,,,,,,,,,0.0
5,3,4,,,,,,,,,0.0
5,4,4,,,,,,,,,0.0
5,4,4,,,,,,,,,0.0
5,4,4,,,,,,,,,0.0
5,4,4,,,,,,,,,0.0
5,5,4,,,,,,,,,0.0
5,5,4,,,,,,,,,0.0
5,5,4,,,,,,,,,0.0
5,5,4,,,,,,,,,0.0
5,6,4,,,,,,,,,0.0
5,6,4,,,,,,,,,0.0
5,6,4,,,,,,,,,0.0
5,6,4,,,,,,,,,0.0
5,7,4,,,,,,,,,0.0
5,7,4,,,,,,,,,0.0
5,7,4,,,,,,,,,0.025
5,7,4,,,,,,,,,0.1175
5,8,4,,,,,,,,,0.2125
5,8,4,,,,,,,,,0.315
5,8,4,,,,,,,,,0.4725
5,8,4,,,,,,,,,0.715
5,9,4,,,,,,,,,1.13
5,9,4,,,,,,,,,1.625
5,9,4,,,,,,,,,2.02
5,9,4,,,,,,,,,2.375
5,10,4,,,,,,,,,2.985
5,10,4,,,,,,,,,3.455
5,10,4,,,,,,,,,4.0375
5,10,4,,,,,,,,,4.79
5,11,4,,,,,,,,,5.1225
5,11,4,,,,,,,,,5.6175
5,11,4,,,,,,,,,5.92
5,11,4,,,,,,,,,5.99
5,12,4,,,,,,,,,6.79
5,12,4,,,,,,,,,7.095
5,12,4,,,,,,,,,7.435
5,12,4,,,,,,,,,7.665
5,13,4,,,,,,,,,7.8275
5,13,4,,,,,,,,,7.8325
5,13,4,,,,,,,,,7.9425
5,13,4,,,,,,,,,7.66
5,14,4,,,,,,,,,7.95
5,14,4,,,,,,,,,7.985
5,14,4,,,,,,,,,7.57
5,14,4,,,,,,,,,7.805
5,15,4,,,,,,,,,7.6525
5,15,4,,,,,,,,,7.7975
5,15,4,,,,,,,,,6.3175
5,15,4,,,,,,,,,6.9925
5,16,4,,,,,,,,,6.91
5,16,4,,,,,,,,,7.5
5,16,4,,,,,,,,,7.385
5,16,4,,,,,,,,,7.225
5,17,4,,,,,,,,,6.6125
5,17,4,,,,,,,,,6.64
5,17,4,,,,,,,,,5.32
5,17,4,,,,,,,,,6.02
5,18,4,,,,,,,,,5.78
5,18,4,,,,,,,,,4.7325
5,18,4,,,,,,,,,4.32
5,18,4,,,,,,,,,3.75
5,19,4,,,,,,,,,3.27
5,19,4,,,,,,,,,2.575
5,19,4,,,,,,,,,2.12
5,19,4,,,,,,,,,1.45
5,20,4,,,,,,,,,0.9975
5,20,4,,,,,,,,,0.7275
5,20,4,,,,,,,,,0.46
5,20,4,,,,,,,,,0.3425
5,21,4,,,,,,,,,0.215
5,21,4,,,,,,,,,0.145
5,21,4,,,,,,,,,0.0825
5,21,4,,,,,,,,,0.03
5,22,4,,,,,,,,,0.0
5,22,4,,,,,,,,,0.0
5,22,4,,,,,,,,,0.0
5,22,4,,,,,,,,,0.0
5,23,4,,,,,,,,,0.0
5,23,4,,,,,,,,,0.0
5,23,4,,,,,,,,,0.0
5,23,4,,,,,,,,,0.0
5,24,4,,,,,,,,,0.0
5,24,4,,,,,,,,,0.0
5,24,4,,,,,,,,,0.0
5,24,4,,,,,,,,,0.0
5,1,5,,,,,,,,,0.0
5,1,5,,,,,,,,,0.0
5,1,5,,,,,,,,,0.0
5,1,5,,,,,,,,,0.0
5,2,5,,,,,,,,,0.0
5,2,5,,,,,,,,,0.0
5,2,5,,,,,,,,,0.0
5,2,5,,,,,,,,,0.0
5,3,5,,,,,,,,,0.0
5,3,5,,,,,,,,,0.0
5,3,5,,,,,,,,,0.0
5,3,5,,,,,,,,,0.0
5,4,5,,,,,,,,,0.0
5,4,5,,,,,,,,,0.0
5,4,5,,,,,,,,,0.0
5,4,5,,,,,,,,,0.0
5,5,5,,,,,,,,,0.0
5,5,5,,,,,,,,,0.0
5,5,5,,,,,,,,,0.0
5,5,5,,,,,,,,,0.0
5,6,5,,,,,,,,,0.0
5,6,5,,,,,,,,,0.0
5,6,5,,,,,,,,,0.0
5,6,5,,,,,,,,,0.0
5,7,5,,,,,,,,,0.0
5,7,5,,,,,,,,,0.0
5,7,5,,,,,,,,,0.03
5,7,5,,,,,,,,,0.125
5,8,5,,,,,,,,,0.1975
5,8,5,,,,,,,,,0.3
5,8,5,,,,,,,,,0.4825
5,8,5,,,,,,,,,0.775
5,9,5,,,,,,,,,1.1875
5,9,5,,,,,,,,,1.68
5,9,5,,,,,,,,,2.175
5,9,5,,,,,,,,,2.735
5,10,5,,,,,,,,,3.265
5,10,5,,,,,,,,,3.7575
5,10,5,,,,,,,,,4.265
5,10,5,,,,,,,,,4.765
5,11,5,,,,,,,,,5.205
5,11,5,,,,,,,,,5.6
5,11,5,,,,,,,,,6.0475
5,11,5,,,,,,,,,6.425
5,12,5,,,,,,,,,6.725
5,12,5,,,,,,,,,7.0675
5,12,5,,,,,,,,,7.3825
5,12,5,,,,,,,,,7.6025
5,13,5,,,,,,,,,7.765
5,13,5,,,,,,,,,7.785
5,13,5,,,,,,,,,7.84
5,13,5,,,,,,,,,7.9125
5,14,5,,,,,,,,,7.955
5,14,5,,,,,,,,,7.9675
5,14,5,,,,,,,,,7.9925
5,14,5,,,,,,,,,8.0025
5,15,5,,,,,,,,,7.945
5,15,5,,,,,,,,,7.9425
5,15,5,,,,,,,,,7.88
5,15,5,,,,,,,,,7.75
5,16,5,,,,,,,,,7.5975
5,16,5,,,,,,,,,7.5025
5,16,5,,,,,,,,,7.2
5,16,5,,,,,,,,,7.04
5,17,5,,,,,,,,,6.675
5,17,5,,,,,,,,,6.325
5,17,5,,,,,,,,,5.7675
5,17,5,,,,,,,,,5.4
5,18,5,,,,,,,,,4.7925
5,18,5,,,,,,,,,4.3475
5,18,5,,,,,,,,,4.0
5,18,5,,,,,,,,,3.7675
5,19,5,,,,,,,,,3.2825
5,19,5,,,,,,,,,2.7225
5,19,5,,,,,,,,,2.1825
5,19,5,,,,,,,,,1.65
5,20,5,,,,,,,,,1.165
5,20,5,,,,,,,,,0.76
5,20,5,,,,,,,,,0.49
5,20,5,,,,,,,,,0.3475
5,21,5,,,,,,,,,0.275
5,21,5,,,,,,,,,0.215
5,21,5,,,,,,,,,0.15
5,21,5,,,,,,,,,0.0725
5,22,5,,,,,,,,,0.01
5,22,5,,,,,,,,,0.0
5,22,5,,,,,,,,,0.0
5,22,5,,,,,,,,,0.0
5,23,5,,,,,,,,,0.0
5,23,5,,,,,,,,,0.0
5,23,5,,,,,,,,,0.0
5,23,5,,,,,,,,,0.0
5,24,5,,,,,,,,,0.0
5,24,5,,,,,,,,,0.0
5,24,5,,,,,,,,,0.0
5,24,5,,,,,,,,,0.0
5,1,6,,,,,,,,,0.0
5,1,6,,,,,,,,,0.0
5,1,6,,,,,,,,,0.0
5,1,6,,,,,,,,,0.0
5,2,6,,,,,,,,,0.0
5,2,6,,,,,,,,,0.0
5,2,6,,,,,,,,,0.0
5,2,6,,,,,,,,,0.0
5,3,6,,,,,,,,,0.0
5,3,6,,,,,,,,,0.0
5,3,6,,,,,,,,,0.0
5,3,6,,,,,,,,,0.0
5,4,6,,,,,,,,,0.0
5,4,6,,,,,,,,,0.0
5,4,6,,,,,,,,,0.0
5,4,6,,,,,,,,,0.0
5,5,6,,,,,,,,,0.0
5,5,6,,,,,,,,,0.0
5,5,6,,,,,,,,,0.0
5,5,6,,,,,,,,,0.0
5,6,6,,,,,,,,,0.0
5,6,6,,,,,,,,,0.0
5,6,6,,,,,,,,,0.0
5,6,6,,,,,,,,,0.0
5,7,6,,,,,,,,,0.0
5,7,6,,,,,,,,,0.0
5,7,6,,,,,,,,,0.035
5,7,6,,,,,,,,,0.135
5,8,6,,,,,,,,,0.22
5,8,6,,,,,,,,,0.325
5,8,6,,,,,,,,,0.5
5,8,6,,,,,,,,,0.795
5,9,6,,,,,,,,,1.205
5,9,6,,,,,,,,,1.7
5,9,6,,,,,,,,,2.1775
5,9,6,,,,,,,,,2.71
5,10,6,,,,,,,,,3.265
5,10,6,,,,,,,,,3.7225
5,10,6,,,,,,,,,4.205
5,10,6,,,,,,,,,4.61
5,11,6,,,,,,,,,5.065
5,11,6,,,,,,,,,5.4675
5,11,6,,,,,,,,,5.79
5,11,6,,,,,,,,,6.105
5,12,6,,,,,,,,,6.4575
5,12,6,,,,,,,,,6.725
5,12,6,,,,,,,,,6.965
5,12,6,,,,,,,,,7.1875
5,13,6,,,,,,,,,7.4175
5,13,6,,,,,,,,,7.6725
5,13,6,,,,,,,,,7.8075
5,13,6,,,,,,,,,7.84
5,14,6,,,,,,,,,7.865
5,14,6,,,,,,,,,7.88
5,14,6,,,,,,,,,7.875
5,14,6,,,,,,,,,7.865
5,15,6,,,,,,,,,7.8625
5,15,6,,,,,,,,,7.8475
5,15,6,,,,,,,,,7.8175
5,15,6,,,,,,,,,7.785
5,16,6,,,,,,,,,7.6225
5,16,6,,,,,,,,,7.42
5,16,6,,,,,,,,,7.175
5,16,6,,,,,,,,,6.9125
5,17,6,,,,,,,,,6.5825
5,17,6,,,,,,,,,6.245
5,17,6,,,,,,,,,5.92
5,17,6,,,,,,,,,5.55
5,18,6,,,,,,,,,5.13
5,18,6,,,,,,,,,4.69
5,18,6,,,,,,,,,4.2075
5,18,6,,,,,,,,,3.7325
5,19,6,,,,,,,,,3.2175
5,19,6,,,,,,,,,2.6925
5,19,6,,,,,,,,,2.1575
5,19,6,,,,,,,,,1.63
5,20,6,,,,,,,,,1.1425
5,20,6,,,,,,,,,0.755
5,20,6,,,,,,,,,0.49
5,20,6,,,,,,,,,0.3475
5,21,6,,,,,,,,,0.27
5,21,6,,,,,,,,,0.2125
5,21,6,,,,,,,,,0.15
5,21,6,,,,,,,,,0.08
5,22,6,,,,,,,,,0.01
5,22,6,,,,,,,,,0.0
5,22,6,,,,,,,,,0.0
5,22,6,,,,,,,,,0.0
5,23,6,,,,,,,,,0.0
5,23,6,,,,,,,,,0.0
5,23,6,,,,,,,,,0.0
5,23,6,,,,,,,,,0.0
5,24,6,,,,,,,,,0.0
5,24,6,,,,,,,,,0.0
5,24,6,,,,,,,,,0.0
5,24,6,,,,,,,,,0.0
5,1,7,,,,,,,,,0.0
5,1,7,,,,,,,,,0.0
5,1,7,,,,,,,,,0.0
5,1,7,,,,,,,,,0.0
5,2,7,,,,,,,,,0.0
5,2,7,,,,,,,,,0.0
5,2,7,,,,,,,,,0.0
5,2,7,,,,,,,,,0.0
5,3,7,,,,,,,,,0.0
5,3,7,,,,,,,,,0.0
5,3,7,,,,,,,,,0.0
5,3,7,,,,,,,,,0.0
5,4,7,,,,,,,,,0.0
5,4,7,,,,,,,,,0.0
5,4,7,,,,,,,,,0.0
5,4,7,,,,,,,,,0.0
5,5,7,,,,,,,,,0.0
5,5,7,,,,,,,,,0.0
5,5,7,,,,,,,,,0.0
5,5,7,,,,,,,,,0.0
5,6,7,,,,,,,,,0.0
5,6,7,,,,,,,,,0.0
5,6,7,,,,,,,,,0.0
5,6,7,,,,,,,,,0.0
5,7,7,,,,,,,,,0.0
5,7,7,,,,,,,,,0.0
5,7,7,,,,,,,,,0.045
5,7,7,,,,,,,,,0.1725
5,8,7,,,,,,,,,0.275
5,8,7,,,,,,,,,0.3925
5,8,7,,,,,,,,,0.525
5,8,7,,,,,,,,,0.865
5,9,7,,,,,,,,,1.185
5,9,7,,,,,,,,,1.7
5,9,7,,,,,,,,,2.085
5,9,7,,,,,,,,,2.57
5,10,7,,,,,,,,,3.2325
5,10,7,,,,,,,,,3.03
5,10,7,,,,,,,,,3.565
5,10,7,,,,,,,,,4.5425
5,11,7,,,,,,,,,5.0275
5,11,7,,,,,,,,,5.445
5,11,7,,,,,,,,,5.88
5,11,7,,,,,,,,,6.27
5,12,7,,,,,,,,,6.625
5,12,7,,,,,,,,,6.915
5,12,7,,,,,,,,,7.22
5,12,7,,,,,,,,,7.5625
5,13,7,,,,,,,,,7.435
5,13,7,,,,,,,,,6.19
5,13,7,,,,,,,,,6.6975
5,13,7,,,,,,,,,7.3725
5,14,7,,,,,,,,,7.965
5,14,7,,,,,,,,,7.905
5,14,7,,,,,,,,,7.475
5,14,7,,,,,,,,,7.9125
5,15,7,,,,,,,,,7.91
5,15,7,,,,,,,,,7.915
5,15,7,,,,,,,,,7.865
5,15,7,,,,,,,,,7.6775
5,16,7,,,,,,,,,7.63
5,16,7,,,,,,,,,7.4925
5,16,7,,,,,,,,,7.2375
5,16,7,,,,,,,,,6.9175
5,17,7,,,,,,,,,6.5875
5,17,7,,,,,,,,,6.31
5,17,7,,,,,,,,,5.925
5,17,7,,,,,,,,,5.53
5,18,7,,,,,,,,,5.12
5,18,7,,,,,,,,,4.6725
5,18,7,,,,,,,,,4.195
5,18,7,,,,,,,,,3.71
5,19,7,,,,,,,,,3.2075
5,19,7,,,,,,,,,2.68
5,19,7,,,,,,,,,2.1575
5,19,7,,,,,,,,,1.6475
5,20,7,,,,,,,,,1.16
5,20,7,,,,,,,,,0.7675
5,20,7,,,,,,,,,0.495
5,20,7,,,,,,,,,0.3475
5,21,7,,,,,,,,,0.27
5,21,7,,,,,,,,,0.215
5,21,7,,,,,,,,,0.1475
5,21,7,,,,,,,,,0.0775
5,22,7,,,,,,,,,0.01
5,22,7,,,,,,,,,0.0
5,22,7,,,,,,,,,0.0
5,22,7,,,,,,,,,0.0
5,23,7,,,,,,,,,0.0
5,23,7,,,,,,,,,0.0
5,23,7,,,,,,,,,0.0
5,23,7,,,,,,,,,0.0
5,24,7,,,,,,,,,0.0
5,24,7,,,,,,,,,0.0
5,24,7,,,,,,,,,0.0
5,24,7,,,,,,,,,0.0
5,1,1,,,,,,,,,0.0
5,1,1,,,,,,,,,0.0
5,1,1,,,,,,,,,0.0
5,1,1,,,,,,,,,0.0
5,2,1,,,,,,,,,0.0
5,2,1,,,,,,,,,0.0
5,2,1,,,,,,,,,0.0
5,2,1,,,,,,,,,0.0
5,3,1,,,,,,,,,0.0
5,3,1,,,,,,,,,0.0
5,3,1,,,,,,,,,0.0
5,3,1,,,,,,,,,0.0
5,4,1,,,,,,,,,0.0
5,4,1,,,,,,,,,0.0
5,4,1,,,,,,,,,0.0
5,4,1,,,,,,,,,0.0
5,5,1,,,,,,,,,0.0
5,5,1,,,,,,,,,0.0
5,5,1,,,,,,,,,0.0
5,5,1,,,,,,,,,0.0
5,6,1,,,,,,,,,0.0
5,6,1,,,,,,,,,0.0
5,6,1,,,,,,,,,0.0
5,6,1,,,,,,,,,0.0
5,7,1,,,,,,,,,0.0
5,7,1,,,,,,,,,0.0
5,7,1,,,,,,,,,0.01
5,7,1,,,,,,,,,0.0575
5,8,1,,,,,,,,,0.17
5,8,1,,,,,,,,,0.385
5,8,1,,,,,,,,,0.44
5,8,1,,,,,,,,,0.6
5,9,1,,,,,,,,,0.76
5,9,1,,,,,,,,,1.25
5,9,1,,,,,,,,,1.425
5,9,1,,,,,,,,,1.22
5,10,1,,,,,,,,,1.725
5,10,1,,,,,,,,,1.765
5,10,1,,,,,,,,,2.3375
5,10,1,,,,,,,,,2.625
5,11,1,,,,,,,,,2.4725
5,11,1,,,,,,,,,2.65
5,11,1,,,,,,,,,2.55
5,11,1,,,,,,,,,3.095
5,12,1,,,,,,,,,4.28
5,12,1,,,,,,,,,6.215
5,12,1,,,,,,,,,6.235
5,12,1,,,,,,,,,5.84
5,13,1,,,,,,,,,5.615
5,13,1,,,,,,,,,6.835
5,13,1,,,,,,,,,7.5175
5,13,1,,,,,,,,,7.485
5,14,1,,,,,,,,,7.875
5,14,1,,,,,,,,,7.12
5,14,1,,,,,,,,,7.73
5,14,1,,,,,,,,,7.345
5,15,1,,,,,,,,,7.635
5,15,1,,,,,,,,,6.9825
5,15,1,,,,,,,,,5.745
5,15,1,,,,,,,,,6.9125
5,16,1,,,,,,,,,6.6625
5,16,1,,,,,,,,,7.4725
5,16,1,,,,,,,,,6.165
5,16,1,,,,,,,,,5.4825
5,17,1,,,,,,,,,5.8025
5,17,1,,,,,,,,,5.2375
5,17,1,,,,,,,,,4.9725
5,17,1,,,,,,,,,5.3175
5,18,1,,,,,,,,,5.31
5,18,1,,,,,,,,,4.3675
5,18,1,,,,,,,,,4.2625
5,18,1,,,,,,,,,3.84
5,19,1,,,,,,,,,3.3675
5,19,1,,,,,,,,,2.225
5,19,1,,,,,,,,,2.395
5,19,1,,,,,,,,,1.93
5,20,1,,,,,,,,,1.3175
5,20,1,,,,,,,,,0.855
5,20,1,,,,,,,,,0.555
5,20,1,,,,,,,,,0.39
5,21,1,,,,,,,,,0.305
5,21,1,,,,,,,,,0.24
5,21,1,,,,,,,,,0.1725
5,21,1,,,,,,,,,0.0925
5,22,1,,,,,,,,,0.02
5,22,1,,,,,,,,,0.0
5,22,1,,,,,,,,,0.0
5,22,1,,,,,,,,,0.0
5,23,1,,,,,,,,,0.0
5,23,1,,,,,,,,,0.0
5,23,1,,,,,,,,,0.0
5,23,1,,,,,,,,,0.0
5,24,1,,,,,,,,,0.0
5,24,1,,,,,,,,,0.0
5,24,1,,,,,,,,,0.0
5,24,1,,,,,,,,,0.0
5,1,2,,,,,,,,,0.0
5,1,2,,,,,,,,,0.0
5,1,2,,,,,,,,,0.0
5,1,2,,,,,,,,,0.0
5,2,2,,,,,,,,,0.0
5,2,2,,,,,,,,,0.0
5,2,2,,,,,,,,,0.0
5,2,2,,,,,,,,,0.0
5,3,2,,,,,,,,,0.0
5,3,2,,,,,,,,,0.0
5,3,2,,,,,,,,,0.0
5,3,2,,,,,,,,,0.0
5,4,2,,,,,,,,,0.0
5,4,2,,,,,,,,,0.0
5,4,2,,,,,,,,,0.0
5,4,2,,,,,,,,,0.0
5,5,2,,,,,,,,,0.0
5,5,2,,,,,,,,,0.0
5,5,2,,,,,,,,,0.0
5,5,2,,,,,,,,,0.0
5,6,2,,,,,,,,,0.0
5,6,2,,,,,,,,,0.0
5,6,2,,,,,,,,,0.0
5,6,2,,,,,,,,,0.0
5,7,2,,,,,,,,,0.0
5,7,2,,,,,,,,,0.0
5,7,2,,,,,,,,,0.05
5,7,2,,,,,,,,,0.1525
5,8,2,,,,,,,,,0.225
5,8,2,,,,,,,,,0.33
5,8,2,,,,,,,,,0.5225
5,8,2,,,,,,,,,0.835
5,9,2,,,,,,,,,1.25
5,9,2,,,,,,,,,1.755
5,9,2,,,,,,,,,2.245
5,9,2,,,,,,,,,2.7875
5,10,2,,,,,,,,,3.335
5,10,2,,,,,,,,,3.8225
5,10,2,,,,,,,,,4.2875
5,10,2,,,,,,,,,4.7425
5,11,2,,,,,,,,,5.205
5,11,2,,,,,,,,,5.62
5,11,2,,,,,,,,,6.005
5,11,2,,,,,,,,,6.39
5,12,2,,,,,,,,,6.78
5,12,2,,,,,,,,,7.1
5,12,2,,,,,,,,,7.41
5,12,2,,,,,,,,,7.6
5,13,2,,,,,,,,,7.7475
5,13,2,,,,,,,,,7.825
5,13,2,,,,,,,,,7.875
5,13,2,,,,,,,,,7.9375
5,14,2,,,,,,,,,7.965
5,14,2,,,,,,,,,7.99
5,14,2,,,,,,,,,7.9875
5,14,2,,,,,,,,,8.005
5,15,2,,,,,,,,,7.97
5,15,2,,,,,,,,,7.96
5,15,2,,,,,,,,,7.9375
5,15,2,,,,,,,,,7.8875
5,16,2,,,,,,,,,7.8075
5,16,2,,,,,,,,,7.655
5,16,2,,,,,,,,,7.43
5,16,2,,,,,,,,,7.1775
5,17,2,,,,,,,,,6.845
5,17,2,,,,,,,,,6.5125
5,17,2,,,,,,,,,6.1375
5,17,2,,,,,,,,,5.7225
5,18,2,,,,,,,,,5.28
5,18,2,,,,,,,,,4.8175
5,18,2,,,,,,,,,4.345
5,18,2,,,,,,,,,3.8375
5,19,2,,,,,,,,,3.315
5,19,2,,,,,,,,,2.775
5,19,2,,,,,,,,,2.2225
5,19,2,,,,,,,,,1.6875
5,20,2,,,,,,,,,1.185
5,20,2,,,,,,,,,0.77
5,20,2,,,,,,,,,0.4875
5,20,2,,,,,,,,,0.345
5,21,2,,,,,,,,,0.2775
5,21,2,,,,,,,,,0.2275
5,21,2,,,,,,,,,0.165
5,21,2,,,,,,,,,0.09
5,22,2,,,,,,,,,0.02
5,22,2,,,,,,,,,0.0
5,22,2,,,,,,,,,0.0
5,22,2,,,,,,,,,0.0
5,23,2,,,,,,,,,0.0
5,23,2,,,,,,,,,0.0
5,23,2,,,,,,,,,0.0
5,23,2,,,,,,,,,0.0
5,24,2,,,,,,,,,0.0
5,24,2,,,,,,,,,0.0
5,24,2,,,,,,,,,0.0
5,24,2,,,,,,,,,0.0
5,1,3,,,,,,,,,0.0
5,1,3,,,,,,,,,0.0
5,1,3,,,,,,,,,0.0
5,1,3,,,,,,,,,0.0
5,2,3,,,,,,,,,0.0
5,2,3,,,,,,,,,0.0
5,2,3,,,,,,,,,0.0
5,2,3,,,,,,,,,0.0
5,3,3,,,,,,,,,0.0
5,3,3,,,,,,,,,0.0
5,3,3,,,,,,,,,0.0
5,3,3,,,,,,,,,0.0
5,4,3,,,,,,,,,0.0
5,4,3,,,,,,,,,0.0
5,4,3,,,,,,,,,0.0
5,4,3,,,,,,,,,0.0
5,5,3,,,,,,,,,0.0
5,5,3,,,,,,,,,0.0
5,5,3,,,,,,,,,0.0
5,5,3,,,,,,,,,0.0
5,6,3,,,,,,,,,0.0
5,6,3,,,,,,,,,0.0
5,6,3,,,,,,,,,0.0
5,6,3,,,,,,,,,0.0
5,7,3,,,,,,,,,0.0
5,7,3,,,,,,,,,0.0
5,7,3,,,,,,,,,0.075
5,7,3,,,,,,,,,0.1775
5,8,3,,,,,,,,,0.26
5,8,3,,,,,,,,,0.365
5,8,3,,,,,,,,,0.5525
5,8,3,,,,,,,,,0.82
5,9,3,,,,,,,,,1.1875
5,9,3,,,,,,,,,1.66
5,9,3,,,,,,,,,2.08
5,9,3,,,,,,,,,2.62
5,10,3,,,,,,,,,3.115
5,10,3,,,,,,,,,3.6025
5,10,3,,,,,,,,,3.9675
5,10,3,,,,,,,,,4.45
5,11,3,,,,,,,,,4.9175
5,11,3,,,,,,,,,5.3425
5,11,3,,,,,,,,,5.75
5,11,3,,,,,,,,,6.1175
5,12,3,,,,,,,,,6.465
5,12,3,,,,,,,,,6.765
5,12,3,,,,,,,,,7.0825
5,12,3,,,,,,,,,7.2725
5,13,3,,,,,,,,,7.5025
5,13,3,,,,,,,,,7.725
5,13,3,,,,,,,,,7.7875
5,13,3,,,,,,,,,7.855
5,14,3,,,,,,,,,7.895
5,14,3,,,,,,,,,7.91
5,14,3,,,,,,,,,7.9025
5,14,3,,,,,,,,,7.8425
5,15,3,,,,,,,,,7.885
5,15,3,,,,,,,,,7.855
5,15,3,,,,,,,,,7.815
5,15,3,,,,,,,,,7.7425
5,16,3,,,,,,,,,7.5525
5,16,3,,,,,,,,,7.2575
5,16,3,,,,,,,,,6.995
5,16,3,,,,,,,,,6.72
5,17,3,,,,,,,,,6.4275
5,17,3,,,,,,,,,6.08
5,17,3,,,,,,,,,5.73
5,17,3,,,,,,,,,5.4
5,18,3,,,,,,,,,5.015
5,18,3,,,,,,,,,4.5975
5,18,3,,,,,,,,,4.15
5,18,3,,,,,,,,,3.705
5,19,3,,,,,,,,,3.2
5,19,3,,,,,,,,,2.6875
5,19,3,,,,,,,,,2.175
5,19,3,,,,,,,,,1.67
5,20,3,,,,,,,,,1.2025
5,20,3,,,,,,,,,0.8075
5,20,3,,,,,,,,,0.525
5,20,3,,,,,,,,,0.375
5,21,3,,,,,,,,,0.3
5,21,3,,,,,,,,,0.245
5,21,3,,,,,,,,,0.175
5,21,3,,,,,,,,,0.0975
5,22,3,,,,,,,,,0.0225
5,22,3,,,,,,,,,0.0
5,22,3,,,,,,,,,0.0
5,22,3,,,,,,,,,0.0
5,23,3,,,,,,,,,0.0
5,23,3,,,,,,,,,0.0
5,23,3,,,,,,,,,0.0
5,23,3,,,,,,,,,0.0
5,24,3,,,,,,,,,0.0
5,24,3,,,,,,,,,0.0
5,24,3,,,,,,,,,0.0
5,24,3,,,,,,,,,0.0
5,1,4,,,,,,,,,0.0
5,1,4,,,,,,,,,0.0
5,1,4,,,,,,,,,0.0
5,1,4,,,,,,,,,0.0
5,2,4,,,,,,,,,0.0
5,2,4,,,,,,,,,0.0
5,2,4,,,,,,,,,0.0
5,2,4,,,,,,,,,0.0
5,3,4,,,,,,,,,0.0
5,3,4,,,,,,,,,0.0
5,3,4,,,,,,,,,0.0
5,3,4,,,,,,,,,0.0
5,4,4,,,,,,,,,0.0
5,4,4,,,,,,,,,0.0
5,4,4,,,,,,,,,0.0
5,4,4,,,,,,,,,0.0
5,5,4,,,,,,,,,0.0
5,5,4,,,,,,,,,0.0
5,5,4,,,,,,,,,0.0
5,5,4,,,,,,,,,0.0
5,6,4,,,,,,,,,0.0
5,6,4,,,,,,,,,0.0
5,6,4,,,,,,,,,0.0
5,6,4,,,,,,,,,0.0
5,7,4,,,,,,,,,0.0
5,7,4,,,,,,,,,0.0
5,7,4,,,,,,,,,0.0725
5,7,4,,,,,,,,,0.1775
5,8,4,,,,,,,,,0.2675
5,8,4,,,,,,,,,0.37
5,8,4,,,,,,,,,0.535
5,8,4,,,,,,,,,0.8075
5,9,4,,,,,,,,,1.18
5,9,4,,,,,,,,,1.6325
5,9,4,,,,,,,,,2.095
5,9,4,,,,,,,,,2.58
5,10,4,,,,,,,,,3.07
5,10,4,,,,,,,,,3.55
5,10,4,,,,,,,,,3.995
5,10,4,,,,,,,,,4.41
5,11,4,,,,,,,,,4.8175
5,11,4,,,,,,,,,5.175
5,11,4,,,,,,,,,5.5775
5,11,4,,,,,,,,,5.95
5,12,4,,,,,,,,,6.2775
5,12,4,,,,,,,,,6.56
5,12,4,,,,,,,,,6.78
5,12,4,,,,,,,,,6.98
5,13,4,,,,,,,,,7.1425
5,13,4,,,,,,,,,7.3075
5,13,4,,,,,,,,,7.54
5,13,4,,,,,,,,,7.6625
5,14,4,,,,,,,,,7.735
5,14,4,,,,,,,,,7.7625
5,14,4,,,,,,,,,7.785
5,14,4,,,,,,,,,7.8
5,15,4,,,,,,,,,7.7625
5,15,4,,,,,,,,,7.7625
5,15,4,,,,,,,,,7.645
5,15,4,,,,,,,,,7.555
5,16,4,,,,,,,,,7.4075
5,16,4,,,,,,,,,7.2375
5,16,4,,,,,,,,,6.965
5,16,4,,,,,,,,,6.655
5,17,4,,,,,,,,,6.3725
5,17,4,,,,,,,,,6.0475
5,17,4,,,,,,,,,5.66
5,17,4,,,,,,,,,5.295
5,18,4,,,,,,,,,4.905
5,18,4,,,,,,,,,4.48
5,18,4,,,,,,,,,4.0175
5,18,4,,,,,,,,,3.575
5,19,4,,,,,,,,,3.1175
5,19,4,,,,,,,,,2.67
5,19,4,,,,,,,,,2.195
5,19,4,,,,,,,,,1.7925
5,20,4,,,,,,,,,1.305
5,20,4,,,,,,,,,0.9725
5,20,4,,,,,,,,,0.6875
5,20,4,,,,,,,,,0.535
5,21,4,,,,,,,,,0.425
5,21,4,,,,,,,,,0.32
5,21,4,,,,,,,,,0.22
5,21,4,,,,,,,,,0.1225
5,22,4,,,,,,,,,0.0225
5,22,4,,,,,,,,,0.0
5,22,4,,,,,,,,,0.0
5,22,4,,,,,,,,,0.0
5,23,4,,,,,,,,,0.0
5,23,4,,,,,,,,,0.0
5,23,4,,,,,,,,,0.0
5,23,4,,,,,,,,,0.0
5,24,4,,,,,,,,,0.0
5,24,4,,,,,,,,,0.0
5,24,4,,,,,,,,,0.0
5,24,4,,,,,,,,,0.0
5,1,5,,,,,,,,,0.0
5,1,5,,,,,,,,,0.0
5,1,5,,,,,,,,,0.0
5,1,5,,,,,,,,,0.0
5,2,5,,,,,,,,,0.0
5,2,5,,,,,,,,,0.0
5,2,5,,,,,,,,,0.0
5,2,5,,,,,,,,,0.0
5,3,5,,,,,,,,,0.0
5,3,5,,,,,,,,,0.0
5,3,5,,,,,,,,,0.0
5,3,5,,,,,,,,,0.0
5,4,5,,,,,,,,,0.0
5,4,5,,,,,,,,,0.0
5,4,5,,,,,,,,,0.0
5,4,5,,,,,,,,,0.0
5,5,5,,,,,,,,,0.0
5,5,5,,,,,,,,,0.0
5,5,5,,,,,,,,,0.0
5,5,5,,,,,,,,,0.0
5,6,5,,,,,,,,,0.0
5,6,5,,,,,,,,,0.0
5,6,5,,,,,,,,,0.0
5,6,5,,,,,,,,,0.0
5,7,5,,,,,,,,,0.0
5,7,5,,,,,,,,,0.0
5,7,5,,,,,,,,,0.0
5,7,5,,,,,,,,,0.055
5,8,5,,,,,,,,,0.135
5,8,5,,,,,,,,,0.21
5,8,5,,,,,,,,,0.3275
5,8,5,,,,,,,,,0.415
5,9,5,,,,,,,,,0.4675
5,9,5,,,,,,,,,0.5275
5,9,5,,,,,,,,,0.5725
5,9,5,,,,,,,,,0.755
5,10,5,,,,,,,,,0.88
5,10,5,,,,,,,,,0.9775
5,10,5,,,,,,,,,1.02
5,10,5,,,,,,,,,1.2425
5,11,5,,,,,,,,,1.4325
5,11,5,,,,,,,,,1.485
5,11,5,,,,,,,,,1.77
5,11,5,,,,,,,,,1.865
5,12,5,,,,,,,,,2.5925
5,12,5,,,,,,,,,2.26
5,12,5,,,,,,,,,2.835
5,12,5,,,,,,,,,3.0525
5,13,5,,,,,,,,,3.04
5,13,5,,,,,,,,,3.885
5,13,5,,,,,,,,,5.01
5,13,5,,,,,,,,,5.8525
5,14,5,,,,,,,,,6.175
5,14,5,,,,,,,,,5.3725
5,14,5,,,,,,,,,5.795
5,14,5,,,,,,,,,4.415
5,15,5,,,,,,,,,3.1775
5,15,5,,,,,,,,,3.2575
5,15,5,,,,,,,,,3.405
5,15,5,,,,,,,,,3.2725
5,16,5,,,,,,,,,3.3375
5,16,5,,,,,,,,,3.4225
5,16,5,,,,,,,,,3.2825
5,16,5,,,,,,,,,3.5125
5,17,5,,,,,,,,,3.435
5,17,5,,,,,,,,,3.035
5,17,5,,,,,,,,,3.005
5,17,5,,,,,,,,,3.09
5,18,5,,,,,,,,,2.5925
5,18,5,,,,,,,,,2.23
5,18,5,,,,,,,,,2.175
5,18,5,,,,,,,,,2.695
5,19,5,,,,,,,,,2.5925
5,19,5,,,,,,,,,2.1025
5,19,5,,,,,,,,,1.71
5,19,5,,,,,,,,,1.64
5,20,5,,,,,,,,,1.175
5,20,5,,,,,,,,,0.985
5,20,5,,,,,,,,,0.875
5,20,5,,,,,,,,,0.5425
5,21,5,,,,,,,,,0.39
5,21,5,,,,,,,,,0.2275
5,21,5,,,,,,,,,0.1425
5,21,5,,,,,,,,,0.06
5,22,5,,,,,,,,,0.005
5,22,5,,,,,,,,,0.0
5,22,5,,,,,,,,,0.0
5,22,5,,,,,,,,,0.0
5,23,5,,,,,,,,,0.0
5,23,5,,,,,,,,,0.0
5,23,5,,,,,,,,,0.0
5,23,5,,,,,,,,,0.0
5,24,5,,,,,,,,,0.0
5,24,5,,,,,,,,,0.0
5,24,5,,,,,,,,,0.0
5,24,5,,,,,,,,,0.0
5,1,6,,,,,,,,,0.0
5,1,6,,,,,,,,,0.0
5,1,6,,,,,,,,,0.0
5,1,6,,,,,,,,,0.0
5,2,6,,,,,,,,,0.0
5,2,6,,,,,,,,,0.0
5,2,6,,,,,,,,,0.0
5,2,6,,,,,,,,,0.0
5,3,6,,,,,,,,,0.0
5,3,6,,,,,,,,,0.0
5,3,6,,,,,,,,,0.0
5,3,6,,,,,,,,,0.0
5,4,6,,,,,,,,,0.0
5,4,6,,,,,,,,,0.0
5,4,6,,,,,,,,,0.0
5,4,6,,,,,,,,,0.0
5,5,6,,,,,,,,,0.0
5,5,6,,,,,,,,,0.0
5,5,6,,,,,,,,,0.0
5,5,6,,,,,,,,,0.0
5,6,6,,,,,,,,,0.0
5,6,6,,,,,,,,,0.0
5,6,6,,,,,,,,,0.0
5,6,6,,,,,,,,,0.0
5,7,6,,,,,,,,,0.0
5,7,6,,,,,,,,,0.0
5,7,6,,,,,,,,,0.0575
5,7,6,,,,,,,,,0.135
5,8,6,,,,,,,,,0.235
5,8,6,,,,,,,,,0.395
5,8,6,,,,,,,,,0.6325
5,8,6,,,,,,,,,0.9025
5,9,6,,,,,,,,,1.0725
5,9,6,,,,,,,,,1.7925
5,9,6,,,,,,,,,1.9825
5,9,6,,,,,,,,,2.56
5,10,6,,,,,,,,,2.905
5,10,6,,,,,,,,,3.48
5,10,6,,,,,,,,,3.9525
5,10,6,,,,,,,,,4.345
5,11,6,,,,,,,,,4.5375
5,11,6,,,,,,,,,5.1925
5,11,6,,,,,,,,,5.585
5,11,6,,,,,,,,,5.9775
5,12,6,,,,,,,,,6.3325
5,12,6,,,,,,,,,6.6725
5,12,6,,,,,,,,,6.785
5,12,6,,,,,,,,,7.205
5,13,6,,,,,,,,,7.47
5,13,6,,,,,,,,,7.66
5,13,6,,,,,,,,,7.775
5,13,6,,,,,,,,,7.8275
5,14,6,,,,,,,,,7.845
5,14,6,,,,,,,,,7.7875
5,14,6,,,,,,,,,7.8
5,14,6,,,,,,,,,7.4175
5,15,6,,,,,,,,,7.8525
5,15,6,,,,,,,,,7.12
5,15,6,,,,,,,,,7.755
5,15,6,,,,,,,,,7.5175
5,16,6,,,,,,,,,7.35
5,16,6,,,,,,,,,6.79
5,16,6,,,,,,,,,5.495
5,16,6,,,,,,,,,4.0425
5,17,6,,,,,,,,,6.4925
5,17,6,,,,,,,,,4.4725
5,17,6,,,,,,,,,3.98
5,17,6,,,,,,,,,5.24
5,18,6,,,,,,,,,3.8875
5,18,6,,,,,,,,,3.1975
5,18,6,,,,,,,,,3.64
5,18,6,,,,,,,,,3.065
5,19,6,,,,,,,,,3.6425
5,19,6,,,,,,,,,2.2375
5,19,6,,,,,,,,,1.7575
5,19,6,,,,,,,,,1.305
5,20,6,,,,,,,,,1.2125
5,20,6,,,,,,,,,1.095
5,20,6,,,,,,,,,0.795
5,20,6,,,,,,,,,0.655
5,21,6,,,,,,,,,0.505
5,21,6,,,,,,,,,0.37
5,21,6,,,,,,,,,0.2075
5,21,6,,,,,,,,,0.075
5,22,6,,,,,,,,,0.01
5,22,6,,,,,,,,,0.0
5,22,6,,,,,,,,,0.0
5,22,6,,,,,,,,,0.0
5,23,6,,,,,,,,,0.0
5,23,6,,,,,,,,,0.0
5,23,6,,,,,,,,,0.0
5,23,6,,,,,,,,,0.0
5,24,6,,,,,,,,,0.0
5,24,6,,,,,,,,,0.0
5,24,6,,,,,,,,,0.0
5,24,6,,,,,,,,,0.0
6,1,7,,,,,,,,,0.0
6,1,7,,,,,,,,,0.0
6,1,7,,,,,,,,,0.0
6,1,7,,,,,,,,,0.0
6,2,7,,,,,,,,,0.0
6,2,7,,,,,,,,,0.0
6,2,7,,,,,,,,,0.0
6,2,7,,,,,,,,,0.0
6,3,7,,,,,,,,,0.0
6,3,7,,,,,,,,,0.0
6,3,7,,,,,,,,,0.0
6,3,7,,,,,,,,,0.0
6,4,7,,,,,,,,,0.0
6,4,7,,,,,,,,,0.0
6,4,7,,,,,,,,,0.0
6,4,7,,,,,,,,,0.0
6,5,7,,,,,,,,,0.0
6,5,7,,,,,,,,,0.0
6,5,7,,,,,,,,,0.0
6,5,7,,,,,,,,,0.0
6,6,7,,,,,,,,,0.0
6,6,7,,,,,,,,,0.0
6,6,7,,,,,,,,,0.0
6,6,7,,,,,,,,,0.0
6,7,7,,,,,,,,,0.0
6,7,7,,,,,,,,,0.0
6,7,7,,,,,,,,,0.0775
6,7,7,,,,,,,,,0.1775
6,8,7,,,,,,,,,0.37
6,8,7,,,,,,,,,0.4975
6,8,7,,,,,,,,,0.505
6,8,7,,,,,,,,,0.83
6,9,7,,,,,,,,,1.515
6,9,7,,,,,,,,,1.515
6,9,7,,,,,,,,,1.3425
6,9,7,,,,,,,,,1.475
6,10,7,,,,,,,,,1.73
6,10,7,,,,,,,,,1.99
6,10,7,,,,,,,,,2.4525
6,10,7,,,,,,,,,2.2925
6,11,7,,,,,,,,,2.4275
6,11,7,,,,,,,,,2.6375
6,11,7,,,,,,,,,2.9525
6,11,7,,,,,,,,,2.63
6,12,7,,,,,,,,,2.435
6,12,7,,,,,,,,,2.8825
6,12,7,,,,,,,,,4.085
6,12,7,,,,,,,,,4.0125
6,13,7,,,,,,,,,3.565
6,13,7,,,,,,,,,4.3125
6,13,7,,,,,,,,,4.515
6,13,7,,,,,,,,,5.0975
6,14,7,,,,,,,,,6.1775
6,14,7,,,,,,,,,4.91
6,14,7,,,,,,,,,7.215
6,14,7,,,,,,,,,6.185
6,15,7,,,,,,,,,7.1575
6,15,7,,,,,,,,,4.7075
6,15,7,,,,,,,,,5.4025
6,15,7,,,,,,,,,5.6425
6,16,7,,,,,,,,,4.1425
6,16,7,,,,,,,,,5.08
6,16,7,,,,,,,,,6.7775
6,16,7,,,,,,,,,6.9525
6,17,7,,,,,,,,,6.1725
6,17,7,,,,,,,,,5.4425
6,17,7,,,,,,,,,5.11
6,17,7,,,,,,,,,5.6125
6,18,7,,,,,,,,,5.0575
6,18,7,,,,,,,,,4.655
6,18,7,,,,,,,,,4.1625
6,18,7,,,,,,,,,3.5725
6,19,7,,,,,,,,,3.035
6,19,7,,,,,,,,,2.6725
6,19,7,,,,,,,,,2.28
6,19,7,,,,,,,,,1.755
6,20,7,,,,,,,,,1.28
6,20,7,,,,,,,,,0.9175
6,20,7,,,,,,,,,0.68
6,20,7,,,,,,,,,0.535
6,21,7,,,,,,,,,0.4125
6,21,7,,,,,,,,,0.305
6,21,7,,,,,,,,,0.2175
6,21,7,,,,,,,,,0.11
6,22,7,,,,,,,,,0.0275
6,22,7,,,,,,,,,0.0
6,22,7,,,,,,,,,0.0
6,22,7,,,,,,,,,0.0
6,23,7,,,,,,,,,0.0
6,23,7,,,,,,,,,0.0
6,23,7,,,,,,,,,0.0
6,23,7,,,,,,,,,0.0
6,24,7,,,,,,,,,0.0
6,24,7,,,,,,,,,0.0
6,24,7,,,,,,,,,0.0
6,24,7,,,,,,,,,0.0
6,1,1,,,,,,,,,0.0
6,1,1,,,,,,,,,0.0
6,1,1,,,,,,,,,0.0
6,1,1,,,,,,,,,0.0
6,2,1,,,,,,,,,0.0
6,2,1,,,,,,,,,0.0
6,2,1,,,,,,,,,0.0
6,2,1,,,,,,,,,0.0
6,3,1,,,,,,,,,0.0
6,3,1,,,,,,,,,0.0
6,3,1,,,,,,,,,0.0
6,3,1,,,,,,,,,0.0
6,4,1,,,,,,,,,0.0
6,4,1,,,,,,,,,0.0
6,4,1,,,,,,,,,0.0
6,4,1,,,,,,,,,0.0
6,5,1,,,,,,,,,0.0
6,5,1,,,,,,,,,0.0
6,5,1,,,,,,,,,0.0
6,5,1,,,,,,,,,0.0
6,6,1,,,,,,,,,0.0
6,6,1,,,,,,,,,0.0
6,6,1,,,,,,,,,0.0
6,6,1,,,,,,,,,0.0
6,7,1,,,,,,,,,0.0
6,7,1,,,,,,,,,0.0
6,7,1,,,,,,,,,0.05
6,7,1,,,,,,,,,0.19
6,8,1,,,,,,,,,0.315
6,8,1,,,,,,,,,0.4325
6,8,1,,,,,,,,,0.605
6,8,1,,,,,,,,,0.865
6,9,1,,,,,,,,,1.19
6,9,1,,,,,,,,,1.555
6,9,1,,,,,,,,,1.9975
6,9,1,,,,,,,,,2.445
6,10,1,,,,,,,,,3.055
6,10,1,,,,,,,,,3.615
6,10,1,,,,,,,,,4.085
6,10,1,,,,,,,,,4.4625
6,11,1,,,,,,,,,4.9225
6,11,1,,,,,,,,,5.31
6,11,1,,,,,,,,,5.695
6,11,1,,,,,,,,,6.0775
6,12,1,,,,,,,,,6.475
6,12,1,,,,,,,,,6.8075
6,12,1,,,,,,,,,7.04
6,12,1,,,,,,,,,7.21
6,13,1,,,,,,,,,7.49
6,13,1,,,,,,,,,7.57
6,13,1,,,,,,,,,7.7725
6,13,1,,,,,,,,,7.5025
6,14,1,,,,,,,,,7.2575
6,14,1,,,,,,,,,7.0975
6,14,1,,,,,,,,,7.385
6,14,1,,,,,,,,,7.555
6,15,1,,,,,,,,,7.55
6,15,1,,,,,,,,,7.5
6,15,1,,,,,,,,,7.0675
6,15,1,,,,,,,,,7.2075
6,16,1,,,,,,,,,6.7825
6,16,1,,,,,,,,,6.455
6,16,1,,,,,,,,,6.7825
6,16,1,,,,,,,,,5.295
6,17,1,,,,,,,,,4.265
6,17,1,,,,,,,,,3.315
6,17,1,,,,,,,,,3.0475
6,17,1,,,,,,,,,4.67
6,18,1,,,,,,,,,4.2225
6,18,1,,,,,,,,,3.995
6,18,1,,,,,,,,,3.14
6,18,1,,,,,,,,,2.4225
6,19,1,,,,,,,,,2.505
6,19,1,,,,,,,,,2.3625
6,19,1,,,,,,,,,2.6425
6,19,1,,,,,,,,,1.8625
6,20,1,,,,,,,,,1.2725
6,20,1,,,,,,,,,1.145
6,20,1,,,,,,,,,0.9425
6,20,1,,,,,,,,,0.845
6,21,1,,,,,,,,,0.5775
6,21,1,,,,,,,,,0.3425
6,21,1,,,,,,,,,0.2175
6,21,1,,,,,,,,,0.17
6,22,1,,,,,,,,,0.0425
6,22,1,,,,,,,,,0.0
6,22,1,,,,,,,,,0.0
6,22,1,,,,,,,,,0.0
6,23,1,,,,,,,,,0.0
6,23,1,,,,,,,,,0.0
6,23,1,,,,,,,,,0.0
6,23,1,,,,,,,,,0.0
6,24,1,,,,,,,,,0.0
6,24,1,,,,,,,,,0.0
6,24,1,,,,,,,,,0.0
6,24,1,,,,,,,,,0.0
6,1,2,,,,,,,,,0.0
6,1,2,,,,,,,,,0.0
6,1,2,,,,,,,,,0.0
6,1,2,,,,,,,,,0.0
6,2,2,,,,,,,,,0.0
6,2,2,,,,,,,,,0.0
6,2,2,,,,,,,,,0.0
6,2,2,,,,,,,,,0.0
6,3,2,,,,,,,,,0.0
6,3,2,,,,,,,,,0.0
6,3,2,,,,,,,,,0.0
6,3,2,,,,,,,,,0.0
6,4,2,,,,,,,,,0.0
6,4,2,,,,,,,,,0.0
6,4,2,,,,,,,,,0.0
6,4,2,,,,,,,,,0.0
6,5,2,,,,,,,,,0.0
6,5,2,,,,,,,,,0.0
6,5,2,,,,,,,,,0.0
6,5,2,,,,,,,,,0.0
6,6,2,,,,,,,,,0.0
6,6,2,,,,,,,,,0.0
6,6,2,,,,,,,,,0.0
6,6,2,,,,,,,,,0.0
6,7,2,,,,,,,,,0.0
6,7,2,,,,,,,,,0.0
6,7,2,,,,,,,,,0.0825
6,7,2,,,,,,,,,0.23
6,8,2,,,,,,,,,0.375
6,8,2,,,,,,,,,0.5175
6,8,2,,,,,,,,,0.685
6,8,2,,,,,,,,,0.9675
6,9,2,,,,,,,,,1.435
6,9,2,,,,,,,,,1.6975
6,9,2,,,,,,,,,1.97
6,9,2,,,,,,,,,2.36
6,10,2,,,,,,,,,2.9125
6,10,2,,,,,,,,,3.4275
6,10,2,,,,,,,,,4.0
6,10,2,,,,,,,,,4.505
6,11,2,,,,,,,,,4.9
6,11,2,,,,,,,,,5.3275
6,11,2,,,,,,,,,5.745
6,11,2,,,,,,,,,6.0725
6,12,2,,,,,,,,,6.235
6,12,2,,,,,,,,,6.47
6,12,2,,,,,,,,,6.5575
6,12,2,,,,,,,,,6.7125
6,13,2,,,,,,,,,6.8675
6,13,2,,,,,,,,,6.975
6,13,2,,,,,,,,,7.045
6,13,2,,,,,,,,,7.17
6,14,2,,,,,,,,,7.145
6,14,2,,,,,,,,,7.0475
6,14,2,,,,,,,,,7.075
6,14,2,,,,,,,,,7.0675
6,15,2,,,,,,,,,7.0625
6,15,2,,,,,,,,,7.01
6,15,2,,,,,,,,,6.9425
6,15,2,,,,,,,,,6.89
6,16,2,,,,,,,,,6.895
6,16,2,,,,,,,,,6.925
6,16,2,,,,,,,,,6.76
6,16,2,,,,,,,,,6.33
6,17,2,,,,,,,,,5.865
6,17,2,,,,,,,,,5.4425
6,17,2,,,,,,,,,5.29
6,17,2,,,,,,,,,5.205
6,18,2,,,,,,,,,4.865
6,18,2,,,,,,,,,4.35
6,18,2,,,,,,,,,3.79
6,18,2,,,,,,,,,2.855
6,19,2,,,,,,,,,2.37
6,19,2,,,,,,,,,2.58
6,19,2,,,,,,,,,2.2425
6,19,2,,,,,,,,,1.76
6,20,2,,,,,,,,,1.3825
6,20,2,,,,,,,,,0.9575
6,20,2,,,,,,,,,0.665
6,20,2,,,,,,,,,0.5375
6,21,2,,,,,,,,,0.4675
6,21,2,,,,,,,,,0.435
6,21,2,,,,,,,,,0.3025
6,21,2,,,,,,,,,0.1325
6,22,2,,,,,,,,,0.03
6,22,2,,,,,,,,,0.0
6,22,2,,,,,,,,,0.0
6,22,2,,,,,,,,,0.0
6,23,2,,,,,,,,,0.0
6,23,2,,,,,,,,,0.0
6,23,2,,,,,,,,,0.0
6,23,2,,,,,,,,,0.0
6,24,2,,,,,,,,,0.0
6,24,2,,,,,,,,,0.0
6,24,2,,,,,,,,,0.0
6,24,2,,,,,,,,,0.0
6,1,3,,,,,,,,,0.0
6,1,3,,,,,,,,,0.0
6,1,3,,,,,,,,,0.0
6,1,3,,,,,,,,,0.0
6,2,3,,,,,,,,,0.0
6,2,3,,,,,,,,,0.0
6,2,3,,,,,,,,,0.0
6,2,3,,,,,,,,,0.0
6,3,3,,,,,,,,,0.0
6,3,3,,,,,,,,,0.0
6,3,3,,,,,,,,,0.0
6,3,3,,,,,,,,,0.0
6,4,3,,,,,,,,,0.0
6,4,3,,,,,,,,,0.0
6,4,3,,,,,,,,,0.0
6,4,3,,,,,,,,,0.0
6,5,3,,,,,,,,,0.0
6,5,3,,,,,,,,,0.0
6,5,3,,,,,,,,,0.0
6,5,3,,,,,,,,,0.0
6,6,3,,,,,,,,,0.0
6,6,3,,,,,,,,,0.0
6,6,3,,,,,,,,,0.0
6,6,3,,,,,,,,,0.0
6,7,3,,,,,,,,,0.0
6,7,3,,,,,,,,,0.0
6,7,3,,,,,,,,,0.0
6,7,3,,,,,,,,,0.0
6,8,3,,,,,,,,,0.02
6,8,3,,,,,,,,,0.0275
6,8,3,,,,,,,,,0.0325
6,8,3,,,,,,,,,0.1075
6,9,3,,,,,,,,,0.2325
6,9,3,,,,,,,,,0.415
6,9,3,,,,,,,,,0.495
6,9,3,,,,,,,,,0.485
6,10,3,,,,,,,,,0.725
6,10,3,,,,,,,,,2.15
6,10,3,,,,,,,,,3.1825
6,10,3,,,,,,,,,4.1075
6,11,3,,,,,,,,,4.1275
6,11,3,,,,,,,,,4.2825
6,11,3,,,,,,,,,4.6775
6,11,3,,,,,,,,,4.96
6,12,3,,,,,,,,,5.4625
6,12,3,,,,,,,,,5.57
6,12,3,,,,,,,,,6.6625
6,12,3,,,,,,,,,6.8225
6,13,3,,,,,,,,,6.9975
6,13,3,,,,,,,,,7.1325
6,13,3,,,,,,,,,7.04
6,13,3,,,,,,,,,7.58
6,14,3,,,,,,,,,7.84
6,14,3,,,,,,,,,6.9625
6,14,3,,,,,,,,,7.7425
6,14,3,,,,,,,,,7.8375
6,15,3,,,,,,,,,7.7475
6,15,3,,,,,,,,,7.62
6,15,3,,,,,,,,,7.5725
6,15,3,,,,,,,,,7.53
6,16,3,,,,,,,,,7.285
6,16,3,,,,,,,,,6.83
6,16,3,,,,,,,,,6.66
6,16,3,,,,,,,,,6.3725
6,17,3,,,,,,,,,6.16
6,17,3,,,,,,,,,5.8125
6,17,3,,,,,,,,,4.88
6,17,3,,,,,,,,,4.96
6,18,3,,,,,,,,,4.645
6,18,3,,,,,,,,,4.4375
6,18,3,,,,,,,,,3.845
6,18,3,,,,,,,,,3.28
6,19,3,,,,,,,,,2.995
6,19,3,,,,,,,,,2.5825
6,19,3,,,,,,,,,2.37
6,19,3,,,,,,,,,1.775
6,20,3,,,,,,,,,1.475
6,20,3,,,,,,,,,1.005
6,20,3,,,,,,,,,0.7375
6,20,3,,,,,,,,,0.5375
6,21,3,,,,,,,,,0.42
6,21,3,,,,,,,,,0.2575
6,21,3,,,,,,,,,0.24
6,21,3,,,,,,,,,0.1575
6,22,3,,,,,,,,,0.05
6,22,3,,,,,,,,,0.0
6,22,3,,,,,,,,,0.0
6,22,3,,,,,,,,,0.0
6,23,3,,,,,,,,,0.0
6,23,3,,,,,,,,,0.0
6,23,3,,,,,,,,,0.0
6,23,3,,,,,,,,,0.0
6,24,3,,,,,,,,,0.0
6,24,3,,,,,,,,,0.0
6,24,3,,,,,,,,,0.0
6,24,3,,,,,,,,,0.0
6,1,4,,,,,,,,,0.0
6,1,4,,,,,,,,,0.0
6,1,4,,,,,,,,,0.0
6,1,4,,,,,,,,,0.0
6,2,4,,,,,,,,,0.0
6,2,4,,,,,,,,,0.0
6,2,4,,,,,,,,,0.0
6,2,4,,,,,,,,,0.0
6,3,4,,,,,,,,,0.0
6,3,4,,,,,,,,,0.0
6,3,4,,,,,,,,,0.0
6,3,4,,,,,,,,,0.0
6,4,4,,,,,,,,,0.0
6,4,4,,,,,,,,,0.0
6,4,4,,,,,,,,,0.0
6,4,4,,,,,,,,,0.0
6,5,4,,,,,,,,,0.0
6,5,4,,,,,,,,,0.0
6,5,4,,,,,,,,,0.0
6,5,4,,,,,,,,,0.0
6,6,4,,,,,,,,,0.0
6,6,4,,,,,,,,,0.0
6,6,4,,,,,,,,,0.0
6,6,4,,,,,,,,,0.0
6,7,4,,,,,,,,,0.0
6,7,4,,,,,,,,,0.0
6,7,4,,,,,,,,,0.0
6,7,4,,,,,,,,,0.0
6,8,4,,,,,,,,,0.005
6,8,4,,,,,,,,,0.045
6,8,4,,,,,,,,,0.065
6,8,4,,,,,,,,,0.1075
6,9,4,,,,,,,,,0.1575
6,9,4,,,,,,,,,0.2075
6,9,4,,,,,,,,,0.275
6,9,4,,,,,,,,,0.405
6,10,4,,,,,,,,,0.42
6,10,4,,,,,,,,,1.6
6,10,4,,,,,,,,,1.715
6,10,4,,,,,,,,,1.6275
6,11,4,,,,,,,,,2.485
6,11,4,,,,,,,,,3.8475
6,11,4,,,,,,,,,2.5675
6,11,4,,,,,,,,,2.845
6,12,4,,,,,,,,,2.8475
6,12,4,,,,,,,,,3.615
6,12,4,,,,,,,,,3.8525
6,12,4,,,,,,,,,4.34
6,13,4,,,,,,,,,5.695
6,13,4,,,,,,,,,3.655
6,13,4,,,,,,,,,4.49
6,13,4,,,,,,,,,5.36
6,14,4,,,,,,,,,3.25
6,14,4,,,,,,,,,4.9175
6,14,4,,,,,,,,,5.6525
6,14,4,,,,,,,,,3.075
6,15,4,,,,,,,,,5.155
6,15,4,,,,,,,,,5.145
6,15,4,,,,,,,,,6.5775
6,15,4,,,,,,,,,5.7875
6,16,4,,,,,,,,,5.005
6,16,4,,,,,,,,,6.4625
6,16,4,,,,,,,,,5.605
6,16,4,,,,,,,,,5.855
6,17,4,,,,,,,,,5.6075
6,17,4,,,,,,,,,5.445
6,17,4,,,,,,,,,4.24
6,17,4,,,,,,,,,3.7125
6,18,4,,,,,,,,,3.9225
6,18,4,,,,,,,,,3.355
6,18,4,,,,,,,,,2.685
6,18,4,,,,,,,,,2.63
6,19,4,,,,,,,,,1.87
6,19,4,,,,,,,,,1.825
6,19,4,,,,,,,,,1.465
6,19,4,,,,,,,,,1.47
6,20,4,,,,,,,,,1.735
6,20,4,,,,,,,,,1.125
6,20,4,,,,,,,,,0.55
6,20,4,,,,,,,,,0.375
6,21,4,,,,,,,,,0.3
6,21,4,,,,,,,,,0.22
6,21,4,,,,,,,,,0.17
6,21,4,,,,,,,,,0.1075
6,22,4,,,,,,,,,0.03
6,22,4,,,,,,,,,0.0
6,22,4,,,,,,,,,0.0
6,22,4,,,,,,,,,0.0
6,23,4,,,,,,,,,0.0
6,23,4,,,,,,,,,0.0
6,23,4,,,,,,,,,0.0
6,23,4,,,,,,,,,0.0
6,24,4,,,,,,,,,0.0
6,24,4,,,,,,,,,0.0
6,24,4,,,,,,,,,0.0
6,24,4,,,,,,,,,0.0
6,1,5,,,,,,,,,0.0
6,1,5,,,,,,,,,0.0
6,1,5,,,,,,,,,0.0
6,1,5,,,,,,,,,0.0
6,2,5,,,,,,,,,0.0
6,2,5,,,,,,,,,0.0
6,2,5,,,,,,,,,0.0
6,2,5,,,,,,,,,0.0
6,3,5,,,,,,,,,0.0
6,3,5,,,,,,,,,0.0
6,3,5,,,,,,,,,0.0
6,3,5,,,,,,,,,0.0
6,4,5,,,,,,,,,0.0
6,4,5,,,,,,,,,0.0
6,4,5,,,,,,,,,0.0
6,4,5,,,,,,,,,0.0
6,5,5,,,,,,,,,0.0
6,5,5,,,,,,,,,0.0
6,5,5,,,,,,,,,0.0
6,5,5,,,,,,,,,0.0
6,6,5,,,,,,,,,0.0
6,6,5,,,,,,,,,0.0
6,6,5,,,,,,,,,0.0
6,6,5,,,,,,,,,0.0
6,7,5,,,,,,,,,0.0
6,7,5,,,,,,,,,0.0
6,7,5,,,,,,,,,0.005
6,7,5,,,,,,,,,0.04
6,8,5,,,,,,,,,0.08
6,8,5,,,,,,,,,0.13
6,8,5,,,,,,,,,0.2225
6,8,5,,,,,,,,,0.36
6,9,5,,,,,,,,,0.5875
6,9,5,,,,,,,,,0.84
6,9,5,,,,,,,,,1.075
6,9,5,,,,,,,,,1.4275
6,10,5,,,,,,,,,1.63
6,10,5,,,,,,,,,2.0425
6,10,5,,,,,,,,,2.37
6,10,5,,,,,,,,,2.695
6,11,5,,,,,,,,,5.3175
6,11,5,,,,,,,,,5.35
6,11,5,,,,,,,,,2.8775
6,11,5,,,,,,,,,3.775
6,12,5,,,,,,,,,5.145
6,12,5,,,,,,,,,5.955
6,12,5,,,,,,,,,5.44
6,12,5,,,,,,,,,6.3525
6,13,5,,,,,,,,,7.015
6,13,5,,,,,,,,,7.55
6,13,5,,,,,,,,,7.43
6,13,5,,,,,,,,,7.535
6,14,5,,,,,,,,,7.72
6,14,5,,,,,,,,,7.7975
6,14,5,,,,,,,,,7.6625
6,14,5,,,,,,,,,7.78
6,15,5,,,,,,,,,7.7325
6,15,5,,,,,,,,,7.6325
6,15,5,,,,,,,,,7.53
6,15,5,,,,,,,,,7.465
6,16,5,,,,,,,,,7.295
6,16,5,,,,,,,,,7.1225
6,16,5,,,,,,,,,6.85
6,16,5,,,,,,,,,6.575
6,17,5,,,,,,,,,6.3175
6,17,5,,,,,,,,,5.985
6,17,5,,,,,,,,,5.645
6,17,5,,,,,,,,,5.33
6,18,5,,,,,,,,,4.555
6,18,5,,,,,,,,,4.615
6,18,5,,,,,,,,,4.0625
6,18,5,,,,,,,,,3.605
6,19,5,,,,,,,,,2.84
6,19,5,,,,,,,,,2.0725
6,19,5,,,,,,,,,2.7525
6,19,5,,,,,,,,,1.9375
6,20,5,,,,,,,,,1.445
6,20,5,,,,,,,,,1.0375
6,20,5,,,,,,,,,0.6875
6,20,5,,,,,,,,,0.41
6,21,5,,,,,,,,,0.5675
6,21,5,,,,,,,,,0.68
6,21,5,,,,,,,,,0.3825
6,21,5,,,,,,,,,0.24
6,22,5,,,,,,,,,0.06
6,22,5,,,,,,,,,0.0
6,22,5,,,,,,,,,0.0
6,22,5,,,,,,,,,0.0
6,23,5,,,,,,,,,0.0
6,23,5,,,,,,,,,0.0
6,23,5,,,,,,,,,0.0
6,23,5,,,,,,,,,0.0
6,24,5,,,,,,,,,0.0
6,24,5,,,,,,,,,0.0
6,24,5,,,,,,,,,0.0
6,24,5,,,,,,,,,0.0
6,1,6,,,,,,,,,0.0
6,1,6,,,,,,,,,0.0
6,1,6,,,,,,,,,0.0
6,1,6,,,,,,,,,0.0
6,2,6,,,,,,,,,0.0
6,2,6,,,,,,,,,0.0
6,2,6,,,,,,,,,0.0
6,2,6,,,,,,,,,0.0
6,3,6,,,,,,,,,0.0
6,3,6,,,,,,,,,0.0
6,3,6,,,,,,,,,0.0
6,3,6,,,,,,,,,0.0
6,4,6,,,,,,,,,0.0
6,4,6,,,,,,,,,0.0
6,4,6,,,,,,,,,0.0
6,4,6,,,,,,,,,0.0
6,5,6,,,,,,,,,0.0
6,5,6,,,,,,,,,0.0
6,5,6,,,,,,,,,0.0
6,5,6,,,,,,,,,0.0
6,6,6,,,,,,,,,0.0
6,6,6,,,,,,,,,0.0
6,6,6,,,,,,,,,0.0
6,6,6,,,,,,,,,0.0
6,7,6,,,,,,,,,0.0
6,7,6,,,,,,,,,0.005
6,7,6,,,,,,,,,0.0725
6,7,6,,,,,,,,,0.16
6,8,6,,,,,,,,,0.225
6,8,6,,,,,,,,,0.3425
6,8,6,,,,,,,,,0.53
6,8,6,,,,,,,,,0.82
6,9,6,,,,,,,,,1.2175
6,9,6,,,,,,,,,1.685
6,9,6,,,,,,,,,2.1325
6,9,6,,,,,,,,,2.675
6,10,6,,,,,,,,,2.965
6,10,6,,,,,,,,,2.725
6,10,6,,,,,,,,,4.0425
6,10,6,,,,,,,,,4.5625
6,11,6,,,,,,,,,4.96
6,11,6,,,,,,,,,5.4025
6,11,6,,,,,,,,,5.735
6,11,6,,,,,,,,,6.025
6,12,6,,,,,,,,,6.4
6,12,6,,,,,,,,,6.2675
6,12,6,,,,,,,,,6.8
6,12,6,,,,,,,,,6.9325
6,13,6,,,,,,,,,7.32
6,13,6,,,,,,,,,7.405
6,13,6,,,,,,,,,7.745
6,13,6,,,,,,,,,7.725
6,14,6,,,,,,,,,7.8325
6,14,6,,,,,,,,,7.865
6,14,6,,,,,,,,,7.865
6,14,6,,,,,,,,,7.785
6,15,6,,,,,,,,,7.8325
6,15,6,,,,,,,,,7.745
6,15,6,,,,,,,,,7.715
6,15,6,,,,,,,,,7.455
6,16,6,,,,,,,,,7.1175
6,16,6,,,,,,,,,7.3175
6,16,6,,,,,,,,,7.05
6,16,6,,,,,,,,,6.73
6,17,6,,,,,,,,,6.4825
6,17,6,,,,,,,,,6.14
6,17,6,,,,,,,,,5.7925
6,17,6,,,,,,,,,5.4125
6,18,6,,,,,,,,,4.9975
6,18,6,,,,,,,,,4.59
6,18,6,,,,,,,,,4.125
6,18,6,,,,,,,,,3.645
6,19,6,,,,,,,,,3.1675
6,19,6,,,,,,,,,2.6975
6,19,6,,,,,,,,,2.2175
6,19,6,,,,,,,,,1.7475
6,20,6,,,,,,,,,1.32
6,20,6,,,,,,,,,0.9125
6,20,6,,,,,,,,,0.6325
6,20,6,,,,,,,,,0.485
6,21,6,,,,,,,,,0.395
6,21,6,,,,,,,,,0.305
6,21,6,,,,,,,,,0.2225
6,21,6,,,,,,,,,0.125
6,22,6,,,,,,,,,0.0425
6,22,6,,,,,,,,,0.0025
6,22,6,,,,,,,,,0.0
6,22,6,,,,,,,,,0.0
6,23,6,,,,,,,,,0.0
6,23,6,,,,,,,,,0.0
6,23,6,,,,,,,,,0.0
6,23,6,,,,,,,,,0.0
6,24,6,,,,,,,,,0.0
6,24,6,,,,,,,,,0.0
6,24,6,,,,,,,,,0.0
6,24,6,,,,,,,,,0.0
6,1,7,,,,,,,,,0.0
6,1,7,,,,,,,,,0.0
6,1,7,,,,,,,,,0.0
6,1,7,,,,,,,,,0.0
6,2,7,,,,,,,,,0.0
6,2,7,,,,,,,,,0.0
6,2,7,,,,,,,,,0.0
6,2,7,,,,,,,,,0.0
6,3,7,,,,,,,,,0.0
6,3,7,,,,,,,,,0.0
6,3,7,,,,,,,,,0.0
6,3,7,,,,,,,,,0.0
6,4,7,,,,,,,,,0.0
6,4,7,,,,,,,,,0.0
6,4,7,,,,,,,,,0.0
6,4,7,,,,,,,,,0.0
6,5,7,,,,,,,,,0.0
6,5,7,,,,,,,,,0.0
6,5,7,,,,,,,,,0.0
6,5,7,,,,,,,,,0.0
6,6,7,,,,,,,,,0.0
6,6,7,,,,,,,,,0.0
6,6,7,,,,,,,,,0.0
6,6,7,,,,,,,,,0.0
6,7,7,,,,,,,,,0.0
6,7,7,,,,,,,,,0.0075
6,7,7,,,,,,,,,0.095
6,7,7,,,,,,,,,0.215
6,8,7,,,,,,,,,0.33
6,8,7,,,,,,,,,0.4825
6,8,7,,,,,,,,,0.6575
6,8,7,,,,,,,,,0.9
6,9,7,,,,,,,,,1.215
6,9,7,,,,,,,,,1.6025
6,9,7,,,,,,,,,2.025
6,9,7,,,,,,,,,2.465
6,10,7,,,,,,,,,2.9275
6,10,7,,,,,,,,,3.365
6,10,7,,,,,,,,,3.795
6,10,7,,,,,,,,,4.23
6,11,7,,,,,,,,,4.6825
6,11,7,,,,,,,,,5.0825
6,11,7,,,,,,,,,5.48
6,11,7,,,,,,,,,5.8475
6,12,7,,,,,,,,,6.16
6,12,7,,,,,,,,,6.5325
6,12,7,,,,,,,,,6.8475
6,12,7,,,,,,,,,7.135
6,13,7,,,,,,,,,7.31
6,13,7,,,,,,,,,7.47
6,13,7,,,,,,,,,7.705
6,13,7,,,,,,,,,7.765
6,14,7,,,,,,,,,7.805
6,14,7,,,,,,,,,7.835
6,14,7,,,,,,,,,7.8625
6,14,7,,,,,,,,,7.8575
6,15,7,,,,,,,,,7.8425
6,15,7,,,,,,,,,7.825
6,15,7,,,,,,,,,7.79
6,15,7,,,,,,,,,7.6375
6,16,7,,,,,,,,,7.485
6,16,7,,,,,,,,,7.24
6,16,7,,,,,,,,,6.98
6,16,7,,,,,,,,,6.74
6,17,7,,,,,,,,,6.445
6,17,7,,,,,,,,,6.105
6,17,7,,,,,,,,,5.81
6,17,7,,,,,,,,,5.395
6,18,7,,,,,,,,,4.9875
6,18,7,,,,,,,,,4.5525
6,18,7,,,,,,,,,4.1
6,18,7,,,,,,,,,3.6575
6,19,7,,,,,,,,,3.1925
6,19,7,,,,,,,,,2.6925
6,19,7,,,,,,,,,2.225
6,19,7,,,,,,,,,1.7825
6,20,7,,,,,,,,,1.38
6,20,7,,,,,,,,,1.01
6,20,7,,,,,,,,,0.74
6,20,7,,,,,,,,,0.5775
6,21,7,,,,,,,,,0.4725
6,21,7,,,,,,,,,0.3725
6,21,7,,,,,,,,,0.27
6,21,7,,,,,,,,,0.1625
6,22,7,,,,,,,,,0.06
6,22,7,,,,,,,,,0.0025
6,22,7,,,,,,,,,0.0
6,22,7,,,,,,,,,0.0
6,23,7,,,,,,,,,0.0
6,23,7,,,,,,,,,0.0
6,23,7,,,,,,,,,0.0
6,23,7,,,,,,,,,0.0
6,24,7,,,,,,,,,0.0
6,24,7,,,,,,,,,0.0
6,24,7,,,,,,,,,0.0
6,24,7,,,,,,,,,0.0
6,1,1,,,,,,,,,0.0
6,1,1,,,,,,,,,0.0
6,1,1,,,,,,,,,0.0
6,1,1,,,,,,,,,0.0
6,2,1,,,,,,,,,0.0
6,2,1,,,,,,,,,0.0
6,2,1,,,,,,,,,0.0
6,2,1,,,,,,,,,0.0
6,3,1,,,,,,,,,0.0
6,3,1,,,,,,,,,0.0
6,3,1,,,,,,,,,0.0
6,3,1,,,,,,,,,0.0
6,4,1,,,,,,,,,0.0
6,4,1,,,,,,,,,0.0
6,4,1,,,,,,,,,0.0
6,4,1,,,,,,,,,0.0
6,5,1,,,,,,,,,0.0
6,5,1,,,,,,,,,0.0
6,5,1,,,,,,,,,0.0
6,5,1,,,,,,,,,0.0
6,6,1,,,,,,,,,0.0
6,6,1,,,,,,,,,0.0
6,6,1,,,,,,,,,0.0
6,6,1,,,,,,,,,0.0
6,7,1,,,,,,,,,0.0
6,7,1,,,,,,,,,0.0025
6,7,1,,,,,,,,,0.065
6,7,1,,,,,,,,,0.225
6,8,1,,,,,,,,,0.4025
6,8,1,,,,,,,,,0.5725
6,8,1,,,,,,,,,0.765
6,8,1,,,,,,,,,0.8875
6,9,1,,,,,,,,,1.03
6,9,1,,,,,,,,,1.5575
6,9,1,,,,,,,,,2.0975
6,9,1,,,,,,,,,2.55
6,10,1,,,,,,,,,2.38
6,10,1,,,,,,,,,2.9175
6,10,1,,,,,,,,,2.5075
6,10,1,,,,,,,,,4.3
6,11,1,,,,,,,,,4.655
6,11,1,,,,,,,,,5.0275
6,11,1,,,,,,,,,5.445
6,11,1,,,,,,,,,5.5075
6,12,1,,,,,,,,,5.865
6,12,1,,,,,,,,,5.925
6,12,1,,,,,,,,,6.6225
6,12,1,,,,,,,,,6.8125
6,13,1,,,,,,,,,7.03
6,13,1,,,,,,,,,7.21
6,13,1,,,,,,,,,7.4
6,13,1,,,,,,,,,7.485
6,14,1,,,,,,,,,7.65
6,14,1,,,,,,,,,7.76
6,14,1,,,,,,,,,7.38
6,14,1,,,,,,,,,6.78
6,15,1,,,,,,,,,6.4975
6,15,1,,,,,,,,,6.1125
6,15,1,,,,,,,,,5.8075
6,15,1,,,,,,,,,6.5925
6,16,1,,,,,,,,,7.27
6,16,1,,,,,,,,,6.555
6,16,1,,,,,,,,,5.4
6,16,1,,,,,,,,,4.4175
6,17,1,,,,,,,,,5.61
6,17,1,,,,,,,,,4.94
6,17,1,,,,,,,,,3.945
6,17,1,,,,,,,,,4.47
6,18,1,,,,,,,,,3.7375
6,18,1,,,,,,,,,4.0025
6,18,1,,,,,,,,,3.5675
6,18,1,,,,,,,,,3.13
6,19,1,,,,,,,,,2.7975
6,19,1,,,,,,,,,2.495
6,19,1,,,,,,,,,2.0175
6,19,1,,,,,,,,,1.5925
6,20,1,,,,,,,,,1.395
6,20,1,,,,,,,,,0.995
6,20,1,,,,,,,,,0.71
6,20,1,,,,,,,,,0.725
6,21,1,,,,,,,,,0.4775
6,21,1,,,,,,,,,0.3325
6,21,1,,,,,,,,,0.24
6,21,1,,,,,,,,,0.125
6,22,1,,,,,,,,,0.0425
6,22,1,,,,,,,,,0.0025
6,22,1,,,,,,,,,0.0
6,22,1,,,,,,,,,0.0
6,23,1,,,,,,,,,0.0
6,23,1,,,,,,,,,0.0
6,23,1,,,,,,,,,0.0
6,23,1,,,,,,,,,0.0
6,24,1,,,,,,,,,0.0
6,24,1,,,,,,,,,0.0
6,24,1,,,,,,,,,0.0
6,24,1,,,,,,,,,0.0
6,1,2,,,,,,,,,0.0
6,1,2,,,,,,,,,0.0
6,1,2,,,,,,,,,0.0
6,1,2,,,,,,,,,0.0
6,2,2,,,,,,,,,0.0
6,2,2,,,,,,,,,0.0
6,2,2,,,,,,,,,0.0
6,2,2,,,,,,,,,0.0
6,3,2,,,,,,,,,0.0
6,3,2,,,,,,,,,0.0
6,3,2,,,,,,,,,0.0
6,3,2,,,,,,,,,0.0
6,4,2,,,,,,,,,0.0
6,4,2,,,,,,,,,0.0
6,4,2,,,,,,,,,0.0
6,4,2,,,,,,,,,0.0
6,5,2,,,,,,,,,0.0
6,5,2,,,,,,,,,0.0
6,5,2,,,,,,,,,0.0
6,5,2,,,,,,,,,0.0
6,6,2,,,,,,,,,0.0
6,6,2,,,,,,,,,0.0
6,6,2,,,,,,,,,0.0
6,6,2,,,,,,,,,0.0
6,7,2,,,,,,,,,0.0
6,7,2,,,,,,,,,0.0
6,7,2,,,,,,,,,0.0175
6,7,2,,,,,,,,,0.0925
6,8,2,,,,,,,,,0.2525
6,8,2,,,,,,,,,0.45
6,8,2,,,,,,,,,0.49
6,8,2,,,,,,,,,0.6
6,9,2,,,,,,,,,0.8025
6,9,2,,,,,,,,,0.86
6,9,2,,,,,,,,,0.9275
6,9,2,,,,,,,,,0.905
6,10,2,,,,,,,,,1.26
6,10,2,,,,,,,,,1.4725
6,10,2,,,,,,,,,1.475
6,10,2,,,,,,,,,2.2
6,11,2,,,,,,,,,1.2675
6,11,2,,,,,,,,,1.7875
6,11,2,,,,,,,,,1.685
6,11,2,,,,,,,,,3.64
6,12,2,,,,,,,,,5.7675
6,12,2,,,,,,,,,5.35
6,12,2,,,,,,,,,3.1125
6,12,2,,,,,,,,,1.855
6,13,2,,,,,,,,,3.52
6,13,2,,,,,,,,,4.28
6,13,2,,,,,,,,,2.7425
6,13,2,,,,,,,,,3.6
6,14,2,,,,,,,,,4.925
6,14,2,,,,,,,,,5.6375
6,14,2,,,,,,,,,5.295
6,14,2,,,,,,,,,5.975
6,15,2,,,,,,,,,7.53
6,15,2,,,,,,,,,6.67
6,15,2,,,,,,,,,6.3875
6,15,2,,,,,,,,,4.7375
6,16,2,,,,,,,,,7.205
6,16,2,,,,,,,,,4.935
6,16,2,,,,,,,,,5.35
6,16,2,,,,,,,,,3.03
6,17,2,,,,,,,,,0.9175
6,17,2,,,,,,,,,5.57
6,17,2,,,,,,,,,5.06
6,17,2,,,,,,,,,2.26
6,18,2,,,,,,,,,0.76
6,18,2,,,,,,,,,1.945
6,18,2,,,,,,,,,3.57
6,18,2,,,,,,,,,2.7575
6,19,2,,,,,,,,,2.1875
6,19,2,,,,,,,,,1.96
6,19,2,,,,,,,,,2.23
6,19,2,,,,,,,,,1.36
6,20,2,,,,,,,,,0.6575
6,20,2,,,,,,,,,0.77
6,20,2,,,,,,,,,0.785
6,20,2,,,,,,,,,0.57
6,21,2,,,,,,,,,0.28
6,21,2,,,,,,,,,0.1
6,21,2,,,,,,,,,0.01
6,21,2,,,,,,,,,0.0
6,22,2,,,,,,,,,0.0
6,22,2,,,,,,,,,0.0
6,22,2,,,,,,,,,0.0
6,22,2,,,,,,,,,0.0
6,23,2,,,,,,,,,0.0
6,23,2,,,,,,,,,0.0
6,23,2,,,,,,,,,0.0
6,23,2,,,,,,,,,0.0
6,24,2,,,,,,,,,0.0
6,24,2,,,,,,,,,0.0
6,24,2,,,,,,,,,0.0
6,24,2,,,,,,,,,0.0
6,1,3,,,,,,,,,0.0
6,1,3,,,,,,,,,0.0
6,1,3,,,,,,,,,0.0
6,1,3,,,,,,,,,0.0
6,2,3,,,,,,,,,0.0
6,2,3,,,,,,,,,0.0
6,2,3,,,,,,,,,0.0
6,2,3,,,,,,,,,0.0
6,3,3,,,,,,,,,0.0
6,3,3,,,,,,,,,0.0
6,3,3,,,,,,,,,0.0
6,3,3,,,,,,,,,0.0
6,4,3,,,,,,,,,0.0
6,4,3,,,,,,,,,0.0
6,4,3,,,,,,,,,0.0
6,4,3,,,,,,,,,0.0
6,5,3,,,,,,,,,0.0
6,5,3,,,,,,,,,0.0
6,5,3,,,,,,,,,0.0
6,5,3,,,,,,,,,0.0
6,6,3,,,,,,,,,0.0
6,6,3,,,,,,,,,0.0
6,6,3,,,,,,,,,0.0
6,6,3,,,,,,,,,0.0
6,7,3,,,,,,,,,0.0
6,7,3,,,,,,,,,0.0
6,7,3,,,,,,,,,0.055
6,7,3,,,,,,,,,0.2075
6,8,3,,,,,,,,,0.33
6,8,3,,,,,,,,,0.4775
6,8,3,,,,,,,,,0.6625
6,8,3,,,,,,,,,1.1225
6,9,3,,,,,,,,,0.8
6,9,3,,,,,,,,,0.6925
6,9,3,,,,,,,,,0.86
6,9,3,,,,,,,,,1.3725
6,10,3,,,,,,,,,2.17
6,10,3,,,,,,,,,2.045
6,10,3,,,,,,,,,1.8
6,10,3,,,,,,,,,1.8025
6,11,3,,,,,,,,,1.6325
6,11,3,,,,,,,,,1.4525
6,11,3,,,,,,,,,1.665
6,11,3,,,,,,,,,2.025
6,12,3,,,,,,,,,3.86
6,12,3,,,,,,,,,4.2775
6,12,3,,,,,,,,,4.375
6,12,3,,,,,,,,,4.7875
6,13,3,,,,,,,,,4.9025
6,13,3,,,,,,,,,3.855
6,13,3,,,,,,,,,4.1525
6,13,3,,,,,,,,,4.08
6,14,3,,,,,,,,,4.2725
6,14,3,,,,,,,,,6.4975
6,14,3,,,,,,,,,4.695
6,14,3,,,,,,,,,6.04
6,15,3,,,,,,,,,7.715
6,15,3,,,,,,,,,7.6725
6,15,3,,,,,,,,,4.265
6,15,3,,,,,,,,,2.505
6,16,3,,,,,,,,,2.3325
6,16,3,,,,,,,,,1.8975
6,16,3,,,,,,,,,1.93
6,16,3,,,,,,,,,2.79
6,17,3,,,,,,,,,2.435
6,17,3,,,,,,,,,2.6425
6,17,3,,,,,,,,,2.2075
6,17,3,,,,,,,,,1.3625
6,18,3,,,,,,,,,1.1975
6,18,3,,,,,,,,,1.295
6,18,3,,,,,,,,,1.3075
6,18,3,,,,,,,,,1.97
6,19,3,,,,,,,,,1.8575
6,19,3,,,,,,,,,0.0
6,19,3,,,,,,,,,0.815
6,19,3,,,,,,,,,1.2575
6,20,3,,,,,,,,,1.0
6,20,3,,,,,,,,,0.7575
6,20,3,,,,,,,,,0.705
6,20,3,,,,,,,,,0.54
6,21,3,,,,,,,,,0.39
6,21,3,,,,,,,,,0.245
6,21,3,,,,,,,,,0.175
6,21,3,,,,,,,,,0.0725
6,22,3,,,,,,,,,0.0225
6,22,3,,,,,,,,,0.0
6,22,3,,,,,,,,,0.0
6,22,3,,,,,,,,,0.0
6,23,3,,,,,,,,,0.0
6,23,3,,,,,,,,,0.0
6,23,3,,,,,,,,,0.0
6,23,3,,,,,,,,,0.0
6,24,3,,,,,,,,,0.0
6,24,3,,,,,,,,,0.0
6,24,3,,,,,,,,,0.0
6,24,3,,,,,,,,,0.0
6,1,4,,,,,,,,,0.0
6,1,4,,,,,,,,,0.0
6,1,4,,,,,,,,,0.0
6,1,4,,,,,,,,,0.0
6,2,4,,,,,,,,,0.0
6,2,4,,,,,,,,,0.0
6,2,4,,,,,,,,,0.0
6,2,4,,,,,,,,,0.0
6,3,4,,,,,,,,,0.0
6,3,4,,,,,,,,,0.0
6,3,4,,,,,,,,,0.0
6,3,4,,,,,,,,,0.0
6,4,4,,,,,,,,,0.0
6,4,4,,,,,,,,,0.0
6,4,4,,,,,,,,,0.0
6,4,4,,,,,,,,,0.0
6,5,4,,,,,,,,,0.0
6,5,4,,,,,,,,,0.0
6,5,4,,,,,,,,,0.0
6,5,4,,,,,,,,,0.0
6,6,4,,,,,,,,,0.0
6,6,4,,,,,,,,,0.0
6,6,4,,,,,,,,,0.0
6,6,4,,,,,,,,,0.0
6,7,4,,,,,,,,,0.0
6,7,4,,,,,,,,,0.0
6,7,4,,,,,,,,,0.015
6,7,4,,,,,,,,,0.04
6,8,4,,,,,,,,,0.05
6,8,4,,,,,,,,,0.2825
6,8,4,,,,,,,,,0.2
6,8,4,,,,,,,,,0.5125
6,9,4,,,,,,,,,0.5875
6,9,4,,,,,,,,,0.8025
6,9,4,,,,,,,,,0.825
6,9,4,,,,,,,,,0.64
6,10,4,,,,,,,,,0.685
6,10,4,,,,,,,,,0.605
6,10,4,,,,,,,,,0.7575
6,10,4,,,,,,,,,1.0425
6,11,4,,,,,,,,,1.525
6,11,4,,,,,,,,,2.71
6,11,4,,,,,,,,,1.96
6,11,4,,,,,,,,,1.725
6,12,4,,,,,,,,,3.5575
6,12,4,,,,,,,,,3.89
6,12,4,,,,,,,,,3.7825
6,12,4,,,,,,,,,3.835
6,13,4,,,,,,,,,3.4725
6,13,4,,,,,,,,,3.21
6,13,4,,,,,,,,,2.6625
6,13,4,,,,,,,,,1.6875
6,14,4,,,,,,,,,1.91
6,14,4,,,,,,,,,2.36
6,14,4,,,,,,,,,2.345
6,14,4,,,,,,,,,2.835
6,15,4,,,,,,,,,3.8475
6,15,4,,,,,,,,,2.965
6,15,4,,,,,,,,,4.16
6,15,4,,,,,,,,,3.8325
6,16,4,,,,,,,,,3.1925
6,16,4,,,,,,,,,2.7525
6,16,4,,,,,,,,,2.7575
6,16,4,,,,,,,,,2.7775
6,17,4,,,,,,,,,2.335
6,17,4,,,,,,,,,2.32
6,17,4,,,,,,,,,4.94
6,17,4,,,,,,,,,4.4175
6,18,4,,,,,,,,,4.73
6,18,4,,,,,,,,,3.085
6,18,4,,,,,,,,,2.9225
6,18,4,,,,,,,,,3.2525
6,19,4,,,,,,,,,3.37
6,19,4,,,,,,,,,2.7675
6,19,4,,,,,,,,,2.49
6,19,4,,,,,,,,,2.1325
6,20,4,,,,,,,,,1.65
6,20,4,,,,,,,,,0.995
6,20,4,,,,,,,,,0.8525
6,20,4,,,,,,,,,0.795
6,21,4,,,,,,,,,0.545
6,21,4,,,,,,,,,0.4075
6,21,4,,,,,,,,,0.2425
6,21,4,,,,,,,,,0.14
6,22,4,,,,,,,,,0.04
6,22,4,,,,,,,,,0.0
6,22,4,,,,,,,,,0.0
6,22,4,,,,,,,,,0.0
6,23,4,,,,,,,,,0.0
6,23,4,,,,,,,,,0.0
6,23,4,,,,,,,,,0.0
6,23,4,,,,,,,,,0.0
6,24,4,,,,,,,,,0.0
6,24,4,,,,,,,,,0.0
6,24,4,,,,,,,,,0.0
6,24,4,,,,,,,,,0.0
6,1,5,,,,,,,,,0.0
6,1,5,,,,,,,,,0.0
6,1,5,,,,,,,,,0.0
6,1,5,,,,,,,,,0.0
6,2,5,,,,,,,,,0.0
6,2,5,,,,,,,,,0.0
6,2,5,,,,,,,,,0.0
6,2,5,,,,,,,,,0.0
6,3,5,,,,,,,,,0.0
6,3,5,,,,,,,,,0.0
6,3,5,,,,,,,,,0.0
6,3,5,,,,,,,,,0.0
6,4,5,,,,,,,,,0.0
6,4,5,,,,,,,,,0.0
6,4,5,,,,,,,,,0.0
6,4,5,,,,,,,,,0.0
6,5,5,,,,,,,,,0.0
6,5,5,,,,,,,,,0.0
6,5,5,,,,,,,,,0.0
6,5,5,,,,,,,,,0.0
6,6,5,,,,,,,,,0.0
6,6,5,,,,,,,,,0.0
6,6,5,,,,,,,,,0.0
6,6,5,,,,,,,,,0.0
6,7,5,,,,,,,,,0.0
6,7,5,,,,,,,,,0.0
6,7,5,,,,,,,,,0.0625
6,7,5,,,,,,,,,0.14
6,8,5,,,,,,,,,0.415
6,8,5,,,,,,,,,0.6875
6,8,5,,,,,,,,,0.715
6,8,5,,,,,,,,,0.91
6,9,5,,,,,,,,,1.185
6,9,5,,,,,,,,,1.0825
6,9,5,,,,,,,,,1.495
6,9,5,,,,,,,,,1.445
6,10,5,,,,,,,,,1.62
6,10,5,,,,,,,,,1.765
6,10,5,,,,,,,,,2.03
6,10,5,,,,,,,,,3.33
6,11,5,,,,,,,,,4.085
6,11,5,,,,,,,,,4.175
6,11,5,,,,,,,,,4.45
6,11,5,,,,,,,,,3.04
6,12,5,,,,,,,,,4.1325
6,12,5,,,,,,,,,6.43
6,12,5,,,,,,,,,5.8625
6,12,5,,,,,,,,,5.605
6,13,5,,,,,,,,,4.145
6,13,5,,,,,,,,,4.3525
6,13,5,,,,,,,,,3.6875
6,13,5,,,,,,,,,4.605
6,14,5,,,,,,,,,3.935
6,14,5,,,,,,,,,3.2875
6,14,5,,,,,,,,,3.345
6,14,5,,,,,,,,,3.075
6,15,5,,,,,,,,,2.06
6,15,5,,,,,,,,,1.69
6,15,5,,,,,,,,,1.43
6,15,5,,,,,,,,,4.475
6,16,5,,,,,,,,,4.99
6,16,5,,,,,,,,,3.6975
6,16,5,,,,,,,,,3.345
6,16,5,,,,,,,,,3.3975
6,17,5,,,,,,,,,3.4725
6,17,5,,,,,,,,,4.505
6,17,5,,,,,,,,,4.14
6,17,5,,,,,,,,,4.4075
6,18,5,,,,,,,,,4.4725
6,18,5,,,,,,,,,4.69
6,18,5,,,,,,,,,3.86
6,18,5,,,,,,,,,3.7525
6,19,5,,,,,,,,,3.235
6,19,5,,,,,,,,,2.755
6,19,5,,,,,,,,,2.275
6,19,5,,,,,,,,,1.85
6,20,5,,,,,,,,,1.425
6,20,5,,,,,,,,,1.07
6,20,5,,,,,,,,,0.7875
6,20,5,,,,,,,,,0.5975
6,21,5,,,,,,,,,0.4825
6,21,5,,,,,,,,,0.3525
6,21,5,,,,,,,,,0.1725
6,21,5,,,,,,,,,0.0575
6,22,5,,,,,,,,,0.0175
6,22,5,,,,,,,,,0.0
6,22,5,,,,,,,,,0.0
6,22,5,,,,,,,,,0.0
6,23,5,,,,,,,,,0.0
6,23,5,,,,,,,,,0.0
6,23,5,,,,,,,,,0.0
6,23,5,,,,,,,,,0.0
6,24,5,,,,,,,,,0.0
6,24,5,,,,,,,,,0.0
6,24,5,,,,,,,,,0.0
6,24,5,,,,,,,,,0.0
6,1,6,,,,,,,,,0.0
6,1,6,,,,,,,,,0.0
6,1,6,,,,,,,,,0.0
6,1,6,,,,,,,,,0.0
6,2,6,,,,,,,,,0.0
6,2,6,,,,,,,,,0.0
6,2,6,,,,,,,,,0.0
6,2,6,,,,,,,,,0.0
6,3,6,,,,,,,,,0.0
6,3,6,,,,,,,,,0.0
6,3,6,,,,,,,,,0.0
6,3,6,,,,,,,,,0.0
6,4,6,,,,,,,,,0.0
6,4,6,,,,,,,,,0.0
6,4,6,,,,,,,,,0.0
6,4,6,,,,,,,,,0.0
6,5,6,,,,,,,,,0.0
6,5,6,,,,,,,,,0.0
6,5,6,,,,,,,,,0.0
6,5,6,,,,,,,,,0.0
6,6,6,,,,,,,,,0.0
6,6,6,,,,,,,,,0.0
6,6,6,,,,,,,,,0.0
6,6,6,,,,,,,,,0.0
6,7,6,,,,,,,,,0.0
6,7,6,,,,,,,,,0.005
6,7,6,,,,,,,,,0.095
6,7,6,,,,,,,,,0.205
6,8,6,,,,,,,,,0.31
6,8,6,,,,,,,,,0.485
6,8,6,,,,,,,,,0.725
6,8,6,,,,,,,,,0.7675
6,9,6,,,,,,,,,1.3925
6,9,6,,,,,,,,,1.96
6,9,6,,,,,,,,,2.1275
6,9,6,,,,,,,,,2.0925
6,10,6,,,,,,,,,2.56
6,10,6,,,,,,,,,2.12
6,10,6,,,,,,,,,3.0725
6,10,6,,,,,,,,,2.955
6,11,6,,,,,,,,,3.135
6,11,6,,,,,,,,,2.685
6,11,6,,,,,,,,,2.0025
6,11,6,,,,,,,,,1.9275
6,12,6,,,,,,,,,1.695
6,12,6,,,,,,,,,1.6475
6,12,6,,,,,,,,,1.315
6,12,6,,,,,,,,,2.025
6,13,6,,,,,,,,,2.1375
6,13,6,,,,,,,,,2.2475
6,13,6,,,,,,,,,2.5225
6,13,6,,,,,,,,,3.36
6,14,6,,,,,,,,,3.7075
6,14,6,,,,,,,,,4.215
6,14,6,,,,,,,,,6.3525
6,14,6,,,,,,,,,4.005
6,15,6,,,,,,,,,4.5575
6,15,6,,,,,,,,,2.8425
6,15,6,,,,,,,,,3.6
6,15,6,,,,,,,,,5.7075
6,16,6,,,,,,,,,7.8875
6,16,6,,,,,,,,,7.57
6,16,6,,,,,,,,,7.2125
6,16,6,,,,,,,,,6.935
6,17,6,,,,,,,,,6.6675
6,17,6,,,,,,,,,6.3025
6,17,6,,,,,,,,,5.9475
6,17,6,,,,,,,,,5.55
6,18,6,,,,,,,,,5.025
6,18,6,,,,,,,,,4.5875
6,18,6,,,,,,,,,4.1575
6,18,6,,,,,,,,,3.735
6,19,6,,,,,,,,,3.275
6,19,6,,,,,,,,,2.865
6,19,6,,,,,,,,,2.34
6,19,6,,,,,,,,,1.9025
6,20,6,,,,,,,,,1.435
6,20,6,,,,,,,,,1.02
6,20,6,,,,,,,,,0.6975
6,20,6,,,,,,,,,0.5125
6,21,6,,,,,,,,,0.4025
6,21,6,,,,,,,,,0.32
6,21,6,,,,,,,,,0.245
6,21,6,,,,,,,,,0.1675
6,22,6,,,,,,,,,0.0825
6,22,6,,,,,,,,,0.01
6,22,6,,,,,,,,,0.0
6,22,6,,,,,,,,,0.0
6,23,6,,,,,,,,,0.0
6,23,6,,,,,,,,,0.0
6,23,6,,,,,,,,,0.0
6,23,6,,,,,,,,,0.0
6,24,6,,,,,,,,,0.0
6,24,6,,,,,,,,,0.0
6,24,6,,,,,,,,,0.0
6,24,6,,,,,,,,,0.0
6,1,7,,,,,,,,,0.0
6,1,7,,,,,,,,,0.0
6,1,7,,,,,,,,,0.0
6,1,7,,,,,,,,,0.0
6,2,7,,,,,,,,,0.0
6,2,7,,,,,,,,,0.0
6,2,7,,,,,,,,,0.0
6,2,7,,,,,,,,,0.0
6,3,7,,,,,,,,,0.0
6,3,7,,,,,,,,,0.0
6,3,7,,,,,,,,,0.0
6,3,7,,,,,,,,,0.0
6,4,7,,,,,,,,,0.0
6,4,7,,,,,,,,,0.0
6,4,7,,,,,,,,,0.0
6,4,7,,,,,,,,,0.0
6,5,7,,,,,,,,,0.0
6,5,7,,,,,,,,,0.0
6,5,7,,,,,,,,,0.0
6,5,7,,,,,,,,,0.0
6,6,7,,,,,,,,,0.0
6,6,7,,,,,,,,,0.0
6,6,7,,,,,,,,,0.0
6,6,7,,,,,,,,,0.0
6,7,7,,,,,,,,,0.0
6,7,7,,,,,,,,,0.01
6,7,7,,,,,,,,,0.09
6,7,7,,,,,,,,,0.19
6,8,7,,,,,,,,,0.2725
6,8,7,,,,,,,,,0.375
6,8,7,,,,,,,,,0.5375
6,8,7,,,,,,,,,0.8
6,9,7,,,,,,,,,1.18
6,9,7,,,,,,,,,1.64
6,9,7,,,,,,,,,2.105
6,9,7,,,,,,,,,0.0
6,10,7,,,,,,,,,0.0
6,10,7,,,,,,,,,0.0
6,10,7,,,,,,,,,0.0
6,10,7,,,,,,,,,0.0
6,11,7,,,,,,,,,3.9175
6,11,7,,,,,,,,,5.485
6,11,7,,,,,,,,,5.8775
6,11,7,,,,,,,,,6.26
6,12,7,,,,,,,,,6.6175
6,12,7,,,,,,,,,6.9225
6,12,7,,,,,,,,,7.1875
6,12,7,,,,,,,,,7.415
6,13,7,,,,,,,,,7.66
6,13,7,,,,,,,,,7.7875
6,13,7,,,,,,,,,7.8425
6,13,7,,,,,,,,,7.8625
6,14,7,,,,,,,,,7.9175
6,14,7,,,,,,,,,7.905
6,14,7,,,,,,,,,7.91
6,14,7,,,,,,,,,7.9025
6,15,7,,,,,,,,,7.905
6,15,7,,,,,,,,,7.8775
6,15,7,,,,,,,,,7.835
6,15,7,,,,,,,,,7.78
6,16,7,,,,,,,,,7.66
6,16,7,,,,,,,,,7.4525
6,16,7,,,,,,,,,7.215
6,16,7,,,,,,,,,6.94
6,17,7,,,,,,,,,6.67
6,17,7,,,,,,,,,6.3325
6,17,7,,,,,,,,,5.9475
6,17,7,,,,,,,,,5.5875
6,18,7,,,,,,,,,5.1875
6,18,7,,,,,,,,,4.705
6,18,7,,,,,,,,,4.3075
6,18,7,,,,,,,,,3.795
6,19,7,,,,,,,,,3.32
6,19,7,,,,,,,,,2.8425
6,19,7,,,,,,,,,2.3175
6,19,7,,,,,,,,,1.82
6,20,7,,,,,,,,,1.2175
6,20,7,,,,,,,,,0.9775
6,20,7,,,,,,,,,0.685
6,20,7,,,,,,,,,0.465
6,21,7,,,,,,,,,0.39
6,21,7,,,,,,,,,0.3225
6,21,7,,,,,,,,,0.25
6,21,7,,,,,,,,,0.165
6,22,7,,,,,,,,,0.0725
6,22,7,,,,,,,,,0.01
6,22,7,,,,,,,,,0.0
6,22,7,,,,,,,,,0.0
6,23,7,,,,,,,,,0.0
6,23,7,,,,,,,,,0.0
6,23,7,,,,,,,,,0.0
6,23,7,,,,,,,,,0.0
6,24,7,,,,,,,,,0.0
6,24,7,,,,,,,,,0.0
6,24,7,,,,,,,,,0.0
6,24,7,,,,,,,,,0.0
6,1,1,,,,,,,,,0.0
6,1,1,,,,,,,,,0.0
6,1,1,,,,,,,,,0.0
6,1,1,,,,,,,,,0.0
6,2,1,,,,,,,,,0.0
6,2,1,,,,,,,,,0.0
6,2,1,,,,,,,,,0.0
6,2,1,,,,,,,,,0.0
6,3,1,,,,,,,,,0.0
6,3,1,,,,,,,,,0.0
6,3,1,,,,,,,,,0.0
6,3,1,,,,,,,,,0.0
6,4,1,,,,,,,,,0.0
6,4,1,,,,,,,,,0.0
6,4,1,,,,,,,,,0.0
6,4,1,,,,,,,,,0.0
6,5,1,,,,,,,,,0.0
6,5,1,,,,,,,,,0.0
6,5,1,,,,,,,,,0.0
6,5,1,,,,,,,,,0.0
6,6,1,,,,,,,,,0.0
6,6,1,,,,,,,,,0.0
6,6,1,,,,,,,,,0.0
6,6,1,,,,,,,,,0.0
6,7,1,,,,,,,,,0.0
6,7,1,,,,,,,,,0.005
6,7,1,,,,,,,,,0.085
6,7,1,,,,,,,,,0.1975
6,8,1,,,,,,,,,0.2925
6,8,1,,,,,,,,,0.395
6,8,1,,,,,,,,,0.5675
6,8,1,,,,,,,,,0.8125
6,9,1,,,,,,,,,1.1575
6,9,1,,,,,,,,,1.5725
6,9,1,,,,,,,,,2.02
6,9,1,,,,,,,,,2.4725
6,10,1,,,,,,,,,2.935
6,10,1,,,,,,,,,3.385
6,10,1,,,,,,,,,3.8425
6,10,1,,,,,,,,,4.25
6,11,1,,,,,,,,,4.66
6,11,1,,,,,,,,,5.0625
6,11,1,,,,,,,,,5.4425
6,11,1,,,,,,,,,5.78
6,12,1,,,,,,,,,6.125
6,12,1,,,,,,,,,6.41
6,12,1,,,,,,,,,6.685
6,12,1,,,,,,,,,6.8725
6,13,1,,,,,,,,,7.0625
6,13,1,,,,,,,,,7.2025
6,13,1,,,,,,,,,7.29
6,13,1,,,,,,,,,7.365
6,14,1,,,,,,,,,7.4375
6,14,1,,,,,,,,,7.5275
6,14,1,,,,,,,,,7.58
6,14,1,,,,,,,,,7.5725
6,15,1,,,,,,,,,7.5575
6,15,1,,,,,,,,,7.4925
6,15,1,,,,,,,,,7.485
6,15,1,,,,,,,,,7.36
6,16,1,,,,,,,,,7.195
6,16,1,,,,,,,,,7.0575
6,16,1,,,,,,,,,6.975
6,16,1,,,,,,,,,6.8
6,17,1,,,,,,,,,6.535
6,17,1,,,,,,,,,6.205
6,17,1,,,,,,,,,5.83
6,17,1,,,,,,,,,5.44
6,18,1,,,,,,,,,5.05
6,18,1,,,,,,,,,4.615
6,18,1,,,,,,,,,4.16
6,18,1,,,,,,,,,3.6975
6,19,1,,,,,,,,,3.225
6,19,1,,,,,,,,,2.755
6,19,1,,,,,,,,,2.2725
6,19,1,,,,,,,,,1.805
6,20,1,,,,,,,,,1.36
6,20,1,,,,,,,,,0.97
6,20,1,,,,,,,,,0.6725
6,20,1,,,,,,,,,0.49
6,21,1,,,,,,,,,0.3925
6,21,1,,,,,,,,,0.33
6,21,1,,,,,,,,,0.26
6,21,1,,,,,,,,,0.175
6,22,1,,,,,,,,,0.0825
6,22,1,,,,,,,,,0.01
6,22,1,,,,,,,,,0.0
6,22,1,,,,,,,,,0.0
6,23,1,,,,,,,,,0.0
6,23,1,,,,,,,,,0.0
6,23,1,,,,,,,,,0.0
6,23,1,,,,,,,,,0.0
6,24,1,,,,,,,,,0.0
6,24,1,,,,,,,,,0.0
6,24,1,,,,,,,,,0.0
6,24,1,,,,,,,,,0.0
6,1,2,,,,,,,,,0.0
6,1,2,,,,,,,,,0.0
6,1,2,,,,,,,,,0.0
6,1,2,,,,,,,,,0.0
6,2,2,,,,,,,,,0.0
6,2,2,,,,,,,,,0.0
6,2,2,,,,,,,,,0.0
6,2,2,,,,,,,,,0.0
6,3,2,,,,,,,,,0.0
6,3,2,,,,,,,,,0.0
6,3,2,,,,,,,,,0.0
6,3,2,,,,,,,,,0.0
6,4,2,,,,,,,,,0.0
6,4,2,,,,,,,,,0.0
6,4,2,,,,,,,,,0.0
6,4,2,,,,,,,,,0.0
6,5,2,,,,,,,,,0.0
6,5,2,,,,,,,,,0.0
6,5,2,,,,,,,,,0.0
6,5,2,,,,,,,,,0.0
6,6,2,,,,,,,,,0.0
6,6,2,,,,,,,,,0.0
6,6,2,,,,,,,,,0.0
6,6,2,,,,,,,,,0.0
6,7,2,,,,,,,,,0.0
6,7,2,,,,,,,,,0.005
6,7,2,,,,,,,,,0.0775
6,7,2,,,,,,,,,0.1925
6,8,2,,,,,,,,,0.305
6,8,2,,,,,,,,,0.405
6,8,2,,,,,,,,,0.565
6,8,2,,,,,,,,,0.79
6,9,2,,,,,,,,,1.1
6,9,2,,,,,,,,,1.4775
6,9,2,,,,,,,,,1.91
6,9,2,,,,,,,,,2.3275
6,10,2,,,,,,,,,2.81
6,10,2,,,,,,,,,3.27
6,10,2,,,,,,,,,3.675
6,10,2,,,,,,,,,4.1
6,11,2,,,,,,,,,4.48
6,11,2,,,,,,,,,4.825
6,11,2,,,,,,,,,5.15
6,11,2,,,,,,,,,5.44
6,12,2,,,,,,,,,5.735
6,12,2,,,,,,,,,6.0375
6,12,2,,,,,,,,,6.29
6,12,2,,,,,,,,,6.4925
6,13,2,,,,,,,,,6.6875
6,13,2,,,,,,,,,6.895
6,13,2,,,,,,,,,7.05
6,13,2,,,,,,,,,7.165
6,14,2,,,,,,,,,7.26
6,14,2,,,,,,,,,7.38
6,14,2,,,,,,,,,7.425
6,14,2,,,,,,,,,7.375
6,15,2,,,,,,,,,7.245
6,15,2,,,,,,,,,7.22
6,15,2,,,,,,,,,7.135
6,15,2,,,,,,,,,7.0275
6,16,2,,,,,,,,,6.9
6,16,2,,,,,,,,,6.705
6,16,2,,,,,,,,,6.48
6,16,2,,,,,,,,,6.235
6,17,2,,,,,,,,,6.025
6,17,2,,,,,,,,,5.7275
6,17,2,,,,,,,,,5.41
6,17,2,,,,,,,,,5.035
6,18,2,,,,,,,,,4.6425
6,18,2,,,,,,,,,4.275
6,18,2,,,,,,,,,3.87
6,18,2,,,,,,,,,3.445
6,19,2,,,,,,,,,3.0
6,19,2,,,,,,,,,2.5775
6,19,2,,,,,,,,,2.13
6,19,2,,,,,,,,,1.71
6,20,2,,,,,,,,,1.3175
6,20,2,,,,,,,,,0.975
6,20,2,,,,,,,,,0.71
6,20,2,,,,,,,,,0.545
6,21,2,,,,,,,,,0.45
6,21,2,,,,,,,,,0.3625
6,21,2,,,,,,,,,0.28
6,21,2,,,,,,,,,0.175
6,22,2,,,,,,,,,0.075
6,22,2,,,,,,,,,0.01
6,22,2,,,,,,,,,0.0
6,22,2,,,,,,,,,0.0
6,23,2,,,,,,,,,0.0
6,23,2,,,,,,,,,0.0
6,23,2,,,,,,,,,0.0
6,23,2,,,,,,,,,0.0
6,24,2,,,,,,,,,0.0
6,24,2,,,,,,,,,0.0
6,24,2,,,,,,,,,0.0
6,24,2,,,,,,,,,0.0
6,1,3,,,,,,,,,0.0
6,1,3,,,,,,,,,0.0
6,1,3,,,,,,,,,0.0
6,1,3,,,,,,,,,0.0
6,2,3,,,,,,,,,0.0
6,2,3,,,,,,,,,0.0
6,2,3,,,,,,,,,0.0
6,2,3,,,,,,,,,0.0
6,3,3,,,,,,,,,0.0
6,3,3,,,,,,,,,0.0
6,3,3,,,,,,,,,0.0
6,3,3,,,,,,,,,0.0
6,4,3,,,,,,,,,0.0
6,4,3,,,,,,,,,0.0
6,4,3,,,,,,,,,0.0
6,4,3,,,,,,,,,0.0
6,5,3,,,,,,,,,0.0
6,5,3,,,,,,,,,0.0
6,5,3,,,,,,,,,0.0
6,5,3,,,,,,,,,0.0
6,6,3,,,,,,,,,0.0
6,6,3,,,,,,,,,0.0
6,6,3,,,,,,,,,0.0
6,6,3,,,,,,,,,0.0
6,7,3,,,,,,,,,0.0
6,7,3,,,,,,,,,0.0
6,7,3,,,,,,,,,0.0175
6,7,3,,,,,,,,,0.0825
6,8,3,,,,,,,,,0.195
6,8,3,,,,,,,,,0.265
6,8,3,,,,,,,,,0.365
6,8,3,,,,,,,,,0.5725
6,9,3,,,,,,,,,0.765
6,9,3,,,,,,,,,0.915
6,9,3,,,,,,,,,1.06
6,9,3,,,,,,,,,1.115
6,10,3,,,,,,,,,1.1225
6,10,3,,,,,,,,,1.1525
6,10,3,,,,,,,,,1.165
6,10,3,,,,,,,,,1.6425
6,11,3,,,,,,,,,2.575
6,11,3,,,,,,,,,2.3275
6,11,3,,,,,,,,,2.385
6,11,3,,,,,,,,,2.6275
6,12,3,,,,,,,,,3.1775
6,12,3,,,,,,,,,3.3075
6,12,3,,,,,,,,,3.6575
6,12,3,,,,,,,,,3.22
6,13,3,,,,,,,,,3.0525
6,13,3,,,,,,,,,3.4575
6,13,3,,,,,,,,,4.0225
6,13,3,,,,,,,,,4.14
6,14,3,,,,,,,,,4.855
6,14,3,,,,,,,,,5.92
6,14,3,,,,,,,,,5.745
6,14,3,,,,,,,,,6.415
6,15,3,,,,,,,,,7.72
6,15,3,,,,,,,,,7.6625
6,15,3,,,,,,,,,7.545
6,15,3,,,,,,,,,7.43
6,16,3,,,,,,,,,7.225
6,16,3,,,,,,,,,6.9675
6,16,3,,,,,,,,,6.4925
6,16,3,,,,,,,,,6.315
6,17,3,,,,,,,,,5.385
6,17,3,,,,,,,,,5.505
6,17,3,,,,,,,,,5.5125
6,17,3,,,,,,,,,5.35
6,18,3,,,,,,,,,4.905
6,18,3,,,,,,,,,4.66
6,18,3,,,,,,,,,4.6075
6,18,3,,,,,,,,,3.885
6,19,3,,,,,,,,,3.29
6,19,3,,,,,,,,,2.71
6,19,3,,,,,,,,,2.4625
6,19,3,,,,,,,,,1.87
6,20,3,,,,,,,,,1.515
6,20,3,,,,,,,,,1.18
6,20,3,,,,,,,,,0.83
6,20,3,,,,,,,,,0.735
6,21,3,,,,,,,,,0.635
6,21,3,,,,,,,,,0.6775
6,21,3,,,,,,,,,0.34
6,21,3,,,,,,,,,0.15
6,22,3,,,,,,,,,0.0825
6,22,3,,,,,,,,,0.015
6,22,3,,,,,,,,,0.0
6,22,3,,,,,,,,,0.0
6,23,3,,,,,,,,,0.0
6,23,3,,,,,,,,,0.0
6,23,3,,,,,,,,,0.0
6,23,3,,,,,,,,,0.0
6,24,3,,,,,,,,,0.0
6,24,3,,,,,,,,,0.0
6,24,3,,,,,,,,,0.0
6,24,3,,,,,,,,,0.0
6,1,4,,,,,,,,,0.0
6,1,4,,,,,,,,,0.0
6,1,4,,,,,,,,,0.0
6,1,4,,,,,,,,,0.0
6,2,4,,,,,,,,,0.0
6,2,4,,,,,,,,,0.0
6,2,4,,,,,,,,,0.0
6,2,4,,,,,,,,,0.0
6,3,4,,,,,,,,,0.0
6,3,4,,,,,,,,,0.0
6,3,4,,,,,,,,,0.0
6,3,4,,,,,,,,,0.0
6,4,4,,,,,,,,,0.0
6,4,4,,,,,,,,,0.0
6,4,4,,,,,,,,,0.0
6,4,4,,,,,,,,,0.0
6,5,4,,,,,,,,,0.0
6,5,4,,,,,,,,,0.0
6,5,4,,,,,,,,,0.0
6,5,4,,,,,,,,,0.0
6,6,4,,,,,,,,,0.0
6,6,4,,,,,,,,,0.0
6,6,4,,,,,,,,,0.0
6,6,4,,,,,,,,,0.0
6,7,4,,,,,,,,,0.0
6,7,4,,,,,,,,,0.0
6,7,4,,,,,,,,,0.025
6,7,4,,,,,,,,,0.1325
6,8,4,,,,,,,,,0.335
6,8,4,,,,,,,,,0.69
6,8,4,,,,,,,,,0.7125
6,8,4,,,,,,,,,0.505
6,9,4,,,,,,,,,0.34
6,9,4,,,,,,,,,0.3925
6,9,4,,,,,,,,,0.39
6,9,4,,,,,,,,,0.65
6,10,4,,,,,,,,,0.9825
6,10,4,,,,,,,,,1.2725
6,10,4,,,,,,,,,0.985
6,10,4,,,,,,,,,1.32
6,11,4,,,,,,,,,1.93
6,11,4,,,,,,,,,3.18
6,11,4,,,,,,,,,2.5825
6,11,4,,,,,,,,,3.08
6,12,4,,,,,,,,,3.6525
6,12,4,,,,,,,,,5.825
6,12,4,,,,,,,,,5.835
6,12,4,,,,,,,,,4.34
6,13,4,,,,,,,,,2.4575
6,13,4,,,,,,,,,4.5475
6,13,4,,,,,,,,,7.48
6,13,4,,,,,,,,,7.49
6,14,4,,,,,,,,,7.2325
6,14,4,,,,,,,,,6.6425
6,14,4,,,,,,,,,6.4275
6,14,4,,,,,,,,,5.5125
6,15,4,,,,,,,,,6.1425
6,15,4,,,,,,,,,5.2125
6,15,4,,,,,,,,,5.785
6,15,4,,,,,,,,,2.8775
6,16,4,,,,,,,,,3.295
6,16,4,,,,,,,,,4.9
6,16,4,,,,,,,,,4.6975
6,16,4,,,,,,,,,4.1025
6,17,4,,,,,,,,,6.39
6,17,4,,,,,,,,,5.5825
6,17,4,,,,,,,,,5.475
6,17,4,,,,,,,,,4.92
6,18,4,,,,,,,,,4.765
6,18,4,,,,,,,,,4.5425
6,18,4,,,,,,,,,4.0125
6,18,4,,,,,,,,,3.545
6,19,4,,,,,,,,,3.1
6,19,4,,,,,,,,,2.645
6,19,4,,,,,,,,,2.285
6,19,4,,,,,,,,,1.7725
6,20,4,,,,,,,,,1.375
6,20,4,,,,,,,,,1.0125
6,20,4,,,,,,,,,0.7375
6,20,4,,,,,,,,,0.63
6,21,4,,,,,,,,,0.46
6,21,4,,,,,,,,,0.3525
6,21,4,,,,,,,,,0.285
6,21,4,,,,,,,,,0.17
6,22,4,,,,,,,,,0.0725
6,22,4,,,,,,,,,0.0075
6,22,4,,,,,,,,,0.0
6,22,4,,,,,,,,,0.0
6,23,4,,,,,,,,,0.0
6,23,4,,,,,,,,,0.0
6,23,4,,,,,,,,,0.0
6,23,4,,,,,,,,,0.0
6,24,4,,,,,,,,,0.0
6,24,4,,,,,,,,,0.0
6,24,4,,,,,,,,,0.0
6,24,4,,,,,,,,,0.0
6,1,5,,,,,,,,,0.0
6,1,5,,,,,,,,,0.0
6,1,5,,,,,,,,,0.0
6,1,5,,,,,,,,,0.0
6,2,5,,,,,,,,,0.0
6,2,5,,,,,,,,,0.0
6,2,5,,,,,,,,,0.0
6,2,5,,,,,,,,,0.0
6,3,5,,,,,,,,,0.0
6,3,5,,,,,,,,,0.0
6,3,5,,,,,,,,,0.0
6,3,5,,,,,,,,,0.0
6,4,5,,,,,,,,,0.0
6,4,5,,,,,,,,,0.0
6,4,5,,,,,,,,,0.0
6,4,5,,,,,,,,,0.0
6,5,5,,,,,,,,,0.0
6,5,5,,,,,,,,,0.0
6,5,5,,,,,,,,,0.0
6,5,5,,,,,,,,,0.0
6,6,5,,,,,,,,,0.0
6,6,5,,,,,,,,,0.0
6,6,5,,,,,,,,,0.0
6,6,5,,,,,,,,,0.0
6,7,5,,,,,,,,,0.0
6,7,5,,,,,,,,,0.0
6,7,5,,,,,,,,,0.0125
6,7,5,,,,,,,,,0.0625
6,8,5,,,,,,,,,0.11
6,8,5,,,,,,,,,0.155
6,8,5,,,,,,,,,0.2125
6,8,5,,,,,,,,,0.29
6,9,5,,,,,,,,,0.4025
6,9,5,,,,,,,,,0.965
6,9,5,,,,,,,,,1.855
6,9,5,,,,,,,,,2.2375
6,10,5,,,,,,,,,2.2175
6,10,5,,,,,,,,,2.6275
6,10,5,,,,,,,,,3.6125
6,10,5,,,,,,,,,4.1275
6,11,5,,,,,,,,,4.5625
6,11,5,,,,,,,,,4.965
6,11,5,,,,,,,,,5.365
6,11,5,,,,,,,,,5.74
6,12,5,,,,,,,,,6.06
6,12,5,,,,,,,,,6.365
6,12,5,,,,,,,,,6.6125
6,12,5,,,,,,,,,6.875
6,13,5,,,,,,,,,7.08
6,13,5,,,,,,,,,7.27
6,13,5,,,,,,,,,7.415
6,13,5,,,,,,,,,7.53
6,14,5,,,,,,,,,7.61
6,14,5,,,,,,,,,7.655
6,14,5,,,,,,,,,7.665
6,14,5,,,,,,,,,7.6775
6,15,5,,,,,,,,,7.595
6,15,5,,,,,,,,,7.52
6,15,5,,,,,,,,,7.41
6,15,5,,,,,,,,,7.265
6,16,5,,,,,,,,,7.125
6,16,5,,,,,,,,,6.99
6,16,5,,,,,,,,,6.765
6,16,5,,,,,,,,,6.49
6,17,5,,,,,,,,,6.3275
6,17,5,,,,,,,,,6.035
6,17,5,,,,,,,,,5.53
6,17,5,,,,,,,,,4.99
6,18,5,,,,,,,,,4.9175
6,18,5,,,,,,,,,4.5875
6,18,5,,,,,,,,,4.1275
6,18,5,,,,,,,,,3.6675
6,19,5,,,,,,,,,3.215
6,19,5,,,,,,,,,2.7425
6,19,5,,,,,,,,,2.26
6,19,5,,,,,,,,,1.7925
6,20,5,,,,,,,,,1.3575
6,20,5,,,,,,,,,0.9775
6,20,5,,,,,,,,,0.685
6,20,5,,,,,,,,,0.5
6,21,5,,,,,,,,,0.39
6,21,5,,,,,,,,,0.32
6,21,5,,,,,,,,,0.25
6,21,5,,,,,,,,,0.155
6,22,5,,,,,,,,,0.075
6,22,5,,,,,,,,,0.01
6,22,5,,,,,,,,,0.0
6,22,5,,,,,,,,,0.0
6,23,5,,,,,,,,,0.0
6,23,5,,,,,,,,,0.0
6,23,5,,,,,,,,,0.0
6,23,5,,,,,,,,,0.0
6,24,5,,,,,,,,,0.0
6,24,5,,,,,,,,,0.0
6,24,5,,,,,,,,,0.0
6,24,5,,,,,,,,,0.0
6,1,6,,,,,,,,,0.0
6,1,6,,,,,,,,,0.0
6,1,6,,,,,,,,,0.0
6,1,6,,,,,,,,,0.0
6,2,6,,,,,,,,,0.0
6,2,6,,,,,,,,,0.0
6,2,6,,,,,,,,,0.0
6,2,6,,,,,,,,,0.0
6,3,6,,,,,,,,,0.0
6,3,6,,,,,,,,,0.0
6,3,6,,,,,,,,,0.0
6,3,6,,,,,,,,,0.0
6,4,6,,,,,,,,,0.0
6,4,6,,,,,,,,,0.0
6,4,6,,,,,,,,,0.0
6,4,6,,,,,,,,,0.0
6,5,6,,,,,,,,,0.0
6,5,6,,,,,,,,,0.0
6,5,6,,,,,,,,,0.0
6,5,6,,,,,,,,,0.0
6,6,6,,,,,,,,,0.0
6,6,6,,,,,,,,,0.0
6,6,6,,,,,,,,,0.0
6,6,6,,,,,,,,,0.0
6,7,6,,,,,,,,,0.0
6,7,6,,,,,,,,,0.055
6,7,6,,,,,,,,,0.23
6,7,6,,,,,,,,,0.465
6,8,6,,,,,,,,,0.5625
6,8,6,,,,,,,,,0.58
6,8,6,,,,,,,,,0.745
6,8,6,,,,,,,,,1.02
6,9,6,,,,,,,,,1.3775
6,9,6,,,,,,,,,1.805
6,9,6,,,,,,,,,2.165
6,9,6,,,,,,,,,2.65
6,10,6,,,,,,,,,3.0825
6,10,6,,,,,,,,,3.6625
6,10,6,,,,,,,,,3.805
6,10,6,,,,,,,,,3.7125
6,11,6,,,,,,,,,4.6125
6,11,6,,,,,,,,,5.0925
6,11,6,,,,,,,,,5.2725
6,11,6,,,,,,,,,5.605
6,12,6,,,,,,,,,6.0925
6,12,6,,,,,,,,,6.395
6,12,6,,,,,,,,,6.67
6,12,6,,,,,,,,,6.96
6,13,6,,,,,,,,,7.37
6,13,6,,,,,,,,,6.615
6,13,6,,,,,,,,,7.16
6,13,6,,,,,,,,,6.8025
6,14,6,,,,,,,,,6.71
6,14,6,,,,,,,,,7.39
6,14,6,,,,,,,,,7.02
6,14,6,,,,,,,,,7.0575
6,15,6,,,,,,,,,6.76
6,15,6,,,,,,,,,7.2
6,15,6,,,,,,,,,7.165
6,15,6,,,,,,,,,6.2275
6,16,6,,,,,,,,,4.985
6,16,6,,,,,,,,,5.595
6,16,6,,,,,,,,,5.75
6,16,6,,,,,,,,,6.1625
6,17,6,,,,,,,,,5.915
6,17,6,,,,,,,,,5.23
6,17,6,,,,,,,,,5.4575
6,17,6,,,,,,,,,5.185
6,18,6,,,,,,,,,4.2475
6,18,6,,,,,,,,,4.2
6,18,6,,,,,,,,,2.8225
6,18,6,,,,,,,,,3.005
6,19,6,,,,,,,,,3.0525
6,19,6,,,,,,,,,2.755
6,19,6,,,,,,,,,2.23
6,19,6,,,,,,,,,1.83
6,20,6,,,,,,,,,1.275
6,20,6,,,,,,,,,0.935
6,20,6,,,,,,,,,0.9825
6,20,6,,,,,,,,,0.755
6,21,6,,,,,,,,,0.53
6,21,6,,,,,,,,,0.435
6,21,6,,,,,,,,,0.33
6,21,6,,,,,,,,,0.2
6,22,6,,,,,,,,,0.065
6,22,6,,,,,,,,,0.0025
6,22,6,,,,,,,,,0.0
6,22,6,,,,,,,,,0.0
6,23,6,,,,,,,,,0.0
6,23,6,,,,,,,,,0.0
6,23,6,,,,,,,,,0.0
6,23,6,,,,,,,,,0.0
6,24,6,,,,,,,,,0.0
6,24,6,,,,,,,,,0.0
6,24,6,,,,,,,,,0.0
6,24,6,,,,,,,,,0.0
6,1,7,,,,,,,,,0.0
6,1,7,,,,,,,,,0.0
6,1,7,,,,,,,,,0.0
6,1,7,,,,,,,,,0.0
6,2,7,,,,,,,,,0.0
6,2,7,,,,,,,,,0.0
6,2,7,,,,,,,,,0.0
6,2,7,,,,,,,,,0.0
6,3,7,,,,,,,,,0.0
6,3,7,,,,,,,,,0.0
6,3,7,,,,,,,,,0.0
6,3,7,,,,,,,,,0.0
6,4,7,,,,,,,,,0.0
6,4,7,,,,,,,,,0.0
6,4,7,,,,,,,,,0.0
6,4,7,,,,,,,,,0.0
6,5,7,,,,,,,,,0.0
6,5,7,,,,,,,,,0.0
6,5,7,,,,,,,,,0.0
6,5,7,,,,,,,,,0.0
6,6,7,,,,,,,,,0.0
6,6,7,,,,,,,,,0.0
6,6,7,,,,,,,,,0.0
6,6,7,,,,,,,,,0.0
6,7,7,,,,,,,,,0.0
6,7,7,,,,,,,,,0.0175
6,7,7,,,,,,,,,0.0625
6,7,7,,,,,,,,,0.13
6,8,7,,,,,,,,,0.245
6,8,7,,,,,,,,,0.375
6,8,7,,,,,,,,,0.57
6,8,7,,,,,,,,,0.845
6,9,7,,,,,,,,,1.23
6,9,7,,,,,,,,,1.65
6,9,7,,,,,,,,,2.115
6,9,7,,,,,,,,,2.565
6,10,7,,,,,,,,,3.1125
6,10,7,,,,,,,,,3.5975
6,10,7,,,,,,,,,4.085
6,10,7,,,,,,,,,4.515
6,11,7,,,,,,,,,4.92
6,11,7,,,,,,,,,5.315
6,11,7,,,,,,,,,5.705
6,11,7,,,,,,,,,6.1025
6,12,7,,,,,,,,,6.405
6,12,7,,,,,,,,,6.7075
6,12,7,,,,,,,,,6.99
6,12,7,,,,,,,,,7.245
6,13,7,,,,,,,,,7.4625
6,13,7,,,,,,,,,7.665
6,13,7,,,,,,,,,7.7425
6,13,7,,,,,,,,,7.81
6,14,7,,,,,,,,,7.825
6,14,7,,,,,,,,,7.855
6,14,7,,,,,,,,,7.875
6,14,7,,,,,,,,,7.855
6,15,7,,,,,,,,,7.8575
6,15,7,,,,,,,,,7.835
6,15,7,,,,,,,,,7.8
6,15,7,,,,,,,,,7.75
6,16,7,,,,,,,,,7.445
6,16,7,,,,,,,,,6.775
6,16,7,,,,,,,,,6.96
6,16,7,,,,,,,,,5.625
6,17,7,,,,,,,,,6.58
6,17,7,,,,,,,,,5.85
6,17,7,,,,,,,,,5.77
6,17,7,,,,,,,,,4.225
6,18,7,,,,,,,,,3.4175
6,18,7,,,,,,,,,2.8
6,18,7,,,,,,,,,2.28
6,18,7,,,,,,,,,2.015
6,19,7,,,,,,,,,1.83
6,19,7,,,,,,,,,2.48
6,19,7,,,,,,,,,2.2075
6,19,7,,,,,,,,,1.9375
6,20,7,,,,,,,,,1.5075
6,20,7,,,,,,,,,1.2875
6,20,7,,,,,,,,,0.82
6,20,7,,,,,,,,,0.49
6,21,7,,,,,,,,,0.4825
6,21,7,,,,,,,,,0.615
6,21,7,,,,,,,,,0.4825
6,21,7,,,,,,,,,0.245
6,22,7,,,,,,,,,0.09
6,22,7,,,,,,,,,0.0075
6,22,7,,,,,,,,,0.0
6,22,7,,,,,,,,,0.0
6,23,7,,,,,,,,,0.0
6,23,7,,,,,,,,,0.0
6,23,7,,,,,,,,,0.0
6,23,7,,,,,,,,,0.0
6,24,7,,,,,,,,,0.0
6,24,7,,,,,,,,,0.0
6,24,7,,,,,,,,,0.0
6,24,7,,,,,,,,,0.0
6,1,1,,,,,,,,,0.0
6,1,1,,,,,,,,,0.0
6,1,1,,,,,,,,,0.0
6,1,1,,,,,,,,,0.0
6,2,1,,,,,,,,,0.0
6,2,1,,,,,,,,,0.0
6,2,1,,,,,,,,,0.0
6,2,1,,,,,,,,,0.0
6,3,1,,,,,,,,,0.0
6,3,1,,,,,,,,,0.0
6,3,1,,,,,,,,,0.0
6,3,1,,,,,,,,,0.0
6,4,1,,,,,,,,,0.0
6,4,1,,,,,,,,,0.0
6,4,1,,,,,,,,,0.0
6,4,1,,,,,,,,,0.0
6,5,1,,,,,,,,,0.0
6,5,1,,,,,,,,,0.0
6,5,1,,,,,,,,,0.0
6,5,1,,,,,,,,,0.0
6,6,1,,,,,,,,,0.0
6,6,1,,,,,,,,,0.0
6,6,1,,,,,,,,,0.0
6,6,1,,,,,,,,,0.0
6,7,1,,,,,,,,,0.0
6,7,1,,,,,,,,,0.035
6,7,1,,,,,,,,,0.16
6,7,1,,,,,,,,,0.2925
6,8,1,,,,,,,,,0.2825
6,8,1,,,,,,,,,0.43
6,8,1,,,,,,,,,0.735
6,8,1,,,,,,,,,0.8825
6,9,1,,,,,,,,,1.1225
6,9,1,,,,,,,,,1.57
6,9,1,,,,,,,,,1.845
6,9,1,,,,,,,,,1.6325
6,10,1,,,,,,,,,1.48
6,10,1,,,,,,,,,3.265
6,10,1,,,,,,,,,3.8475
6,10,1,,,,,,,,,3.925
6,11,1,,,,,,,,,3.07
6,11,1,,,,,,,,,2.66
6,11,1,,,,,,,,,4.005
6,11,1,,,,,,,,,5.71
6,12,1,,,,,,,,,5.29
6,12,1,,,,,,,,,4.1425
6,12,1,,,,,,,,,5.4075
6,12,1,,,,,,,,,5.395
6,13,1,,,,,,,,,6.5375
6,13,1,,,,,,,,,6.845
6,13,1,,,,,,,,,7.17
6,13,1,,,,,,,,,5.805
6,14,1,,,,,,,,,7.375
6,14,1,,,,,,,,,7.52
6,14,1,,,,,,,,,7.18
6,14,1,,,,,,,,,6.2375
6,15,1,,,,,,,,,5.9025
6,15,1,,,,,,,,,5.395
6,15,1,,,,,,,,,6.07
6,15,1,,,,,,,,,5.705
6,16,1,,,,,,,,,4.8275
6,16,1,,,,,,,,,5.8275
6,16,1,,,,,,,,,5.045
6,16,1,,,,,,,,,5.16
6,17,1,,,,,,,,,4.69
6,17,1,,,,,,,,,4.48
6,17,1,,,,,,,,,3.62
6,17,1,,,,,,,,,4.73
6,18,1,,,,,,,,,4.895
6,18,1,,,,,,,,,3.6
6,18,1,,,,,,,,,3.6175
6,18,1,,,,,,,,,3.05
6,19,1,,,,,,,,,2.3775
6,19,1,,,,,,,,,1.84
6,19,1,,,,,,,,,1.89
6,19,1,,,,,,,,,1.42
6,20,1,,,,,,,,,0.9125
6,20,1,,,,,,,,,1.04
6,20,1,,,,,,,,,0.92
6,20,1,,,,,,,,,0.745
6,21,1,,,,,,,,,0.685
6,21,1,,,,,,,,,0.4075
6,21,1,,,,,,,,,0.2425
6,21,1,,,,,,,,,0.17
6,22,1,,,,,,,,,0.06
6,22,1,,,,,,,,,0.0
6,22,1,,,,,,,,,0.0
6,22,1,,,,,,,,,0.0
6,23,1,,,,,,,,,0.0
6,23,1,,,,,,,,,0.0
6,23,1,,,,,,,,,0.0
6,23,1,,,,,,,,,0.0
6,24,1,,,,,,,,,0.0
6,24,1,,,,,,,,,0.0
6,24,1,,,,,,,,,0.0
6,24,1,,,,,,,,,0.0
6,1,2,,,,,,,,,0.0
6,1,2,,,,,,,,,0.0
6,1,2,,,,,,,,,0.0
6,1,2,,,,,,,,,0.0
6,2,2,,,,,,,,,0.0
6,2,2,,,,,,,,,0.0
6,2,2,,,,,,,,,0.0
6,2,2,,,,,,,,,0.0
6,3,2,,,,,,,,,0.0
6,3,2,,,,,,,,,0.0
6,3,2,,,,,,,,,0.0
6,3,2,,,,,,,,,0.0
6,4,2,,,,,,,,,0.0
6,4,2,,,,,,,,,0.0
6,4,2,,,,,,,,,0.0
6,4,2,,,,,,,,,0.0
6,5,2,,,,,,,,,0.0
6,5,2,,,,,,,,,0.0
6,5,2,,,,,,,,,0.0
6,5,2,,,,,,,,,0.0
6,6,2,,,,,,,,,0.0
6,6,2,,,,,,,,,0.0
6,6,2,,,,,,,,,0.0
6,6,2,,,,,,,,,0.0
6,7,2,,,,,,,,,0.0
6,7,2,,,,,,,,,0.0
6,7,2,,,,,,,,,0.0
6,7,2,,,,,,,,,0.015
6,8,2,,,,,,,,,0.105
6,8,2,,,,,,,,,0.2375
6,8,2,,,,,,,,,0.3125
6,8,2,,,,,,,,,0.37
6,9,2,,,,,,,,,0.4425
6,9,2,,,,,,,,,0.575
6,9,2,,,,,,,,,0.62
6,9,2,,,,,,,,,0.67
6,10,2,,,,,,,,,0.905
6,10,2,,,,,,,,,0.9175
6,10,2,,,,,,,,,1.27
6,10,2,,,,,,,,,1.5675
6,11,2,,,,,,,,,1.47
6,11,2,,,,,,,,,1.89
6,11,2,,,,,,,,,1.59
6,11,2,,,,,,,,,2.09
6,12,2,,,,,,,,,2.16
6,12,2,,,,,,,,,2.29
6,12,2,,,,,,,,,2.345
6,12,2,,,,,,,,,2.37
6,13,2,,,,,,,,,1.8075
6,13,2,,,,,,,,,2.405
6,13,2,,,,,,,,,2.165
6,13,2,,,,,,,,,1.905
6,14,2,,,,,,,,,1.645
6,14,2,,,,,,,,,1.4025
6,14,2,,,,,,,,,2.0
6,14,2,,,,,,,,,3.525
6,15,2,,,,,,,,,4.725
6,15,2,,,,,,,,,7.2075
6,15,2,,,,,,,,,7.3925
6,15,2,,,,,,,,,7.08
6,16,2,,,,,,,,,6.935
6,16,2,,,,,,,,,5.76
6,16,2,,,,,,,,,6.0325
6,16,2,,,,,,,,,6.3175
6,17,2,,,,,,,,,5.825
6,17,2,,,,,,,,,5.84
6,17,2,,,,,,,,,5.4925
6,17,2,,,,,,,,,5.17
6,18,2,,,,,,,,,4.33
6,18,2,,,,,,,,,3.6925
6,18,2,,,,,,,,,3.055
6,18,2,,,,,,,,,2.92
6,19,2,,,,,,,,,3.0975
6,19,2,,,,,,,,,2.675
6,19,2,,,,,,,,,2.28
6,19,2,,,,,,,,,1.8
6,20,2,,,,,,,,,1.605
6,20,2,,,,,,,,,1.315
6,20,2,,,,,,,,,1.0025
6,20,2,,,,,,,,,0.64
6,21,2,,,,,,,,,0.47
6,21,2,,,,,,,,,0.245
6,21,2,,,,,,,,,0.11
6,21,2,,,,,,,,,0.0725
6,22,2,,,,,,,,,0.035
6,22,2,,,,,,,,,0.0
6,22,2,,,,,,,,,0.0
6,22,2,,,,,,,,,0.0
6,23,2,,,,,,,,,0.0
6,23,2,,,,,,,,,0.0
6,23,2,,,,,,,,,0.0
6,23,2,,,,,,,,,0.0
6,24,2,,,,,,,,,0.0
6,24,2,,,,,,,,,0.0
6,24,2,,,,,,,,,0.0
6,24,2,,,,,,,,,0.0
6,1,3,,,,,,,,,0.0
6,1,3,,,,,,,,,0.0
6,1,3,,,,,,,,,0.0
6,1,3,,,,,,,,,0.0
6,2,3,,,,,,,,,0.0
6,2,3,,,,,,,,,0.0
6,2,3,,,,,,,,,0.0
6,2,3,,,,,,,,,0.0
6,3,3,,,,,,,,,0.0
6,3,3,,,,,,,,,0.0
6,3,3,,,,,,,,,0.0
6,3,3,,,,,,,,,0.0
6,4,3,,,,,,,,,0.0
6,4,3,,,,,,,,,0.0
6,4,3,,,,,,,,,0.0
6,4,3,,,,,,,,,0.0
6,5,3,,,,,,,,,0.0
6,5,3,,,,,,,,,0.0
6,5,3,,,,,,,,,0.0
6,5,3,,,,,,,,,0.0
6,6,3,,,,,,,,,0.0
6,6,3,,,,,,,,,0.0
6,6,3,,,,,,,,,0.0
6,6,3,,,,,,,,,0.0
6,7,3,,,,,,,,,0.0
6,7,3,,,,,,,,,0.0
6,7,3,,,,,,,,,0.0
6,7,3,,,,,,,,,0.03
6,8,3,,,,,,,,,0.1875
6,8,3,,,,,,,,,0.375
6,8,3,,,,,,,,,0.395
6,8,3,,,,,,,,,0.61
6,9,3,,,,,,,,,0.8625
6,9,3,,,,,,,,,1.3325
6,9,3,,,,,,,,,1.565
6,9,3,,,,,,,,,1.4575
6,10,3,,,,,,,,,1.955
6,10,3,,,,,,,,,2.135
6,10,3,,,,,,,,,3.8425
6,10,3,,,,,,,,,4.345
6,11,3,,,,,,,,,4.28
6,11,3,,,,,,,,,4.555
6,11,3,,,,,,,,,5.325
6,11,3,,,,,,,,,5.2475
6,12,3,,,,,,,,,6.3275
6,12,3,,,,,,,,,6.02
6,12,3,,,,,,,,,5.32
6,12,3,,,,,,,,,4.455
6,13,3,,,,,,,,,5.35
6,13,3,,,,,,,,,6.735
6,13,3,,,,,,,,,6.505
6,13,3,,,,,,,,,5.72
6,14,3,,,,,,,,,7.5
6,14,3,,,,,,,,,6.74
6,14,3,,,,,,,,,7.895
6,14,3,,,,,,,,,6.925
6,15,3,,,,,,,,,5.14
6,15,3,,,,,,,,,5.1025
6,15,3,,,,,,,,,6.28
6,15,3,,,,,,,,,6.8175
6,16,3,,,,,,,,,7.1025
6,16,3,,,,,,,,,4.97
6,16,3,,,,,,,,,3.7975
6,16,3,,,,,,,,,4.0425
6,17,3,,,,,,,,,3.28
6,17,3,,,,,,,,,3.265
6,17,3,,,,,,,,,1.49
6,17,3,,,,,,,,,1.2225
6,18,3,,,,,,,,,1.465
6,18,3,,,,,,,,,1.48
6,18,3,,,,,,,,,1.555
6,18,3,,,,,,,,,1.56
6,19,3,,,,,,,,,1.475
6,19,3,,,,,,,,,1.37
6,19,3,,,,,,,,,1.6625
6,19,3,,,,,,,,,2.345
6,20,3,,,,,,,,,1.7525
6,20,3,,,,,,,,,1.03
6,20,3,,,,,,,,,0.705
6,20,3,,,,,,,,,0.4775
6,21,3,,,,,,,,,0.5325
6,21,3,,,,,,,,,0.4775
6,21,3,,,,,,,,,0.3575
6,21,3,,,,,,,,,0.2825
6,22,3,,,,,,,,,0.0975
6,22,3,,,,,,,,,0.015
6,22,3,,,,,,,,,0.0
6,22,3,,,,,,,,,0.0
6,23,3,,,,,,,,,0.0
6,23,3,,,,,,,,,0.0
6,23,3,,,,,,,,,0.0
6,23,3,,,,,,,,,0.0
6,24,3,,,,,,,,,0.0
6,24,3,,,,,,,,,0.0
6,24,3,,,,,,,,,0.0
6,24,3,,,,,,,,,0.0
6,1,4,,,,,,,,,0.0
6,1,4,,,,,,,,,0.0
6,1,4,,,,,,,,,0.0
6,1,4,,,,,,,,,0.0
6,2,4,,,,,,,,,0.0
6,2,4,,,,,,,,,0.0
6,2,4,,,,,,,,,0.0
6,2,4,,,,,,,,,0.0
6,3,4,,,,,,,,,0.0
6,3,4,,,,,,,,,0.0
6,3,4,,,,,,,,,0.0
6,3,4,,,,,,,,,0.0
6,4,4,,,,,,,,,0.0
6,4,4,,,,,,,,,0.0
6,4,4,,,,,,,,,0.0
6,4,4,,,,,,,,,0.0
6,5,4,,,,,,,,,0.0
6,5,4,,,,,,,,,0.0
6,5,4,,,,,,,,,0.0
6,5,4,,,,,,,,,0.0
6,6,4,,,,,,,,,0.0
6,6,4,,,,,,,,,0.0
6,6,4,,,,,,,,,0.0
6,6,4,,,,,,,,,0.0
6,7,4,,,,,,,,,0.0
6,7,4,,,,,,,,,0.0025
6,7,4,,,,,,,,,0.06
6,7,4,,,,,,,,,0.1525
6,8,4,,,,,,,,,0.22
6,8,4,,,,,,,,,0.31
6,8,4,,,,,,,,,0.4625
6,8,4,,,,,,,,,0.705
6,9,4,,,,,,,,,1.0775
6,9,4,,,,,,,,,1.5
6,9,4,,,,,,,,,1.9875
6,9,4,,,,,,,,,2.4675
6,10,4,,,,,,,,,2.9775
6,10,4,,,,,,,,,3.46
6,10,4,,,,,,,,,3.93
6,10,4,,,,,,,,,4.375
6,11,4,,,,,,,,,4.7975
6,11,4,,,,,,,,,5.2125
6,11,4,,,,,,,,,5.595
6,11,4,,,,,,,,,5.9475
6,12,4,,,,,,,,,6.27
6,12,4,,,,,,,,,6.56
6,12,4,,,,,,,,,6.845
6,12,4,,,,,,,,,7.07
6,13,4,,,,,,,,,7.2725
6,13,4,,,,,,,,,7.47
6,13,4,,,,,,,,,7.625
6,13,4,,,,,,,,,7.7125
6,14,4,,,,,,,,,7.775
6,14,4,,,,,,,,,7.7975
6,14,4,,,,,,,,,7.81
6,14,4,,,,,,,,,7.8025
6,15,4,,,,,,,,,7.79
6,15,4,,,,,,,,,7.77
6,15,4,,,,,,,,,7.6775
6,15,4,,,,,,,,,7.55
6,16,4,,,,,,,,,7.3975
6,16,4,,,,,,,,,7.21
6,16,4,,,,,,,,,6.995
6,16,4,,,,,,,,,6.745
6,17,4,,,,,,,,,6.5
6,17,4,,,,,,,,,6.2
6,17,4,,,,,,,,,5.855
6,17,4,,,,,,,,,5.505
6,18,4,,,,,,,,,5.0975
6,18,4,,,,,,,,,4.68
6,18,4,,,,,,,,,4.24
6,18,4,,,,,,,,,3.79
6,19,4,,,,,,,,,3.305
6,19,4,,,,,,,,,2.83
6,19,4,,,,,,,,,2.335
6,19,4,,,,,,,,,1.855
6,20,4,,,,,,,,,1.38
6,20,4,,,,,,,,,0.9575
6,20,4,,,,,,,,,0.6025
6,20,4,,,,,,,,,0.5175
6,21,4,,,,,,,,,0.71
6,21,4,,,,,,,,,0.455
6,21,4,,,,,,,,,0.35
6,21,4,,,,,,,,,0.16
6,22,4,,,,,,,,,0.07
6,22,4,,,,,,,,,0.015
6,22,4,,,,,,,,,0.0
6,22,4,,,,,,,,,0.0
6,23,4,,,,,,,,,0.0
6,23,4,,,,,,,,,0.0
6,23,4,,,,,,,,,0.0
6,23,4,,,,,,,,,0.0
6,24,4,,,,,,,,,0.0
6,24,4,,,,,,,,,0.0
6,24,4,,,,,,,,,0.0
6,24,4,,,,,,,,,0.0
6,1,5,,,,,,,,,0.0
6,1,5,,,,,,,,,0.0
6,1,5,,,,,,,,,0.0
6,1,5,,,,,,,,,0.0
6,2,5,,,,,,,,,0.0
6,2,5,,,,,,,,,0.0
6,2,5,,,,,,,,,0.0
6,2,5,,,,,,,,,0.0
6,3,5,,,,,,,,,0.0
6,3,5,,,,,,,,,0.0
6,3,5,,,,,,,,,0.0
6,3,5,,,,,,,,,0.0
6,4,5,,,,,,,,,0.0
6,4,5,,,,,,,,,0.0
6,4,5,,,,,,,,,0.0
6,4,5,,,,,,,,,0.0
6,5,5,,,,,,,,,0.0
6,5,5,,,,,,,,,0.0
6,5,5,,,,,,,,,0.0
6,5,5,,,,,,,,,0.0
6,6,5,,,,,,,,,0.0
6,6,5,,,,,,,,,0.0
6,6,5,,,,,,,,,0.0
6,6,5,,,,,,,,,0.0
6,7,5,,,,,,,,,0.0
6,7,5,,,,,,,,,0.0
6,7,5,,,,,,,,,0.025
6,7,5,,,,,,,,,0.1575
6,8,5,,,,,,,,,0.28
6,8,5,,,,,,,,,0.4675
6,8,5,,,,,,,,,0.675
6,8,5,,,,,,,,,0.915
6,9,5,,,,,,,,,0.9475
6,9,5,,,,,,,,,1.2625
6,9,5,,,,,,,,,1.4625
6,9,5,,,,,,,,,2.3975
6,10,5,,,,,,,,,2.9325
6,10,5,,,,,,,,,3.46
6,10,5,,,,,,,,,3.9275
6,10,5,,,,,,,,,4.395
6,11,5,,,,,,,,,4.8125
6,11,5,,,,,,,,,4.6925
6,11,5,,,,,,,,,4.3375
6,11,5,,,,,,,,,4.885
6,12,5,,,,,,,,,4.925
6,12,5,,,,,,,,,5.685
6,12,5,,,,,,,,,6.3225
6,12,5,,,,,,,,,6.76
6,13,5,,,,,,,,,6.6075
6,13,5,,,,,,,,,6.375
6,13,5,,,,,,,,,7.08
6,13,5,,,,,,,,,7.77
6,14,5,,,,,,,,,7.8175
6,14,5,,,,,,,,,7.64
6,14,5,,,,,,,,,7.66
6,14,5,,,,,,,,,7.605
6,15,5,,,,,,,,,7.115
6,15,5,,,,,,,,,7.49
6,15,5,,,,,,,,,7.81
6,15,5,,,,,,,,,7.74
6,16,5,,,,,,,,,7.58
6,16,5,,,,,,,,,7.39
6,16,5,,,,,,,,,7.165
6,16,5,,,,,,,,,6.9075
6,17,5,,,,,,,,,6.6025
6,17,5,,,,,,,,,6.295
6,17,5,,,,,,,,,5.9675
6,17,5,,,,,,,,,5.555
6,18,5,,,,,,,,,5.15
6,18,5,,,,,,,,,4.7375
6,18,5,,,,,,,,,4.305
6,18,5,,,,,,,,,3.8525
6,19,5,,,,,,,,,3.37
6,19,5,,,,,,,,,2.88
6,19,5,,,,,,,,,2.365
6,19,5,,,,,,,,,1.865
6,20,5,,,,,,,,,1.385
6,20,5,,,,,,,,,0.9575
6,20,5,,,,,,,,,0.6225
6,20,5,,,,,,,,,0.415
6,21,5,,,,,,,,,0.3125
6,21,5,,,,,,,,,0.26
6,21,5,,,,,,,,,0.2075
6,21,5,,,,,,,,,0.1475
6,22,5,,,,,,,,,0.0775
6,22,5,,,,,,,,,0.015
6,22,5,,,,,,,,,0.0
6,22,5,,,,,,,,,0.0
6,23,5,,,,,,,,,0.0
6,23,5,,,,,,,,,0.0
6,23,5,,,,,,,,,0.0
6,23,5,,,,,,,,,0.0
6,24,5,,,,,,,,,0.0
6,24,5,,,,,,,,,0.0
6,24,5,,,,,,,,,0.0
6,24,5,,,,,,,,,0.0
6,1,6,,,,,,,,,0.0
6,1,6,,,,,,,,,0.0
6,1,6,,,,,,,,,0.0
6,1,6,,,,,,,,,0.0
6,2,6,,,,,,,,,0.0
6,2,6,,,,,,,,,0.0
6,2,6,,,,,,,,,0.0
6,2,6,,,,,,,,,0.0
6,3,6,,,,,,,,,0.0
6,3,6,,,,,,,,,0.0
6,3,6,,,,,,,,,0.0
6,3,6,,,,,,,,,0.0
6,4,6,,,,,,,,,0.0
6,4,6,,,,,,,,,0.0
6,4,6,,,,,,,,,0.0
6,4,6,,,,,,,,,0.0
6,5,6,,,,,,,,,0.0
6,5,6,,,,,,,,,0.0
6,5,6,,,,,,,,,0.0
6,5,6,,,,,,,,,0.0
6,6,6,,,,,,,,,0.0
6,6,6,,,,,,,,,0.0
6,6,6,,,,,,,,,0.0
6,6,6,,,,,,,,,0.0
6,7,6,,,,,,,,,0.0
6,7,6,,,,,,,,,0.005
6,7,6,,,,,,,,,0.07
6,7,6,,,,,,,,,0.1625
6,8,6,,,,,,,,,0.25
6,8,6,,,,,,,,,0.3625
6,8,6,,,,,,,,,0.555
6,8,6,,,,,,,,,0.555
6,9,6,,,,,,,,,0.655
6,9,6,,,,,,,,,1.345
6,9,6,,,,,,,,,1.905
6,9,6,,,,,,,,,2.3075
6,10,6,,,,,,,,,2.8575
6,10,6,,,,,,,,,3.3375
6,10,6,,,,,,,,,3.77
6,10,6,,,,,,,,,4.2225
6,11,6,,,,,,,,,4.6325
6,11,6,,,,,,,,,5.0
6,11,6,,,,,,,,,5.3375
6,11,6,,,,,,,,,5.6525
6,12,6,,,,,,,,,5.9525
6,12,6,,,,,,,,,6.205
6,12,6,,,,,,,,,6.49
6,12,6,,,,,,,,,6.7325
6,13,6,,,,,,,,,6.97
6,13,6,,,,,,,,,7.185
6,13,6,,,,,,,,,7.3725
6,13,6,,,,,,,,,7.5075
6,14,6,,,,,,,,,7.61
6,14,6,,,,,,,,,7.6975
6,14,6,,,,,,,,,7.725
6,14,6,,,,,,,,,7.76
6,15,6,,,,,,,,,7.51
6,15,6,,,,,,,,,7.565
6,15,6,,,,,,,,,7.5175
6,15,6,,,,,,,,,7.3925
6,16,6,,,,,,,,,7.1875
6,16,6,,,,,,,,,6.915
6,16,6,,,,,,,,,6.8175
6,16,6,,,,,,,,,6.58
6,17,6,,,,,,,,,6.2925
6,17,6,,,,,,,,,5.9825
6,17,6,,,,,,,,,5.62
6,17,6,,,,,,,,,5.34
6,18,6,,,,,,,,,4.9225
6,18,6,,,,,,,,,4.505
6,18,6,,,,,,,,,4.09
6,18,6,,,,,,,,,3.6375
6,19,6,,,,,,,,,3.2225
6,19,6,,,,,,,,,2.75
6,19,6,,,,,,,,,2.295
6,19,6,,,,,,,,,1.8575
6,20,6,,,,,,,,,1.44
6,20,6,,,,,,,,,1.095
6,20,6,,,,,,,,,0.7975
6,20,6,,,,,,,,,0.615
6,21,6,,,,,,,,,0.4875
6,21,6,,,,,,,,,0.385
6,21,6,,,,,,,,,0.2875
6,21,6,,,,,,,,,0.175
6,22,6,,,,,,,,,0.075
6,22,6,,,,,,,,,0.01
6,22,6,,,,,,,,,0.0
6,22,6,,,,,,,,,0.0
6,23,6,,,,,,,,,0.0
6,23,6,,,,,,,,,0.0
6,23,6,,,,,,,,,0.0
6,23,6,,,,,,,,,0.0
6,24,6,,,,,,,,,0.0
6,24,6,,,,,,,,,0.0
6,24,6,,,,,,,,,0.0
6,24,6,,,,,,,,,0.0
6,1,7,,,,,,,,,0.0
6,1,7,,,,,,,,,0.0
6,1,7,,,,,,,,,0.0
6,1,7,,,,,,,,,0.0
6,2,7,,,,,,,,,0.0
6,2,7,,,,,,,,,0.0
6,2,7,,,,,,,,,0.0
6,2,7,,,,,,,,,0.0
6,3,7,,,,,,,,,0.0
6,3,7,,,,,,,,,0.0
6,3,7,,,,,,,,,0.0
6,3,7,,,,,,,,,0.0
6,4,7,,,,,,,,,0.0
6,4,7,,,,,,,,,0.0
6,4,7,,,,,,,,,0.0
6,4,7,,,,,,,,,0.0
6,5,7,,,,,,,,,0.0
6,5,7,,,,,,,,,0.0
6,5,7,,,,,,,,,0.0
6,5,7,,,,,,,,,0.0
6,6,7,,,,,,,,,0.0
6,6,7,,,,,,,,,0.0
6,6,7,,,,,,,,,0.0
6,6,7,,,,,,,,,0.0
6,7,7,,,,,,,,,0.0
6,7,7,,,,,,,,,0.0
6,7,7,,,,,,,,,0.04
6,7,7,,,,,,,,,0.13
6,8,7,,,,,,,,,0.21
6,8,7,,,,,,,,,0.295
6,8,7,,,,,,,,,0.54
6,8,7,,,,,,,,,0.715
6,9,7,,,,,,,,,0.9375
6,9,7,,,,,,,,,1.205
6,9,7,,,,,,,,,1.49
6,9,7,,,,,,,,,1.605
6,10,7,,,,,,,,,2.59
6,10,7,,,,,,,,,3.41
6,10,7,,,,,,,,,4.26
6,10,7,,,,,,,,,3.0775
6,11,7,,,,,,,,,1.89
6,11,7,,,,,,,,,4.97
6,11,7,,,,,,,,,5.3
6,11,7,,,,,,,,,5.6125
6,12,7,,,,,,,,,6.3075
6,12,7,,,,,,,,,4.545
6,12,7,,,,,,,,,6.625
6,12,7,,,,,,,,,6.455
6,13,7,,,,,,,,,6.955
6,13,7,,,,,,,,,6.9175
6,13,7,,,,,,,,,7.6425
6,13,7,,,,,,,,,6.705
6,14,7,,,,,,,,,6.455
6,14,7,,,,,,,,,6.3175
6,14,7,,,,,,,,,7.53
6,14,7,,,,,,,,,4.205
6,15,7,,,,,,,,,4.435
6,15,7,,,,,,,,,7.0725
6,15,7,,,,,,,,,6.3575
6,15,7,,,,,,,,,7.275
6,16,7,,,,,,,,,5.5225
6,16,7,,,,,,,,,4.7825
6,16,7,,,,,,,,,4.2175
6,16,7,,,,,,,,,4.72
6,17,7,,,,,,,,,1.5375
6,17,7,,,,,,,,,4.055
6,17,7,,,,,,,,,5.8875
6,17,7,,,,,,,,,5.3825
6,18,7,,,,,,,,,4.9325
6,18,7,,,,,,,,,4.4625
6,18,7,,,,,,,,,4.1225
6,18,7,,,,,,,,,3.66
6,19,7,,,,,,,,,2.13
6,19,7,,,,,,,,,2.0575
6,19,7,,,,,,,,,2.5175
6,19,7,,,,,,,,,1.8875
6,20,7,,,,,,,,,1.495
6,20,7,,,,,,,,,1.18
6,20,7,,,,,,,,,0.8975
6,20,7,,,,,,,,,0.71
6,21,7,,,,,,,,,0.38
6,21,7,,,,,,,,,0.2875
6,21,7,,,,,,,,,0.29
6,21,7,,,,,,,,,0.27
6,22,7,,,,,,,,,0.07
6,22,7,,,,,,,,,0.005
6,22,7,,,,,,,,,0.0
6,22,7,,,,,,,,,0.0
6,23,7,,,,,,,,,0.0
6,23,7,,,,,,,,,0.0
6,23,7,,,,,,,,,0.0
6,23,7,,,,,,,,,0.0
6,24,7,,,,,,,,,0.0
6,24,7,,,,,,,,,0.0
6,24,7,,,,,,,,,0.0
6,24,7,,,,,,,,,0.0
6,1,1,,,,,,,,,0.0
6,1,1,,,,,,,,,0.0
6,1,1,,,,,,,,,0.0
6,1,1,,,,,,,,,0.0
6,2,1,,,,,,,,,0.0
6,2,1,,,,,,,,,0.0
6,2,1,,,,,,,,,0.0
6,2,1,,,,,,,,,0.0
6,3,1,,,,,,,,,0.0
6,3,1,,,,,,,,,0.0
6,3,1,,,,,,,,,0.0
6,3,1,,,,,,,,,0.0
6,4,1,,,,,,,,,0.0
6,4,1,,,,,,,,,0.0
6,4,1,,,,,,,,,0.0
6,4,1,,,,,,,,,0.0
6,5,1,,,,,,,,,0.0
6,5,1,,,,,,,,,0.0
6,5,1,,,,,,,,,0.0
6,5,1,,,,,,,,,0.0
6,6,1,,,,,,,,,0.0
6,6,1,,,,,,,,,0.0
6,6,1,,,,,,,,,0.0
6,6,1,,,,,,,,,0.0
6,7,1,,,,,,,,,0.0
6,7,1,,,,,,,,,0.0
6,7,1,,,,,,,,,0.01
6,7,1,,,,,,,,,0.0575
6,8,1,,,,,,,,,0.1
6,8,1,,,,,,,,,0.1375
6,8,1,,,,,,,,,0.195
6,8,1,,,,,,,,,0.4975
6,9,1,,,,,,,,,1.0675
6,9,1,,,,,,,,,1.45
6,9,1,,,,,,,,,1.875
6,9,1,,,,,,,,,2.31
6,10,1,,,,,,,,,2.5175
6,10,1,,,,,,,,,2.605
6,10,1,,,,,,,,,2.74
6,10,1,,,,,,,,,3.19
6,11,1,,,,,,,,,4.3225
6,11,1,,,,,,,,,5.0
6,11,1,,,,,,,,,5.3625
6,11,1,,,,,,,,,5.655
6,12,1,,,,,,,,,1.88
6,12,1,,,,,,,,,0.0
6,12,1,,,,,,,,,0.0
6,12,1,,,,,,,,,0.0
6,13,1,,,,,,,,,0.0
6,13,1,,,,,,,,,1.14
6,13,1,,,,,,,,,7.115
6,13,1,,,,,,,,,3.245
6,14,1,,,,,,,,,7.2475
6,14,1,,,,,,,,,7.7225
6,14,1,,,,,,,,,7.755
6,14,1,,,,,,,,,7.72
6,15,1,,,,,,,,,7.7225
6,15,1,,,,,,,,,7.66
6,15,1,,,,,,,,,7.56
6,15,1,,,,,,,,,7.405
6,16,1,,,,,,,,,7.2825
6,16,1,,,,,,,,,7.1
6,16,1,,,,,,,,,6.8825
6,16,1,,,,,,,,,6.635
6,17,1,,,,,,,,,6.37
6,17,1,,,,,,,,,6.07
6,17,1,,,,,,,,,5.7575
6,17,1,,,,,,,,,5.41
6,18,1,,,,,,,,,4.99
6,18,1,,,,,,,,,4.5525
6,18,1,,,,,,,,,4.1375
6,18,1,,,,,,,,,3.69
6,19,1,,,,,,,,,3.2325
6,19,1,,,,,,,,,2.775
6,19,1,,,,,,,,,2.295
6,19,1,,,,,,,,,1.835
6,20,1,,,,,,,,,1.42
6,20,1,,,,,,,,,1.05
6,20,1,,,,,,,,,0.76
6,20,1,,,,,,,,,0.5675
6,21,1,,,,,,,,,0.455
6,21,1,,,,,,,,,0.375
6,21,1,,,,,,,,,0.2775
6,21,1,,,,,,,,,0.1825
6,22,1,,,,,,,,,0.085
6,22,1,,,,,,,,,0.01
6,22,1,,,,,,,,,0.0
6,22,1,,,,,,,,,0.0
6,23,1,,,,,,,,,0.0
6,23,1,,,,,,,,,0.0
6,23,1,,,,,,,,,0.0
6,23,1,,,,,,,,,0.0
6,24,1,,,,,,,,,0.0
6,24,1,,,,,,,,,0.0
6,24,1,,,,,,,,,0.0
6,24,1,,,,,,,,,0.0
7,1,2,,,,,,,,,0.0
7,1,2,,,,,,,,,0.0
7,1,2,,,,,,,,,0.0
7,1,2,,,,,,,,,0.0
7,2,2,,,,,,,,,0.0
7,2,2,,,,,,,,,0.0
7,2,2,,,,,,,,,0.0
7,2,2,,,,,,,,,0.0
7,3,2,,,,,,,,,0.0
7,3,2,,,,,,,,,0.0
7,3,2,,,,,,,,,0.0
7,3,2,,,,,,,,,0.0
7,4,2,,,,,,,,,0.0
7,4,2,,,,,,,,,0.0
7,4,2,,,,,,,,,0.0
7,4,2,,,,,,,,,0.0
7,5,2,,,,,,,,,0.0
7,5,2,,,,,,,,,0.0
7,5,2,,,,,,,,,0.0
7,5,2,,,,,,,,,0.0
7,6,2,,,,,,,,,0.0
7,6,2,,,,,,,,,0.0
7,6,2,,,,,,,,,0.0
7,6,2,,,,,,,,,0.0
7,7,2,,,,,,,,,0.0
7,7,2,,,,,,,,,0.0
7,7,2,,,,,,,,,0.0525
7,7,2,,,,,,,,,0.15
7,8,2,,,,,,,,,0.2425
7,8,2,,,,,,,,,0.405
7,8,2,,,,,,,,,0.58
7,8,2,,,,,,,,,0.6825
7,9,2,,,,,,,,,0.9425
7,9,2,,,,,,,,,1.1725
7,9,2,,,,,,,,,1.22
7,9,2,,,,,,,,,1.545
7,10,2,,,,,,,,,1.7575
7,10,2,,,,,,,,,1.98
7,10,2,,,,,,,,,2.3075
7,10,2,,,,,,,,,2.86
7,11,2,,,,,,,,,4.05
7,11,2,,,,,,,,,4.65
7,11,2,,,,,,,,,5.1925
7,11,2,,,,,,,,,5.565
7,12,2,,,,,,,,,5.9225
7,12,2,,,,,,,,,6.2175
7,12,2,,,,,,,,,6.5275
7,12,2,,,,,,,,,6.7775
7,13,2,,,,,,,,,6.9625
7,13,2,,,,,,,,,7.17
7,13,2,,,,,,,,,7.345
7,13,2,,,,,,,,,7.4625
7,14,2,,,,,,,,,7.5425
7,14,2,,,,,,,,,7.615
7,14,2,,,,,,,,,7.64
7,14,2,,,,,,,,,7.685
7,15,2,,,,,,,,,7.655
7,15,2,,,,,,,,,7.5525
7,15,2,,,,,,,,,7.4975
7,15,2,,,,,,,,,7.44
7,16,2,,,,,,,,,7.27
7,16,2,,,,,,,,,7.09
7,16,2,,,,,,,,,6.81
7,16,2,,,,,,,,,6.6075
7,17,2,,,,,,,,,6.345
7,17,2,,,,,,,,,6.01
7,17,2,,,,,,,,,5.6975
7,17,2,,,,,,,,,5.35
7,18,2,,,,,,,,,4.9525
7,18,2,,,,,,,,,4.58
7,18,2,,,,,,,,,4.155
7,18,2,,,,,,,,,3.6875
7,19,2,,,,,,,,,3.2275
7,19,2,,,,,,,,,2.7575
7,19,2,,,,,,,,,2.285
7,19,2,,,,,,,,,1.8525
7,20,2,,,,,,,,,1.42
7,20,2,,,,,,,,,1.055
7,20,2,,,,,,,,,0.775
7,20,2,,,,,,,,,0.575
7,21,2,,,,,,,,,0.4575
7,21,2,,,,,,,,,0.3675
7,21,2,,,,,,,,,0.2825
7,21,2,,,,,,,,,0.185
7,22,2,,,,,,,,,0.0825
7,22,2,,,,,,,,,0.01
7,22,2,,,,,,,,,0.0
7,22,2,,,,,,,,,0.0
7,23,2,,,,,,,,,0.0
7,23,2,,,,,,,,,0.0
7,23,2,,,,,,,,,0.0
7,23,2,,,,,,,,,0.0
7,24,2,,,,,,,,,0.0
7,24,2,,,,,,,,,0.0
7,24,2,,,,,,,,,0.0
7,24,2,,,,,,,,,0.0
7,1,3,,,,,,,,,0.0
7,1,3,,,,,,,,,0.0
7,1,3,,,,,,,,,0.0
7,1,3,,,,,,,,,0.0
7,2,3,,,,,,,,,0.0
7,2,3,,,,,,,,,0.0
7,2,3,,,,,,,,,0.0
7,2,3,,,,,,,,,0.0
7,3,3,,,,,,,,,0.0
7,3,3,,,,,,,,,0.0
7,3,3,,,,,,,,,0.0
7,3,3,,,,,,,,,0.0
7,4,3,,,,,,,,,0.0
7,4,3,,,,,,,,,0.0
7,4,3,,,,,,,,,0.0
7,4,3,,,,,,,,,0.0
7,5,3,,,,,,,,,0.0
7,5,3,,,,,,,,,0.0
7,5,3,,,,,,,,,0.0
7,5,3,,,,,,,,,0.0
7,6,3,,,,,,,,,0.0
7,6,3,,,,,,,,,0.0
7,6,3,,,,,,,,,0.0
7,6,3,,,,,,,,,0.0
7,7,3,,,,,,,,,0.0
7,7,3,,,,,,,,,0.0
7,7,3,,,,,,,,,0.0475
7,7,3,,,,,,,,,0.17
7,8,3,,,,,,,,,0.285
7,8,3,,,,,,,,,0.42
7,8,3,,,,,,,,,0.5975
7,8,3,,,,,,,,,0.795
7,9,3,,,,,,,,,1.0725
7,9,3,,,,,,,,,1.3975
7,9,3,,,,,,,,,1.615
7,9,3,,,,,,,,,1.9475
7,10,3,,,,,,,,,2.2625
7,10,3,,,,,,,,,2.635
7,10,3,,,,,,,,,3.0075
7,10,3,,,,,,,,,3.7325
7,11,3,,,,,,,,,3.745
7,11,3,,,,,,,,,4.1875
7,11,3,,,,,,,,,4.965
7,11,3,,,,,,,,,5.635
7,12,3,,,,,,,,,5.9275
7,12,3,,,,,,,,,6.3275
7,12,3,,,,,,,,,6.7725
7,12,3,,,,,,,,,7.0075
7,13,3,,,,,,,,,7.19
7,13,3,,,,,,,,,7.3925
7,13,3,,,,,,,,,7.5225
7,13,3,,,,,,,,,7.69
7,14,3,,,,,,,,,7.7625
7,14,3,,,,,,,,,7.7825
7,14,3,,,,,,,,,7.81
7,14,3,,,,,,,,,7.8025
7,15,3,,,,,,,,,7.7925
7,15,3,,,,,,,,,7.79
7,15,3,,,,,,,,,7.745
7,15,3,,,,,,,,,7.6025
7,16,3,,,,,,,,,7.4475
7,16,3,,,,,,,,,7.275
7,16,3,,,,,,,,,7.0175
7,16,3,,,,,,,,,6.805
7,17,3,,,,,,,,,6.555
7,17,3,,,,,,,,,6.2375
7,17,3,,,,,,,,,5.86
7,17,3,,,,,,,,,5.51
7,18,3,,,,,,,,,5.095
7,18,3,,,,,,,,,4.6575
7,18,3,,,,,,,,,4.2325
7,18,3,,,,,,,,,3.7775
7,19,3,,,,,,,,,3.3125
7,19,3,,,,,,,,,2.825
7,19,3,,,,,,,,,2.33
7,19,3,,,,,,,,,1.8625
7,20,3,,,,,,,,,1.41
7,20,3,,,,,,,,,1.02
7,20,3,,,,,,,,,0.725
7,20,3,,,,,,,,,0.5225
7,21,3,,,,,,,,,0.4125
7,21,3,,,,,,,,,0.335
7,21,3,,,,,,,,,0.26
7,21,3,,,,,,,,,0.18
7,22,3,,,,,,,,,0.0975
7,22,3,,,,,,,,,0.015
7,22,3,,,,,,,,,0.0
7,22,3,,,,,,,,,0.0
7,23,3,,,,,,,,,0.0
7,23,3,,,,,,,,,0.0
7,23,3,,,,,,,,,0.0
7,23,3,,,,,,,,,0.0
7,24,3,,,,,,,,,0.0
7,24,3,,,,,,,,,0.0
7,24,3,,,,,,,,,0.0
7,24,3,,,,,,,,,0.0
7,1,4,,,,,,,,,0.0
7,1,4,,,,,,,,,0.0
7,1,4,,,,,,,,,0.0
7,1,4,,,,,,,,,0.0
7,2,4,,,,,,,,,0.0
7,2,4,,,,,,,,,0.0
7,2,4,,,,,,,,,0.0
7,2,4,,,,,,,,,0.0
7,3,4,,,,,,,,,0.0
7,3,4,,,,,,,,,0.0
7,3,4,,,,,,,,,0.0
7,3,4,,,,,,,,,0.0
7,4,4,,,,,,,,,0.0
7,4,4,,,,,,,,,0.0
7,4,4,,,,,,,,,0.0
7,4,4,,,,,,,,,0.0
7,5,4,,,,,,,,,0.0
7,5,4,,,,,,,,,0.0
7,5,4,,,,,,,,,0.0
7,5,4,,,,,,,,,0.0
7,6,4,,,,,,,,,0.0
7,6,4,,,,,,,,,0.0
7,6,4,,,,,,,,,0.0
7,6,4,,,,,,,,,0.0
7,7,4,,,,,,,,,0.0
7,7,4,,,,,,,,,0.0
7,7,4,,,,,,,,,0.05
7,7,4,,,,,,,,,0.17
7,8,4,,,,,,,,,0.28
7,8,4,,,,,,,,,0.385
7,8,4,,,,,,,,,0.53
7,8,4,,,,,,,,,0.74
7,9,4,,,,,,,,,1.025
7,9,4,,,,,,,,,1.4
7,9,4,,,,,,,,,1.815
7,9,4,,,,,,,,,2.235
7,10,4,,,,,,,,,2.6975
7,10,4,,,,,,,,,3.1525
7,10,4,,,,,,,,,3.605
7,10,4,,,,,,,,,4.005
7,11,4,,,,,,,,,4.3725
7,11,4,,,,,,,,,4.755
7,11,4,,,,,,,,,5.1125
7,11,4,,,,,,,,,5.4725
7,12,4,,,,,,,,,5.7825
7,12,4,,,,,,,,,6.065
7,12,4,,,,,,,,,6.31
7,12,4,,,,,,,,,6.56
7,13,4,,,,,,,,,6.745
7,13,4,,,,,,,,,6.925
7,13,4,,,,,,,,,7.105
7,13,4,,,,,,,,,7.215
7,14,4,,,,,,,,,7.295
7,14,4,,,,,,,,,7.41
7,14,4,,,,,,,,,7.475
7,14,4,,,,,,,,,7.49
7,15,4,,,,,,,,,7.5025
7,15,4,,,,,,,,,7.5
7,15,4,,,,,,,,,7.445
7,15,4,,,,,,,,,7.345
7,16,4,,,,,,,,,7.1925
7,16,4,,,,,,,,,7.0675
7,16,4,,,,,,,,,6.82
7,16,4,,,,,,,,,6.54
7,17,4,,,,,,,,,6.295
7,17,4,,,,,,,,,5.97
7,17,4,,,,,,,,,5.615
7,17,4,,,,,,,,,5.225
7,18,4,,,,,,,,,4.855
7,18,4,,,,,,,,,4.45
7,18,4,,,,,,,,,4.04
7,18,4,,,,,,,,,3.6125
7,19,4,,,,,,,,,3.15
7,19,4,,,,,,,,,2.685
7,19,4,,,,,,,,,2.2425
7,19,4,,,,,,,,,1.805
7,20,4,,,,,,,,,1.385
7,20,4,,,,,,,,,1.01
7,20,4,,,,,,,,,0.725
7,20,4,,,,,,,,,0.5275
7,21,4,,,,,,,,,0.405
7,21,4,,,,,,,,,0.235
7,21,4,,,,,,,,,0.1375
7,21,4,,,,,,,,,0.0575
7,22,4,,,,,,,,,0.02
7,22,4,,,,,,,,,0.0025
7,22,4,,,,,,,,,0.0
7,22,4,,,,,,,,,0.0
7,23,4,,,,,,,,,0.0
7,23,4,,,,,,,,,0.0
7,23,4,,,,,,,,,0.0
7,23,4,,,,,,,,,0.0
7,24,4,,,,,,,,,0.0
7,24,4,,,,,,,,,0.0
7,24,4,,,,,,,,,0.0
7,24,4,,,,,,,,,0.0
7,1,5,,,,,,,,,0.0
7,1,5,,,,,,,,,0.0
7,1,5,,,,,,,,,0.0
7,1,5,,,,,,,,,0.0
7,2,5,,,,,,,,,0.0
7,2,5,,,,,,,,,0.0
7,2,5,,,,,,,,,0.0
7,2,5,,,,,,,,,0.0
7,3,5,,,,,,,,,0.0
7,3,5,,,,,,,,,0.0
7,3,5,,,,,,,,,0.0
7,3,5,,,,,,,,,0.0
7,4,5,,,,,,,,,0.0
7,4,5,,,,,,,,,0.0
7,4,5,,,,,,,,,0.0
7,4,5,,,,,,,,,0.0
7,5,5,,,,,,,,,0.0
7,5,5,,,,,,,,,0.0
7,5,5,,,,,,,,,0.0
7,5,5,,,,,,,,,0.0
7,6,5,,,,,,,,,0.0
7,6,5,,,,,,,,,0.0
7,6,5,,,,,,,,,0.0
7,6,5,,,,,,,,,0.0
7,7,5,,,,,,,,,0.0
7,7,5,,,,,,,,,0.0
7,7,5,,,,,,,,,0.0125
7,7,5,,,,,,,,,0.09
7,8,5,,,,,,,,,0.185
7,8,5,,,,,,,,,0.395
7,8,5,,,,,,,,,0.6825
7,8,5,,,,,,,,,0.9825
7,9,5,,,,,,,,,0.9675
7,9,5,,,,,,,,,1.22
7,9,5,,,,,,,,,1.325
7,9,5,,,,,,,,,1.91
7,10,5,,,,,,,,,2.7
7,10,5,,,,,,,,,3.2525
7,10,5,,,,,,,,,3.74
7,10,5,,,,,,,,,4.1925
7,11,5,,,,,,,,,4.5475
7,11,5,,,,,,,,,4.845
7,11,5,,,,,,,,,5.2225
7,11,5,,,,,,,,,5.55
7,12,5,,,,,,,,,5.8675
7,12,5,,,,,,,,,6.1375
7,12,5,,,,,,,,,6.39
7,12,5,,,,,,,,,6.6475
7,13,5,,,,,,,,,6.855
7,13,5,,,,,,,,,7.0375
7,13,5,,,,,,,,,7.1675
7,13,5,,,,,,,,,7.23
7,14,5,,,,,,,,,7.27
7,14,5,,,,,,,,,7.33
7,14,5,,,,,,,,,7.345
7,14,5,,,,,,,,,7.355
7,15,5,,,,,,,,,7.33
7,15,5,,,,,,,,,7.33
7,15,5,,,,,,,,,7.3025
7,15,5,,,,,,,,,7.2525
7,16,5,,,,,,,,,7.145
7,16,5,,,,,,,,,6.9825
7,16,5,,,,,,,,,6.745
7,16,5,,,,,,,,,6.5025
7,17,5,,,,,,,,,6.23
7,17,5,,,,,,,,,5.9225
7,17,5,,,,,,,,,5.575
7,17,5,,,,,,,,,5.195
7,18,5,,,,,,,,,4.81
7,18,5,,,,,,,,,4.4175
7,18,5,,,,,,,,,3.9725
7,18,5,,,,,,,,,3.57
7,19,5,,,,,,,,,3.12
7,19,5,,,,,,,,,2.6875
7,19,5,,,,,,,,,2.2325
7,19,5,,,,,,,,,1.7925
7,20,5,,,,,,,,,1.38
7,20,5,,,,,,,,,1.0125
7,20,5,,,,,,,,,0.72
7,20,5,,,,,,,,,0.5325
7,21,5,,,,,,,,,0.435
7,21,5,,,,,,,,,0.3575
7,21,5,,,,,,,,,0.27
7,21,5,,,,,,,,,0.175
7,22,5,,,,,,,,,0.0775
7,22,5,,,,,,,,,0.01
7,22,5,,,,,,,,,0.0
7,22,5,,,,,,,,,0.0
7,23,5,,,,,,,,,0.0
7,23,5,,,,,,,,,0.0
7,23,5,,,,,,,,,0.0
7,23,5,,,,,,,,,0.0
7,24,5,,,,,,,,,0.0
7,24,5,,,,,,,,,0.0
7,24,5,,,,,,,,,0.0
7,24,5,,,,,,,,,0.0
7,1,6,,,,,,,,,0.0
7,1,6,,,,,,,,,0.0
7,1,6,,,,,,,,,0.0
7,1,6,,,,,,,,,0.0
7,2,6,,,,,,,,,0.0
7,2,6,,,,,,,,,0.0
7,2,6,,,,,,,,,0.0
7,2,6,,,,,,,,,0.0
7,3,6,,,,,,,,,0.0
7,3,6,,,,,,,,,0.0
7,3,6,,,,,,,,,0.0
7,3,6,,,,,,,,,0.0
7,4,6,,,,,,,,,0.0
7,4,6,,,,,,,,,0.0
7,4,6,,,,,,,,,0.0
7,4,6,,,,,,,,,0.0
7,5,6,,,,,,,,,0.0
7,5,6,,,,,,,,,0.0
7,5,6,,,,,,,,,0.0
7,5,6,,,,,,,,,0.0
7,6,6,,,,,,,,,0.0
7,6,6,,,,,,,,,0.0
7,6,6,,,,,,,,,0.0
7,6,6,,,,,,,,,0.0
7,7,6,,,,,,,,,0.0
7,7,6,,,,,,,,,0.0
7,7,6,,,,,,,,,0.0175
7,7,6,,,,,,,,,0.125
7,8,6,,,,,,,,,0.325
7,8,6,,,,,,,,,0.4475
7,8,6,,,,,,,,,0.65
7,8,6,,,,,,,,,0.85
7,9,6,,,,,,,,,1.055
7,9,6,,,,,,,,,1.37
7,9,6,,,,,,,,,1.7525
7,9,6,,,,,,,,,2.1725
7,10,6,,,,,,,,,2.6425
7,10,6,,,,,,,,,3.12
7,10,6,,,,,,,,,3.505
7,10,6,,,,,,,,,3.8975
7,11,6,,,,,,,,,2.4575
7,11,6,,,,,,,,,3.79
7,11,6,,,,,,,,,5.1525
7,11,6,,,,,,,,,5.505
7,12,6,,,,,,,,,5.695
7,12,6,,,,,,,,,5.9775
7,12,6,,,,,,,,,6.2075
7,12,6,,,,,,,,,6.7525
7,13,6,,,,,,,,,6.775
7,13,6,,,,,,,,,7.0175
7,13,6,,,,,,,,,6.86
7,13,6,,,,,,,,,7.1325
7,14,6,,,,,,,,,7.2475
7,14,6,,,,,,,,,7.2875
7,14,6,,,,,,,,,7.295
7,14,6,,,,,,,,,7.2275
7,15,6,,,,,,,,,7.2375
7,15,6,,,,,,,,,7.2725
7,15,6,,,,,,,,,7.265
7,15,6,,,,,,,,,7.1625
7,16,6,,,,,,,,,7.045
7,16,6,,,,,,,,,6.92
7,16,6,,,,,,,,,6.745
7,16,6,,,,,,,,,6.545
7,17,6,,,,,,,,,6.26
7,17,6,,,,,,,,,5.9575
7,17,6,,,,,,,,,5.6125
7,17,6,,,,,,,,,5.28
7,18,6,,,,,,,,,4.92
7,18,6,,,,,,,,,4.505
7,18,6,,,,,,,,,4.1
7,18,6,,,,,,,,,3.67
7,19,6,,,,,,,,,3.2025
7,19,6,,,,,,,,,2.75
7,19,6,,,,,,,,,2.285
7,19,6,,,,,,,,,1.8325
7,20,6,,,,,,,,,1.4
7,20,6,,,,,,,,,1.015
7,20,6,,,,,,,,,0.72
7,20,6,,,,,,,,,0.49
7,21,6,,,,,,,,,0.41
7,21,6,,,,,,,,,0.33
7,21,6,,,,,,,,,0.25
7,21,6,,,,,,,,,0.17
7,22,6,,,,,,,,,0.065
7,22,6,,,,,,,,,0.005
7,22,6,,,,,,,,,0.0
7,22,6,,,,,,,,,0.0
7,23,6,,,,,,,,,0.0
7,23,6,,,,,,,,,0.0
7,23,6,,,,,,,,,0.0
7,23,6,,,,,,,,,0.0
7,24,6,,,,,,,,,0.0
7,24,6,,,,,,,,,0.0
7,24,6,,,,,,,,,0.0
7,24,6,,,,,,,,,0.0
7,1,7,,,,,,,,,0.0
7,1,7,,,,,,,,,0.0
7,1,7,,,,,,,,,0.0
7,1,7,,,,,,,,,0.0
7,2,7,,,,,,,,,0.0
7,2,7,,,,,,,,,0.0
7,2,7,,,,,,,,,0.0
7,2,7,,,,,,,,,0.0
7,3,7,,,,,,,,,0.0
7,3,7,,,,,,,,,0.0
7,3,7,,,,,,,,,0.0
7,3,7,,,,,,,,,0.0
7,4,7,,,,,,,,,0.0
7,4,7,,,,,,,,,0.0
7,4,7,,,,,,,,,0.0
7,4,7,,,,,,,,,0.0
7,5,7,,,,,,,,,0.0
7,5,7,,,,,,,,,0.0
7,5,7,,,,,,,,,0.0
7,5,7,,,,,,,,,0.0
7,6,7,,,,,,,,,0.0
7,6,7,,,,,,,,,0.0
7,6,7,,,,,,,,,0.0
7,6,7,,,,,,,,,0.0
7,7,7,,,,,,,,,0.0
7,7,7,,,,,,,,,0.0
7,7,7,,,,,,,,,0.0225
7,7,7,,,,,,,,,0.115
7,8,7,,,,,,,,,0.2025
7,8,7,,,,,,,,,0.285
7,8,7,,,,,,,,,0.43
7,8,7,,,,,,,,,0.645
7,9,7,,,,,,,,,0.99
7,9,7,,,,,,,,,1.425
7,9,7,,,,,,,,,1.8925
7,9,7,,,,,,,,,2.3875
7,10,7,,,,,,,,,2.9425
7,10,7,,,,,,,,,3.4575
7,10,7,,,,,,,,,3.9425
7,10,7,,,,,,,,,4.4075
7,11,7,,,,,,,,,4.87
7,11,7,,,,,,,,,5.2925
7,11,7,,,,,,,,,5.6775
7,11,7,,,,,,,,,6.04
7,12,7,,,,,,,,,6.3825
7,12,7,,,,,,,,,6.7
7,12,7,,,,,,,,,7.0075
7,12,7,,,,,,,,,7.2875
7,13,7,,,,,,,,,7.4975
7,13,7,,,,,,,,,7.675
7,13,7,,,,,,,,,7.7725
7,13,7,,,,,,,,,7.83
7,14,7,,,,,,,,,7.8825
7,14,7,,,,,,,,,7.895
7,14,7,,,,,,,,,7.9
7,14,7,,,,,,,,,7.895
7,15,7,,,,,,,,,7.8775
7,15,7,,,,,,,,,7.85
7,15,7,,,,,,,,,7.81
7,15,7,,,,,,,,,7.7425
7,16,7,,,,,,,,,7.5625
7,16,7,,,,,,,,,7.35
7,16,7,,,,,,,,,7.11
7,16,7,,,,,,,,,6.6875
7,17,7,,,,,,,,,6.47
7,17,7,,,,,,,,,6.215
7,17,7,,,,,,,,,5.6775
7,17,7,,,,,,,,,4.94
7,18,7,,,,,,,,,4.1825
7,18,7,,,,,,,,,3.9075
7,18,7,,,,,,,,,3.2425
7,18,7,,,,,,,,,2.69
7,19,7,,,,,,,,,2.0625
7,19,7,,,,,,,,,1.7725
7,19,7,,,,,,,,,1.2775
7,19,7,,,,,,,,,0.99
7,20,7,,,,,,,,,0.9775
7,20,7,,,,,,,,,0.905
7,20,7,,,,,,,,,0.84
7,20,7,,,,,,,,,0.68
7,21,7,,,,,,,,,0.55
7,21,7,,,,,,,,,0.3725
7,21,7,,,,,,,,,0.185
7,21,7,,,,,,,,,0.0675
7,22,7,,,,,,,,,0.035
7,22,7,,,,,,,,,0.0025
7,22,7,,,,,,,,,0.0
7,22,7,,,,,,,,,0.0
7,23,7,,,,,,,,,0.0
7,23,7,,,,,,,,,0.0
7,23,7,,,,,,,,,0.0
7,23,7,,,,,,,,,0.0
7,24,7,,,,,,,,,0.0
7,24,7,,,,,,,,,0.0
7,24,7,,,,,,,,,0.0
7,24,7,,,,,,,,,0.0
7,1,1,,,,,,,,,0.0
7,1,1,,,,,,,,,0.0
7,1,1,,,,,,,,,0.0
7,1,1,,,,,,,,,0.0
7,2,1,,,,,,,,,0.0
7,2,1,,,,,,,,,0.0
7,2,1,,,,,,,,,0.0
7,2,1,,,,,,,,,0.0
7,3,1,,,,,,,,,0.0
7,3,1,,,,,,,,,0.0
7,3,1,,,,,,,,,0.0
7,3,1,,,,,,,,,0.0
7,4,1,,,,,,,,,0.0
7,4,1,,,,,,,,,0.0
7,4,1,,,,,,,,,0.0
7,4,1,,,,,,,,,0.0
7,5,1,,,,,,,,,0.0
7,5,1,,,,,,,,,0.0
7,5,1,,,,,,,,,0.0
7,5,1,,,,,,,,,0.0
7,6,1,,,,,,,,,0.0
7,6,1,,,,,,,,,0.0
7,6,1,,,,,,,,,0.0
7,6,1,,,,,,,,,0.0
7,7,1,,,,,,,,,0.0
7,7,1,,,,,,,,,0.0
7,7,1,,,,,,,,,0.0
7,7,1,,,,,,,,,0.0375
7,8,1,,,,,,,,,0.0775
7,8,1,,,,,,,,,0.1375
7,8,1,,,,,,,,,0.155
7,8,1,,,,,,,,,0.2275
7,9,1,,,,,,,,,0.35
7,9,1,,,,,,,,,0.56
7,9,1,,,,,,,,,1.905
7,9,1,,,,,,,,,2.3675
7,10,1,,,,,,,,,2.92
7,10,1,,,,,,,,,3.42
7,10,1,,,,,,,,,3.8925
7,10,1,,,,,,,,,4.3725
7,11,1,,,,,,,,,4.8425
7,11,1,,,,,,,,,5.2725
7,11,1,,,,,,,,,5.6775
7,11,1,,,,,,,,,6.0525
7,12,1,,,,,,,,,6.405
7,12,1,,,,,,,,,6.705
7,12,1,,,,,,,,,7.0175
7,12,1,,,,,,,,,7.2675
7,13,1,,,,,,,,,7.475
7,13,1,,,,,,,,,7.63
7,13,1,,,,,,,,,7.76
7,13,1,,,,,,,,,7.8
7,14,1,,,,,,,,,7.84
7,14,1,,,,,,,,,7.865
7,14,1,,,,,,,,,7.8825
7,14,1,,,,,,,,,7.8725
7,15,1,,,,,,,,,7.85
7,15,1,,,,,,,,,7.8375
7,15,1,,,,,,,,,7.7975
7,15,1,,,,,,,,,7.76
7,16,1,,,,,,,,,7.615
7,16,1,,,,,,,,,7.4225
7,16,1,,,,,,,,,7.1825
7,16,1,,,,,,,,,6.93
7,17,1,,,,,,,,,6.64
7,17,1,,,,,,,,,6.33
7,17,1,,,,,,,,,5.99
7,17,1,,,,,,,,,5.6425
7,18,1,,,,,,,,,5.25
7,18,1,,,,,,,,,4.8175
7,18,1,,,,,,,,,4.3575
7,18,1,,,,,,,,,3.8925
7,19,1,,,,,,,,,3.3975
7,19,1,,,,,,,,,2.8975
7,19,1,,,,,,,,,2.385
7,19,1,,,,,,,,,1.8875
7,20,1,,,,,,,,,1.405
7,20,1,,,,,,,,,0.975
7,20,1,,,,,,,,,0.6325
7,20,1,,,,,,,,,0.4125
7,21,1,,,,,,,,,0.3025
7,21,1,,,,,,,,,0.25
7,21,1,,,,,,,,,0.2
7,21,1,,,,,,,,,0.1425
7,22,1,,,,,,,,,0.0775
7,22,1,,,,,,,,,0.015
7,22,1,,,,,,,,,0.0
7,22,1,,,,,,,,,0.0
7,23,1,,,,,,,,,0.0
7,23,1,,,,,,,,,0.0
7,23,1,,,,,,,,,0.0
7,23,1,,,,,,,,,0.0
7,24,1,,,,,,,,,0.0
7,24,1,,,,,,,,,0.0
7,24,1,,,,,,,,,0.0
7,24,1,,,,,,,,,0.0
7,1,2,,,,,,,,,0.0
7,1,2,,,,,,,,,0.0
7,1,2,,,,,,,,,0.0
7,1,2,,,,,,,,,0.0
7,2,2,,,,,,,,,0.0
7,2,2,,,,,,,,,0.0
7,2,2,,,,,,,,,0.0
7,2,2,,,,,,,,,0.0
7,3,2,,,,,,,,,0.0
7,3,2,,,,,,,,,0.0
7,3,2,,,,,,,,,0.0
7,3,2,,,,,,,,,0.0
7,4,2,,,,,,,,,0.0
7,4,2,,,,,,,,,0.0
7,4,2,,,,,,,,,0.0
7,4,2,,,,,,,,,0.0
7,5,2,,,,,,,,,0.0
7,5,2,,,,,,,,,0.0
7,5,2,,,,,,,,,0.0
7,5,2,,,,,,,,,0.0
7,6,2,,,,,,,,,0.0
7,6,2,,,,,,,,,0.0
7,6,2,,,,,,,,,0.0
7,6,2,,,,,,,,,0.0
7,7,2,,,,,,,,,0.0
7,7,2,,,,,,,,,0.0
7,7,2,,,,,,,,,0.0275
7,7,2,,,,,,,,,0.11
7,8,2,,,,,,,,,0.18
7,8,2,,,,,,,,,0.25
7,8,2,,,,,,,,,0.385
7,8,2,,,,,,,,,0.61
7,9,2,,,,,,,,,0.95
7,9,2,,,,,,,,,1.3825
7,9,2,,,,,,,,,1.84
7,9,2,,,,,,,,,2.3075
7,10,2,,,,,,,,,2.815
7,10,2,,,,,,,,,3.3
7,10,2,,,,,,,,,3.78
7,10,2,,,,,,,,,4.2125
7,11,2,,,,,,,,,4.645
7,11,2,,,,,,,,,5.0425
7,11,2,,,,,,,,,5.425
7,11,2,,,,,,,,,5.725
7,12,2,,,,,,,,,5.9975
7,12,2,,,,,,,,,6.3075
7,12,2,,,,,,,,,6.55
7,12,2,,,,,,,,,6.76
7,13,2,,,,,,,,,6.885
7,13,2,,,,,,,,,6.97
7,13,2,,,,,,,,,7.1875
7,13,2,,,,,,,,,7.28
7,14,2,,,,,,,,,7.295
7,14,2,,,,,,,,,7.5275
7,14,2,,,,,,,,,7.68
7,14,2,,,,,,,,,7.62
7,15,2,,,,,,,,,7.6475
7,15,2,,,,,,,,,7.655
7,15,2,,,,,,,,,7.6375
7,15,2,,,,,,,,,7.52
7,16,2,,,,,,,,,7.34
7,16,2,,,,,,,,,7.1625
7,16,2,,,,,,,,,6.975
7,16,2,,,,,,,,,6.74
7,17,2,,,,,,,,,6.455
7,17,2,,,,,,,,,6.16
7,17,2,,,,,,,,,5.81
7,17,2,,,,,,,,,5.415
7,18,2,,,,,,,,,5.03
7,18,2,,,,,,,,,4.64
7,18,2,,,,,,,,,4.19
7,18,2,,,,,,,,,3.7325
7,19,2,,,,,,,,,3.255
7,19,2,,,,,,,,,2.78
7,19,2,,,,,,,,,2.3
7,19,2,,,,,,,,,1.825
7,20,2,,,,,,,,,1.37
7,20,2,,,,,,,,,0.965
7,20,2,,,,,,,,,0.6425
7,20,2,,,,,,,,,0.445
7,21,2,,,,,,,,,0.345
7,21,2,,,,,,,,,0.2875
7,21,2,,,,,,,,,0.225
7,21,2,,,,,,,,,0.1525
7,22,2,,,,,,,,,0.0725
7,22,2,,,,,,,,,0.01
7,22,2,,,,,,,,,0.0
7,22,2,,,,,,,,,0.0
7,23,2,,,,,,,,,0.0
7,23,2,,,,,,,,,0.0
7,23,2,,,,,,,,,0.0
7,23,2,,,,,,,,,0.0
7,24,2,,,,,,,,,0.0
7,24,2,,,,,,,,,0.0
7,24,2,,,,,,,,,0.0
7,24,2,,,,,,,,,0.0
7,1,3,,,,,,,,,0.0
7,1,3,,,,,,,,,0.0
7,1,3,,,,,,,,,0.0
7,1,3,,,,,,,,,0.0
7,2,3,,,,,,,,,0.0
7,2,3,,,,,,,,,0.0
7,2,3,,,,,,,,,0.0
7,2,3,,,,,,,,,0.0
7,3,3,,,,,,,,,0.0
7,3,3,,,,,,,,,0.0
7,3,3,,,,,,,,,0.0
7,3,3,,,,,,,,,0.0
7,4,3,,,,,,,,,0.0
7,4,3,,,,,,,,,0.0
7,4,3,,,,,,,,,0.0
7,4,3,,,,,,,,,0.0
7,5,3,,,,,,,,,0.0
7,5,3,,,,,,,,,0.0
7,5,3,,,,,,,,,0.0
7,5,3,,,,,,,,,0.0
7,6,3,,,,,,,,,0.0
7,6,3,,,,,,,,,0.0
7,6,3,,,,,,,,,0.0
7,6,3,,,,,,,,,0.0
7,7,3,,,,,,,,,0.0
7,7,3,,,,,,,,,0.0
7,7,3,,,,,,,,,0.0
7,7,3,,,,,,,,,0.0325
7,8,3,,,,,,,,,0.1175
7,8,3,,,,,,,,,0.2225
7,8,3,,,,,,,,,0.315
7,8,3,,,,,,,,,0.4425
7,9,3,,,,,,,,,0.5475
7,9,3,,,,,,,,,0.615
7,9,3,,,,,,,,,0.79
7,9,3,,,,,,,,,0.8775
7,10,3,,,,,,,,,1.1125
7,10,3,,,,,,,,,1.24
7,10,3,,,,,,,,,1.565
7,10,3,,,,,,,,,1.65
7,11,3,,,,,,,,,1.965
7,11,3,,,,,,,,,2.2525
7,11,3,,,,,,,,,2.7325
7,11,3,,,,,,,,,2.54
7,12,3,,,,,,,,,2.8825
7,12,3,,,,,,,,,3.245
7,12,3,,,,,,,,,3.8825
7,12,3,,,,,,,,,4.28
7,13,3,,,,,,,,,4.8425
7,13,3,,,,,,,,,4.62
7,13,3,,,,,,,,,4.275
7,13,3,,,,,,,,,4.8125
7,14,3,,,,,,,,,4.8075
7,14,3,,,,,,,,,5.145
7,14,3,,,,,,,,,5.0175
7,14,3,,,,,,,,,5.8275
7,15,3,,,,,,,,,6.825
7,15,3,,,,,,,,,6.985
7,15,3,,,,,,,,,7.255
7,15,3,,,,,,,,,7.1725
7,16,3,,,,,,,,,7.0525
7,16,3,,,,,,,,,6.9025
7,16,3,,,,,,,,,6.71
7,16,3,,,,,,,,,6.5075
7,17,3,,,,,,,,,6.28
7,17,3,,,,,,,,,5.9675
7,17,3,,,,,,,,,5.645
7,17,3,,,,,,,,,5.29
7,18,3,,,,,,,,,4.9075
7,18,3,,,,,,,,,4.5175
7,18,3,,,,,,,,,4.07
7,18,3,,,,,,,,,3.66
7,19,3,,,,,,,,,3.2625
7,19,3,,,,,,,,,2.79
7,19,3,,,,,,,,,2.31
7,19,3,,,,,,,,,1.85
7,20,3,,,,,,,,,1.45
7,20,3,,,,,,,,,1.0275
7,20,3,,,,,,,,,0.705
7,20,3,,,,,,,,,0.5075
7,21,3,,,,,,,,,0.3975
7,21,3,,,,,,,,,0.32
7,21,3,,,,,,,,,0.2475
7,21,3,,,,,,,,,0.1625
7,22,3,,,,,,,,,0.0725
7,22,3,,,,,,,,,0.01
7,22,3,,,,,,,,,0.0
7,22,3,,,,,,,,,0.0
7,23,3,,,,,,,,,0.0
7,23,3,,,,,,,,,0.0
7,23,3,,,,,,,,,0.0
7,23,3,,,,,,,,,0.0
7,24,3,,,,,,,,,0.0
7,24,3,,,,,,,,,0.0
7,24,3,,,,,,,,,0.0
7,24,3,,,,,,,,,0.0
7,1,4,,,,,,,,,0.0
7,1,4,,,,,,,,,0.0
7,1,4,,,,,,,,,0.0
7,1,4,,,,,,,,,0.0
7,2,4,,,,,,,,,0.0
7,2,4,,,,,,,,,0.0
7,2,4,,,,,,,,,0.0
7,2,4,,,,,,,,,0.0
7,3,4,,,,,,,,,0.0
7,3,4,,,,,,,,,0.0
7,3,4,,,,,,,,,0.0
7,3,4,,,,,,,,,0.0
7,4,4,,,,,,,,,0.0
7,4,4,,,,,,,,,0.0
7,4,4,,,,,,,,,0.0
7,4,4,,,,,,,,,0.0
7,5,4,,,,,,,,,0.0
7,5,4,,,,,,,,,0.0
7,5,4,,,,,,,,,0.0
7,5,4,,,,,,,,,0.0
7,6,4,,,,,,,,,0.0
7,6,4,,,,,,,,,0.0
7,6,4,,,,,,,,,0.0
7,6,4,,,,,,,,,0.0
7,7,4,,,,,,,,,0.0
7,7,4,,,,,,,,,0.0
7,7,4,,,,,,,,,0.0
7,7,4,,,,,,,,,0.0125
7,8,4,,,,,,,,,0.1075
7,8,4,,,,,,,,,0.2375
7,8,4,,,,,,,,,0.315
7,8,4,,,,,,,,,0.365
7,9,4,,,,,,,,,0.4375
7,9,4,,,,,,,,,0.53
7,9,4,,,,,,,,,0.655
7,9,4,,,,,,,,,0.7525
7,10,4,,,,,,,,,0.7925
7,10,4,,,,,,,,,0.9625
7,10,4,,,,,,,,,1.175
7,10,4,,,,,,,,,1.28
7,11,4,,,,,,,,,1.41
7,11,4,,,,,,,,,1.4825
7,11,4,,,,,,,,,1.4125
7,11,4,,,,,,,,,1.675
7,12,4,,,,,,,,,2.1375
7,12,4,,,,,,,,,2.1075
7,12,4,,,,,,,,,2.265
7,12,4,,,,,,,,,2.31
7,13,4,,,,,,,,,2.3825
7,13,4,,,,,,,,,2.4675
7,13,4,,,,,,,,,2.5325
7,13,4,,,,,,,,,2.64
7,14,4,,,,,,,,,3.225
7,14,4,,,,,,,,,3.4575
7,14,4,,,,,,,,,3.885
7,14,4,,,,,,,,,4.54
7,15,4,,,,,,,,,4.7525
7,15,4,,,,,,,,,4.6075
7,15,4,,,,,,,,,5.3375
7,15,4,,,,,,,,,5.4375
7,16,4,,,,,,,,,5.8175
7,16,4,,,,,,,,,5.745
7,16,4,,,,,,,,,5.7325
7,16,4,,,,,,,,,5.18
7,17,4,,,,,,,,,4.8775
7,17,4,,,,,,,,,4.1825
7,17,4,,,,,,,,,3.865
7,17,4,,,,,,,,,4.0975
7,18,4,,,,,,,,,3.7275
7,18,4,,,,,,,,,3.5075
7,18,4,,,,,,,,,2.7175
7,18,4,,,,,,,,,2.2975
7,19,4,,,,,,,,,2.225
7,19,4,,,,,,,,,1.665
7,19,4,,,,,,,,,1.8325
7,19,4,,,,,,,,,1.465
7,20,4,,,,,,,,,1.2
7,20,4,,,,,,,,,1.235
7,20,4,,,,,,,,,1.05
7,20,4,,,,,,,,,0.775
7,21,4,,,,,,,,,0.62
7,21,4,,,,,,,,,0.3575
7,21,4,,,,,,,,,0.19
7,21,4,,,,,,,,,0.095
7,22,4,,,,,,,,,0.0175
7,22,4,,,,,,,,,0.0
7,22,4,,,,,,,,,0.0
7,22,4,,,,,,,,,0.0
7,23,4,,,,,,,,,0.0
7,23,4,,,,,,,,,0.0
7,23,4,,,,,,,,,0.0
7,23,4,,,,,,,,,0.0
7,24,4,,,,,,,,,0.0
7,24,4,,,,,,,,,0.0
7,24,4,,,,,,,,,0.0
7,24,4,,,,,,,,,0.0
7,1,5,,,,,,,,,0.0
7,1,5,,,,,,,,,0.0
7,1,5,,,,,,,,,0.0
7,1,5,,,,,,,,,0.0
7,2,5,,,,,,,,,0.0
7,2,5,,,,,,,,,0.0
7,2,5,,,,,,,,,0.0
7,2,5,,,,,,,,,0.0
7,3,5,,,,,,,,,0.0
7,3,5,,,,,,,,,0.0
7,3,5,,,,,,,,,0.0
7,3,5,,,,,,,,,0.0
7,4,5,,,,,,,,,0.0
7,4,5,,,,,,,,,0.0
7,4,5,,,,,,,,,0.0
7,4,5,,,,,,,,,0.0
7,5,5,,,,,,,,,0.0
7,5,5,,,,,,,,,0.0
7,5,5,,,,,,,,,0.0
7,5,5,,,,,,,,,0.0
7,6,5,,,,,,,,,0.0
7,6,5,,,,,,,,,0.0
7,6,5,,,,,,,,,0.0
7,6,5,,,,,,,,,0.0
7,7,5,,,,,,,,,0.0
7,7,5,,,,,,,,,0.0
7,7,5,,,,,,,,,0.0
7,7,5,,,,,,,,,0.0325
7,8,5,,,,,,,,,0.1325
7,8,5,,,,,,,,,0.16
7,8,5,,,,,,,,,0.25
7,8,5,,,,,,,,,0.2675
7,9,5,,,,,,,,,0.205
7,9,5,,,,,,,,,0.265
7,9,5,,,,,,,,,0.495
7,9,5,,,,,,,,,0.84
7,10,5,,,,,,,,,0.9175
7,10,5,,,,,,,,,1.1475
7,10,5,,,,,,,,,1.0675
7,10,5,,,,,,,,,0.915
7,11,5,,,,,,,,,1.1275
7,11,5,,,,,,,,,1.7025
7,11,5,,,,,,,,,2.2275
7,11,5,,,,,,,,,2.8325
7,12,5,,,,,,,,,2.5025
7,12,5,,,,,,,,,1.865
7,12,5,,,,,,,,,1.3425
7,12,5,,,,,,,,,1.045
7,13,5,,,,,,,,,1.6775
7,13,5,,,,,,,,,3.615
7,13,5,,,,,,,,,3.95
7,13,5,,,,,,,,,4.7
7,14,5,,,,,,,,,4.6625
7,14,5,,,,,,,,,4.8225
7,14,5,,,,,,,,,5.1825
7,14,5,,,,,,,,,5.97
7,15,5,,,,,,,,,5.46
7,15,5,,,,,,,,,5.3375
7,15,5,,,,,,,,,6.575
7,15,5,,,,,,,,,6.785
7,16,5,,,,,,,,,5.1475
7,16,5,,,,,,,,,4.535
7,16,5,,,,,,,,,3.7875
7,16,5,,,,,,,,,2.395
7,17,5,,,,,,,,,2.54
7,17,5,,,,,,,,,4.695
7,17,5,,,,,,,,,6.5825
7,17,5,,,,,,,,,5.495
7,18,5,,,,,,,,,4.395
7,18,5,,,,,,,,,4.2625
7,18,5,,,,,,,,,5.005
7,18,5,,,,,,,,,3.64
7,19,5,,,,,,,,,3.78
7,19,5,,,,,,,,,2.835
7,19,5,,,,,,,,,2.6
7,19,5,,,,,,,,,2.2475
7,20,5,,,,,,,,,1.515
7,20,5,,,,,,,,,1.1175
7,20,5,,,,,,,,,0.74
7,20,5,,,,,,,,,0.4875
7,21,5,,,,,,,,,0.355
7,21,5,,,,,,,,,0.29
7,21,5,,,,,,,,,0.2275
7,21,5,,,,,,,,,0.1575
7,22,5,,,,,,,,,0.0775
7,22,5,,,,,,,,,0.01
7,22,5,,,,,,,,,0.0
7,22,5,,,,,,,,,0.0
7,23,5,,,,,,,,,0.0
7,23,5,,,,,,,,,0.0
7,23,5,,,,,,,,,0.0
7,23,5,,,,,,,,,0.0
7,24,5,,,,,,,,,0.0
7,24,5,,,,,,,,,0.0
7,24,5,,,,,,,,,0.0
7,24,5,,,,,,,,,0.0
7,1,6,,,,,,,,,0.0
7,1,6,,,,,,,,,0.0
7,1,6,,,,,,,,,0.0
7,1,6,,,,,,,,,0.0
7,2,6,,,,,,,,,0.0
7,2,6,,,,,,,,,0.0
7,2,6,,,,,,,,,0.0
7,2,6,,,,,,,,,0.0
7,3,6,,,,,,,,,0.0
7,3,6,,,,,,,,,0.0
7,3,6,,,,,,,,,0.0
7,3,6,,,,,,,,,0.0
7,4,6,,,,,,,,,0.0
7,4,6,,,,,,,,,0.0
7,4,6,,,,,,,,,0.0
7,4,6,,,,,,,,,0.0
7,5,6,,,,,,,,,0.0
7,5,6,,,,,,,,,0.0
7,5,6,,,,,,,,,0.0
7,5,6,,,,,,,,,0.0
7,6,6,,,,,,,,,0.0
7,6,6,,,,,,,,,0.0
7,6,6,,,,,,,,,0.0
7,6,6,,,,,,,,,0.0
7,7,6,,,,,,,,,0.0
7,7,6,,,,,,,,,0.0
7,7,6,,,,,,,,,0.0
7,7,6,,,,,,,,,0.035
7,8,6,,,,,,,,,0.175
7,8,6,,,,,,,,,0.12
7,8,6,,,,,,,,,0.12
7,8,6,,,,,,,,,0.1925
7,9,6,,,,,,,,,0.405
7,9,6,,,,,,,,,0.99
7,9,6,,,,,,,,,1.2425
7,9,6,,,,,,,,,1.1975
7,10,6,,,,,,,,,2.365
7,10,6,,,,,,,,,2.025
7,10,6,,,,,,,,,1.7225
7,10,6,,,,,,,,,2.3775
7,11,6,,,,,,,,,2.8075
7,11,6,,,,,,,,,2.345
7,11,6,,,,,,,,,2.7475
7,11,6,,,,,,,,,5.12
7,12,6,,,,,,,,,6.245
7,12,6,,,,,,,,,6.5225
7,12,6,,,,,,,,,6.49
7,12,6,,,,,,,,,6.965
7,13,6,,,,,,,,,7.17
7,13,6,,,,,,,,,7.345
7,13,6,,,,,,,,,7.455
7,13,6,,,,,,,,,7.6475
7,14,6,,,,,,,,,7.7275
7,14,6,,,,,,,,,7.77
7,14,6,,,,,,,,,7.79
7,14,6,,,,,,,,,7.8025
7,15,6,,,,,,,,,7.7875
7,15,6,,,,,,,,,7.7675
7,15,6,,,,,,,,,7.6825
7,15,6,,,,,,,,,7.54
7,16,6,,,,,,,,,7.37
7,16,6,,,,,,,,,7.18
7,16,6,,,,,,,,,6.965
7,16,6,,,,,,,,,6.7025
7,17,6,,,,,,,,,6.44
7,17,6,,,,,,,,,6.15
7,17,6,,,,,,,,,5.82
7,17,6,,,,,,,,,5.45
7,18,6,,,,,,,,,5.08
7,18,6,,,,,,,,,4.685
7,18,6,,,,,,,,,4.265
7,18,6,,,,,,,,,3.805
7,19,6,,,,,,,,,3.34
7,19,6,,,,,,,,,2.86
7,19,6,,,,,,,,,2.3575
7,19,6,,,,,,,,,1.875
7,20,6,,,,,,,,,1.4075
7,20,6,,,,,,,,,0.9925
7,20,6,,,,,,,,,0.6575
7,20,6,,,,,,,,,0.4625
7,21,6,,,,,,,,,0.3625
7,21,6,,,,,,,,,0.3
7,21,6,,,,,,,,,0.2275
7,21,6,,,,,,,,,0.13
7,22,6,,,,,,,,,0.0375
7,22,6,,,,,,,,,0.0025
7,22,6,,,,,,,,,0.0
7,22,6,,,,,,,,,0.0
7,23,6,,,,,,,,,0.0
7,23,6,,,,,,,,,0.0
7,23,6,,,,,,,,,0.0
7,23,6,,,,,,,,,0.0
7,24,6,,,,,,,,,0.0
7,24,6,,,,,,,,,0.0
7,24,6,,,,,,,,,0.0
7,24,6,,,,,,,,,0.0
7,1,7,,,,,,,,,0.0
7,1,7,,,,,,,,,0.0
7,1,7,,,,,,,,,0.0
7,1,7,,,,,,,,,0.0
7,2,7,,,,,,,,,0.0
7,2,7,,,,,,,,,0.0
7,2,7,,,,,,,,,0.0
7,2,7,,,,,,,,,0.0
7,3,7,,,,,,,,,0.0
7,3,7,,,,,,,,,0.0
7,3,7,,,,,,,,,0.0
7,3,7,,,,,,,,,0.0
7,4,7,,,,,,,,,0.0
7,4,7,,,,,,,,,0.0
7,4,7,,,,,,,,,0.0
7,4,7,,,,,,,,,0.0
7,5,7,,,,,,,,,0.0
7,5,7,,,,,,,,,0.0
7,5,7,,,,,,,,,0.0
7,5,7,,,,,,,,,0.0
7,6,7,,,,,,,,,0.0
7,6,7,,,,,,,,,0.0
7,6,7,,,,,,,,,0.0
7,6,7,,,,,,,,,0.0
7,7,7,,,,,,,,,0.0
7,7,7,,,,,,,,,0.0
7,7,7,,,,,,,,,0.0
7,7,7,,,,,,,,,0.0325
7,8,7,,,,,,,,,0.165
7,8,7,,,,,,,,,0.32
7,8,7,,,,,,,,,0.22
7,8,7,,,,,,,,,0.2175
7,9,7,,,,,,,,,0.46
7,9,7,,,,,,,,,0.87
7,9,7,,,,,,,,,1.245
7,9,7,,,,,,,,,1.4825
7,10,7,,,,,,,,,1.7975
7,10,7,,,,,,,,,1.945
7,10,7,,,,,,,,,2.025
7,10,7,,,,,,,,,2.6475
7,11,7,,,,,,,,,4.165
7,11,7,,,,,,,,,5.1325
7,11,7,,,,,,,,,5.47
7,11,7,,,,,,,,,5.82
7,12,7,,,,,,,,,6.1375
7,12,7,,,,,,,,,6.4275
7,12,7,,,,,,,,,6.615
7,12,7,,,,,,,,,6.7325
7,13,7,,,,,,,,,6.9875
7,13,7,,,,,,,,,7.4225
7,13,7,,,,,,,,,7.4725
7,13,7,,,,,,,,,7.58
7,14,7,,,,,,,,,7.71
7,14,7,,,,,,,,,7.055
7,14,7,,,,,,,,,7.1725
7,14,7,,,,,,,,,6.505
7,15,7,,,,,,,,,6.575
7,15,7,,,,,,,,,6.21
7,15,7,,,,,,,,,7.3175
7,15,7,,,,,,,,,7.55
7,16,7,,,,,,,,,6.405
7,16,7,,,,,,,,,5.53
7,16,7,,,,,,,,,3.85
7,16,7,,,,,,,,,3.6025
7,17,7,,,,,,,,,3.8025
7,17,7,,,,,,,,,4.305
7,17,7,,,,,,,,,3.675
7,17,7,,,,,,,,,2.955
7,18,7,,,,,,,,,4.4575
7,18,7,,,,,,,,,4.33
7,18,7,,,,,,,,,2.995
7,18,7,,,,,,,,,2.61
7,19,7,,,,,,,,,2.88
7,19,7,,,,,,,,,2.86
7,19,7,,,,,,,,,2.3675
7,19,7,,,,,,,,,1.9075
7,20,7,,,,,,,,,1.455
7,20,7,,,,,,,,,1.1975
7,20,7,,,,,,,,,0.905
7,20,7,,,,,,,,,0.61
7,21,7,,,,,,,,,0.48
7,21,7,,,,,,,,,0.4425
7,21,7,,,,,,,,,0.32
7,21,7,,,,,,,,,0.17
7,22,7,,,,,,,,,0.045
7,22,7,,,,,,,,,0.0
7,22,7,,,,,,,,,0.0
7,22,7,,,,,,,,,0.0
7,23,7,,,,,,,,,0.0
7,23,7,,,,,,,,,0.0
7,23,7,,,,,,,,,0.0
7,23,7,,,,,,,,,0.0
7,24,7,,,,,,,,,0.0
7,24,7,,,,,,,,,0.0
7,24,7,,,,,,,,,0.0
7,24,7,,,,,,,,,0.0
7,1,1,,,,,,,,,0.0
7,1,1,,,,,,,,,0.0
7,1,1,,,,,,,,,0.0
7,1,1,,,,,,,,,0.0
7,2,1,,,,,,,,,0.0
7,2,1,,,,,,,,,0.0
7,2,1,,,,,,,,,0.0
7,2,1,,,,,,,,,0.0
7,3,1,,,,,,,,,0.0
7,3,1,,,,,,,,,0.0
7,3,1,,,,,,,,,0.0
7,3,1,,,,,,,,,0.0
7,4,1,,,,,,,,,0.0
7,4,1,,,,,,,,,0.0
7,4,1,,,,,,,,,0.0
7,4,1,,,,,,,,,0.0
7,5,1,,,,,,,,,0.0
7,5,1,,,,,,,,,0.0
7,5,1,,,,,,,,,0.0
7,5,1,,,,,,,,,0.0
7,6,1,,,,,,,,,0.0
7,6,1,,,,,,,,,0.0
7,6,1,,,,,,,,,0.0
7,6,1,,,,,,,,,0.0
7,7,1,,,,,,,,,0.0
7,7,1,,,,,,,,,0.0
7,7,1,,,,,,,,,0.015
7,7,1,,,,,,,,,0.1075
7,8,1,,,,,,,,,0.215
7,8,1,,,,,,,,,0.295
7,8,1,,,,,,,,,0.44
7,8,1,,,,,,,,,0.65
7,9,1,,,,,,,,,0.9725
7,9,1,,,,,,,,,1.4175
7,9,1,,,,,,,,,1.8775
7,9,1,,,,,,,,,2.3375
7,10,1,,,,,,,,,2.82
7,10,1,,,,,,,,,3.36
7,10,1,,,,,,,,,3.8575
7,10,1,,,,,,,,,4.325
7,11,1,,,,,,,,,4.765
7,11,1,,,,,,,,,5.205
7,11,1,,,,,,,,,5.575
7,11,1,,,,,,,,,5.92
7,12,1,,,,,,,,,6.14
7,12,1,,,,,,,,,6.49
7,12,1,,,,,,,,,6.7775
7,12,1,,,,,,,,,7.1875
7,13,1,,,,,,,,,7.5125
7,13,1,,,,,,,,,7.665
7,13,1,,,,,,,,,7.5025
7,13,1,,,,,,,,,7.8525
7,14,1,,,,,,,,,7.8325
7,14,1,,,,,,,,,7.9075
7,14,1,,,,,,,,,7.92
7,14,1,,,,,,,,,7.91
7,15,1,,,,,,,,,7.9
7,15,1,,,,,,,,,7.88
7,15,1,,,,,,,,,7.8475
7,15,1,,,,,,,,,7.795
7,16,1,,,,,,,,,7.7
7,16,1,,,,,,,,,7.4825
7,16,1,,,,,,,,,7.26
7,16,1,,,,,,,,,7.0
7,17,1,,,,,,,,,6.7075
7,17,1,,,,,,,,,6.3775
7,17,1,,,,,,,,,6.04
7,17,1,,,,,,,,,5.68
7,18,1,,,,,,,,,5.2925
7,18,1,,,,,,,,,4.8575
7,18,1,,,,,,,,,4.385
7,18,1,,,,,,,,,3.92
7,19,1,,,,,,,,,3.4325
7,19,1,,,,,,,,,2.9325
7,19,1,,,,,,,,,2.435
7,19,1,,,,,,,,,1.9325
7,20,1,,,,,,,,,1.4425
7,20,1,,,,,,,,,1.025
7,20,1,,,,,,,,,0.6825
7,20,1,,,,,,,,,0.4675
7,21,1,,,,,,,,,0.3575
7,21,1,,,,,,,,,0.295
7,21,1,,,,,,,,,0.2325
7,21,1,,,,,,,,,0.145
7,22,1,,,,,,,,,0.0575
7,22,1,,,,,,,,,0.005
7,22,1,,,,,,,,,0.0
7,22,1,,,,,,,,,0.0
7,23,1,,,,,,,,,0.0
7,23,1,,,,,,,,,0.0
7,23,1,,,,,,,,,0.0
7,23,1,,,,,,,,,0.0
7,24,1,,,,,,,,,0.0
7,24,1,,,,,,,,,0.0
7,24,1,,,,,,,,,0.0
7,24,1,,,,,,,,,0.0
7,1,2,,,,,,,,,0.0
7,1,2,,,,,,,,,0.0
7,1,2,,,,,,,,,0.0
7,1,2,,,,,,,,,0.0
7,2,2,,,,,,,,,0.0
7,2,2,,,,,,,,,0.0
7,2,2,,,,,,,,,0.0
7,2,2,,,,,,,,,0.0
7,3,2,,,,,,,,,0.0
7,3,2,,,,,,,,,0.0
7,3,2,,,,,,,,,0.0
7,3,2,,,,,,,,,0.0
7,4,2,,,,,,,,,0.0
7,4,2,,,,,,,,,0.0
7,4,2,,,,,,,,,0.0
7,4,2,,,,,,,,,0.0
7,5,2,,,,,,,,,0.0
7,5,2,,,,,,,,,0.0
7,5,2,,,,,,,,,0.0
7,5,2,,,,,,,,,0.0
7,6,2,,,,,,,,,0.0
7,6,2,,,,,,,,,0.0
7,6,2,,,,,,,,,0.0
7,6,2,,,,,,,,,0.0
7,7,2,,,,,,,,,0.0
7,7,2,,,,,,,,,0.0
7,7,2,,,,,,,,,0.0125
7,7,2,,,,,,,,,0.09
7,8,2,,,,,,,,,0.1825
7,8,2,,,,,,,,,0.2575
7,8,2,,,,,,,,,0.395
7,8,2,,,,,,,,,0.61
7,9,2,,,,,,,,,0.945
7,9,2,,,,,,,,,1.355
7,9,2,,,,,,,,,1.825
7,9,2,,,,,,,,,2.28
7,10,2,,,,,,,,,2.805
7,10,2,,,,,,,,,3.3175
7,10,2,,,,,,,,,3.81
7,10,2,,,,,,,,,4.26
7,11,2,,,,,,,,,4.71
7,11,2,,,,,,,,,5.1525
7,11,2,,,,,,,,,5.545
7,11,2,,,,,,,,,5.89
7,12,2,,,,,,,,,6.2475
7,12,2,,,,,,,,,6.55
7,12,2,,,,,,,,,6.805
7,12,2,,,,,,,,,7.0475
7,13,2,,,,,,,,,7.33
7,13,2,,,,,,,,,7.5725
7,13,2,,,,,,,,,7.7275
7,13,2,,,,,,,,,7.7775
7,14,2,,,,,,,,,7.7975
7,14,2,,,,,,,,,7.825
7,14,2,,,,,,,,,7.8575
7,14,2,,,,,,,,,7.8475
7,15,2,,,,,,,,,7.8325
7,15,2,,,,,,,,,7.825
7,15,2,,,,,,,,,7.8075
7,15,2,,,,,,,,,7.795
7,16,2,,,,,,,,,7.69
7,16,2,,,,,,,,,7.5275
7,16,2,,,,,,,,,7.2925
7,16,2,,,,,,,,,7.045
7,17,2,,,,,,,,,6.73
7,17,2,,,,,,,,,6.3925
7,17,2,,,,,,,,,6.07
7,17,2,,,,,,,,,5.705
7,18,2,,,,,,,,,5.325
7,18,2,,,,,,,,,4.885
7,18,2,,,,,,,,,4.39
7,18,2,,,,,,,,,3.925
7,19,2,,,,,,,,,3.4375
7,19,2,,,,,,,,,2.92
7,19,2,,,,,,,,,2.41
7,19,2,,,,,,,,,1.915
7,20,2,,,,,,,,,1.435
7,20,2,,,,,,,,,1.005
7,20,2,,,,,,,,,0.66
7,20,2,,,,,,,,,0.4475
7,21,2,,,,,,,,,0.34
7,21,2,,,,,,,,,0.28
7,21,2,,,,,,,,,0.2225
7,21,2,,,,,,,,,0.15
7,22,2,,,,,,,,,0.0675
7,22,2,,,,,,,,,0.0075
7,22,2,,,,,,,,,0.0
7,22,2,,,,,,,,,0.0
7,23,2,,,,,,,,,0.0
7,23,2,,,,,,,,,0.0
7,23,2,,,,,,,,,0.0
7,23,2,,,,,,,,,0.0
7,24,2,,,,,,,,,0.0
7,24,2,,,,,,,,,0.0
7,24,2,,,,,,,,,0.0
7,24,2,,,,,,,,,0.0
7,1,3,,,,,,,,,0.0
7,1,3,,,,,,,,,0.0
7,1,3,,,,,,,,,0.0
7,1,3,,,,,,,,,0.0
7,2,3,,,,,,,,,0.0
7,2,3,,,,,,,,,0.0
7,2,3,,,,,,,,,0.0
7,2,3,,,,,,,,,0.0
7,3,3,,,,,,,,,0.0
7,3,3,,,,,,,,,0.0
7,3,3,,,,,,,,,0.0
7,3,3,,,,,,,,,0.0
7,4,3,,,,,,,,,0.0
7,4,3,,,,,,,,,0.0
7,4,3,,,,,,,,,0.0
7,4,3,,,,,,,,,0.0
7,5,3,,,,,,,,,0.0
7,5,3,,,,,,,,,0.0
7,5,3,,,,,,,,,0.0
7,5,3,,,,,,,,,0.0
7,6,3,,,,,,,,,0.0
7,6,3,,,,,,,,,0.0
7,6,3,,,,,,,,,0.0
7,6,3,,,,,,,,,0.0
7,7,3,,,,,,,,,0.0
7,7,3,,,,,,,,,0.0
7,7,3,,,,,,,,,0.0175
7,7,3,,,,,,,,,0.12
7,8,3,,,,,,,,,0.225
7,8,3,,,,,,,,,0.3325
7,8,3,,,,,,,,,0.4725
7,8,3,,,,,,,,,0.6625
7,9,3,,,,,,,,,0.9425
7,9,3,,,,,,,,,1.325
7,9,3,,,,,,,,,1.7525
7,9,3,,,,,,,,,2.205
7,10,3,,,,,,,,,2.69
7,10,3,,,,,,,,,3.2025
7,10,3,,,,,,,,,3.67
7,10,3,,,,,,,,,4.1275
7,11,3,,,,,,,,,4.5775
7,11,3,,,,,,,,,4.995
7,11,3,,,,,,,,,5.3975
7,11,3,,,,,,,,,5.7675
7,12,3,,,,,,,,,6.095
7,12,3,,,,,,,,,6.405
7,12,3,,,,,,,,,6.66
7,12,3,,,,,,,,,6.885
7,13,3,,,,,,,,,7.095
7,13,3,,,,,,,,,7.2725
7,13,3,,,,,,,,,7.4175
7,13,3,,,,,,,,,7.4825
7,14,3,,,,,,,,,7.5975
7,14,3,,,,,,,,,7.6475
7,14,3,,,,,,,,,7.63
7,14,3,,,,,,,,,7.56
7,15,3,,,,,,,,,7.5125
7,15,3,,,,,,,,,7.46
7,15,3,,,,,,,,,7.3975
7,15,3,,,,,,,,,7.315
7,16,3,,,,,,,,,7.1575
7,16,3,,,,,,,,,7.0625
7,16,3,,,,,,,,,6.855
7,16,3,,,,,,,,,6.615
7,17,3,,,,,,,,,6.3975
7,17,3,,,,,,,,,6.125
7,17,3,,,,,,,,,5.7
7,17,3,,,,,,,,,5.155
7,18,3,,,,,,,,,4.485
7,18,3,,,,,,,,,4.02
7,18,3,,,,,,,,,2.89
7,18,3,,,,,,,,,2.0625
7,19,3,,,,,,,,,1.68
7,19,3,,,,,,,,,1.5975
7,19,3,,,,,,,,,1.5475
7,19,3,,,,,,,,,1.345
7,20,3,,,,,,,,,1.2425
7,20,3,,,,,,,,,1.075
7,20,3,,,,,,,,,0.7625
7,20,3,,,,,,,,,0.6575
7,21,3,,,,,,,,,0.635
7,21,3,,,,,,,,,0.345
7,21,3,,,,,,,,,0.2375
7,21,3,,,,,,,,,0.19
7,22,3,,,,,,,,,0.0375
7,22,3,,,,,,,,,0.0
7,22,3,,,,,,,,,0.0
7,22,3,,,,,,,,,0.0
7,23,3,,,,,,,,,0.0
7,23,3,,,,,,,,,0.0
7,23,3,,,,,,,,,0.0
7,23,3,,,,,,,,,0.0
7,24,3,,,,,,,,,0.0
7,24,3,,,,,,,,,0.0
7,24,3,,,,,,,,,0.0
7,24,3,,,,,,,,,0.0
7,1,4,,,,,,,,,0.0
7,1,4,,,,,,,,,0.0
7,1,4,,,,,,,,,0.0
7,1,4,,,,,,,,,0.0
7,2,4,,,,,,,,,0.0
7,2,4,,,,,,,,,0.0
7,2,4,,,,,,,,,0.0
7,2,4,,,,,,,,,0.0
7,3,4,,,,,,,,,0.0
7,3,4,,,,,,,,,0.0
7,3,4,,,,,,,,,0.0
7,3,4,,,,,,,,,0.0
7,4,4,,,,,,,,,0.0
7,4,4,,,,,,,,,0.0
7,4,4,,,,,,,,,0.0
7,4,4,,,,,,,,,0.0
7,5,4,,,,,,,,,0.0
7,5,4,,,,,,,,,0.0
7,5,4,,,,,,,,,0.0
7,5,4,,,,,,,,,0.0
7,6,4,,,,,,,,,0.0
7,6,4,,,,,,,,,0.0
7,6,4,,,,,,,,,0.0
7,6,4,,,,,,,,,0.0
7,7,4,,,,,,,,,0.0
7,7,4,,,,,,,,,0.0
7,7,4,,,,,,,,,0.0
7,7,4,,,,,,,,,0.0
7,8,4,,,,,,,,,0.025
7,8,4,,,,,,,,,0.08
7,8,4,,,,,,,,,0.2275
7,8,4,,,,,,,,,0.305
7,9,4,,,,,,,,,0.355
7,9,4,,,,,,,,,0.4425
7,9,4,,,,,,,,,0.5475
7,9,4,,,,,,,,,0.7275
7,10,4,,,,,,,,,0.9175
7,10,4,,,,,,,,,1.09
7,10,4,,,,,,,,,1.33
7,10,4,,,,,,,,,2.24
7,11,4,,,,,,,,,2.3625
7,11,4,,,,,,,,,1.71
7,11,4,,,,,,,,,2.0025
7,11,4,,,,,,,,,1.36
7,12,4,,,,,,,,,2.3375
7,12,4,,,,,,,,,3.4425
7,12,4,,,,,,,,,4.9125
7,12,4,,,,,,,,,5.1525
7,13,4,,,,,,,,,7.745
7,13,4,,,,,,,,,6.0775
7,13,4,,,,,,,,,6.005
7,13,4,,,,,,,,,5.4175
7,14,4,,,,,,,,,5.3825
7,14,4,,,,,,,,,2.785
7,14,4,,,,,,,,,4.6475
7,14,4,,,,,,,,,3.3875
7,15,4,,,,,,,,,7.0175
7,15,4,,,,,,,,,7.4775
7,15,4,,,,,,,,,7.7625
7,15,4,,,,,,,,,7.7425
7,16,4,,,,,,,,,7.445
7,16,4,,,,,,,,,5.9975
7,16,4,,,,,,,,,7.215
7,16,4,,,,,,,,,6.8375
7,17,4,,,,,,,,,6.5775
7,17,4,,,,,,,,,6.255
7,17,4,,,,,,,,,5.9225
7,17,4,,,,,,,,,5.565
7,18,4,,,,,,,,,4.215
7,18,4,,,,,,,,,3.86
7,18,4,,,,,,,,,3.2025
7,18,4,,,,,,,,,2.89
7,19,4,,,,,,,,,3.585
7,19,4,,,,,,,,,2.915
7,19,4,,,,,,,,,2.415
7,19,4,,,,,,,,,1.92
7,20,4,,,,,,,,,1.425
7,20,4,,,,,,,,,0.9825
7,20,4,,,,,,,,,0.645
7,20,4,,,,,,,,,0.44
7,21,4,,,,,,,,,0.34
7,21,4,,,,,,,,,0.2725
7,21,4,,,,,,,,,0.2175
7,21,4,,,,,,,,,0.16
7,22,4,,,,,,,,,0.055
7,22,4,,,,,,,,,0.0
7,22,4,,,,,,,,,0.0
7,22,4,,,,,,,,,0.0
7,23,4,,,,,,,,,0.0
7,23,4,,,,,,,,,0.0
7,23,4,,,,,,,,,0.0
7,23,4,,,,,,,,,0.0
7,24,4,,,,,,,,,0.0
7,24,4,,,,,,,,,0.0
7,24,4,,,,,,,,,0.0
7,24,4,,,,,,,,,0.0
7,1,5,,,,,,,,,0.0
7,1,5,,,,,,,,,0.0
7,1,5,,,,,,,,,0.0
7,1,5,,,,,,,,,0.0
7,2,5,,,,,,,,,0.0
7,2,5,,,,,,,,,0.0
7,2,5,,,,,,,,,0.0
7,2,5,,,,,,,,,0.0
7,3,5,,,,,,,,,0.0
7,3,5,,,,,,,,,0.0
7,3,5,,,,,,,,,0.0
7,3,5,,,,,,,,,0.0
7,4,5,,,,,,,,,0.0
7,4,5,,,,,,,,,0.0
7,4,5,,,,,,,,,0.0
7,4,5,,,,,,,,,0.0
7,5,5,,,,,,,,,0.0
7,5,5,,,,,,,,,0.0
7,5,5,,,,,,,,,0.0
7,5,5,,,,,,,,,0.0
7,6,5,,,,,,,,,0.0
7,6,5,,,,,,,,,0.0
7,6,5,,,,,,,,,0.0
7,6,5,,,,,,,,,0.0
7,7,5,,,,,,,,,0.0
7,7,5,,,,,,,,,0.0
7,7,5,,,,,,,,,0.0
7,7,5,,,,,,,,,0.07
7,8,5,,,,,,,,,0.225
7,8,5,,,,,,,,,0.33
7,8,5,,,,,,,,,0.475
7,8,5,,,,,,,,,0.715
7,9,5,,,,,,,,,1.0125
7,9,5,,,,,,,,,1.385
7,9,5,,,,,,,,,1.795
7,9,5,,,,,,,,,2.0225
7,10,5,,,,,,,,,2.1525
7,10,5,,,,,,,,,2.585
7,10,5,,,,,,,,,3.87
7,10,5,,,,,,,,,4.315
7,11,5,,,,,,,,,4.8625
7,11,5,,,,,,,,,5.67
7,11,5,,,,,,,,,5.1025
7,11,5,,,,,,,,,5.415
7,12,5,,,,,,,,,5.195
7,12,5,,,,,,,,,6.06
7,12,5,,,,,,,,,6.5175
7,12,5,,,,,,,,,7.105
7,13,5,,,,,,,,,6.8675
7,13,5,,,,,,,,,5.945
7,13,5,,,,,,,,,5.8
7,13,5,,,,,,,,,7.465
7,14,5,,,,,,,,,7.7925
7,14,5,,,,,,,,,7.765
7,14,5,,,,,,,,,7.77
7,14,5,,,,,,,,,7.7525
7,15,5,,,,,,,,,7.715
7,15,5,,,,,,,,,7.665
7,15,5,,,,,,,,,7.63
7,15,5,,,,,,,,,7.18
7,16,5,,,,,,,,,7.1875
7,16,5,,,,,,,,,7.07
7,16,5,,,,,,,,,6.8775
7,16,5,,,,,,,,,6.9475
7,17,5,,,,,,,,,5.94
7,17,5,,,,,,,,,4.245
7,17,5,,,,,,,,,4.5775
7,17,5,,,,,,,,,5.405
7,18,5,,,,,,,,,3.37
7,18,5,,,,,,,,,4.095
7,18,5,,,,,,,,,3.8125
7,18,5,,,,,,,,,3.4475
7,19,5,,,,,,,,,2.4425
7,19,5,,,,,,,,,1.285
7,19,5,,,,,,,,,1.505
7,19,5,,,,,,,,,1.27
7,20,5,,,,,,,,,1.09
7,20,5,,,,,,,,,1.0975
7,20,5,,,,,,,,,0.83
7,20,5,,,,,,,,,0.5
7,21,5,,,,,,,,,0.23
7,21,5,,,,,,,,,0.455
7,21,5,,,,,,,,,0.18
7,21,5,,,,,,,,,0.065
7,22,5,,,,,,,,,0.0125
7,22,5,,,,,,,,,0.0
7,22,5,,,,,,,,,0.0
7,22,5,,,,,,,,,0.0
7,23,5,,,,,,,,,0.0
7,23,5,,,,,,,,,0.0
7,23,5,,,,,,,,,0.0
7,23,5,,,,,,,,,0.0
7,24,5,,,,,,,,,0.0
7,24,5,,,,,,,,,0.0
7,24,5,,,,,,,,,0.0
7,24,5,,,,,,,,,0.0
7,1,6,,,,,,,,,0.0
7,1,6,,,,,,,,,0.0
7,1,6,,,,,,,,,0.0
7,1,6,,,,,,,,,0.0
7,2,6,,,,,,,,,0.0
7,2,6,,,,,,,,,0.0
7,2,6,,,,,,,,,0.0
7,2,6,,,,,,,,,0.0
7,3,6,,,,,,,,,0.0
7,3,6,,,,,,,,,0.0
7,3,6,,,,,,,,,0.0
7,3,6,,,,,,,,,0.0
7,4,6,,,,,,,,,0.0
7,4,6,,,,,,,,,0.0
7,4,6,,,,,,,,,0.0
7,4,6,,,,,,,,,0.0
7,5,6,,,,,,,,,0.0
7,5,6,,,,,,,,,0.0
7,5,6,,,,,,,,,0.0
7,5,6,,,,,,,,,0.0
7,6,6,,,,,,,,,0.0
7,6,6,,,,,,,,,0.0
7,6,6,,,,,,,,,0.0
7,6,6,,,,,,,,,0.0
7,7,6,,,,,,,,,0.0
7,7,6,,,,,,,,,0.0
7,7,6,,,,,,,,,0.0
7,7,6,,,,,,,,,0.0425
7,8,6,,,,,,,,,0.1825
7,8,6,,,,,,,,,0.315
7,8,6,,,,,,,,,0.495
7,8,6,,,,,,,,,0.6525
7,9,6,,,,,,,,,1.07
7,9,6,,,,,,,,,1.4025
7,9,6,,,,,,,,,1.255
7,9,6,,,,,,,,,1.93
7,10,6,,,,,,,,,1.405
7,10,6,,,,,,,,,2.9725
7,10,6,,,,,,,,,3.81
7,10,6,,,,,,,,,4.2825
7,11,6,,,,,,,,,4.405
7,11,6,,,,,,,,,4.935
7,11,6,,,,,,,,,5.4125
7,11,6,,,,,,,,,5.83
7,12,6,,,,,,,,,6.175
7,12,6,,,,,,,,,6.485
7,12,6,,,,,,,,,6.76
7,12,6,,,,,,,,,7.0
7,13,6,,,,,,,,,7.205
7,13,6,,,,,,,,,7.36
7,13,6,,,,,,,,,7.4775
7,13,6,,,,,,,,,7.5925
7,14,6,,,,,,,,,7.6125
7,14,6,,,,,,,,,7.725
7,14,6,,,,,,,,,7.2475
7,14,6,,,,,,,,,7.2
7,15,6,,,,,,,,,6.8175
7,15,6,,,,,,,,,7.0
7,15,6,,,,,,,,,6.49
7,15,6,,,,,,,,,5.925
7,16,6,,,,,,,,,4.435
7,16,6,,,,,,,,,4.585
7,16,6,,,,,,,,,7.1825
7,16,6,,,,,,,,,6.915
7,17,6,,,,,,,,,6.57
7,17,6,,,,,,,,,6.2225
7,17,6,,,,,,,,,5.6425
7,17,6,,,,,,,,,5.3225
7,18,6,,,,,,,,,5.0725
7,18,6,,,,,,,,,4.6425
7,18,6,,,,,,,,,4.265
7,18,6,,,,,,,,,3.655
7,19,6,,,,,,,,,3.33
7,19,6,,,,,,,,,2.8475
7,19,6,,,,,,,,,2.33
7,19,6,,,,,,,,,1.92
7,20,6,,,,,,,,,1.475
7,20,6,,,,,,,,,0.87
7,20,6,,,,,,,,,0.8575
7,20,6,,,,,,,,,0.53
7,21,6,,,,,,,,,0.4225
7,21,6,,,,,,,,,0.22
7,21,6,,,,,,,,,0.1475
7,21,6,,,,,,,,,0.135
7,22,6,,,,,,,,,0.035
7,22,6,,,,,,,,,0.0
7,22,6,,,,,,,,,0.0
7,22,6,,,,,,,,,0.0
7,23,6,,,,,,,,,0.0
7,23,6,,,,,,,,,0.0
7,23,6,,,,,,,,,0.0
7,23,6,,,,,,,,,0.0
7,24,6,,,,,,,,,0.0
7,24,6,,,,,,,,,0.0
7,24,6,,,,,,,,,0.0
7,24,6,,,,,,,,,0.0
7,1,7,,,,,,,,,0.0
7,1,7,,,,,,,,,0.0
7,1,7,,,,,,,,,0.0
7,1,7,,,,,,,,,0.0
7,2,7,,,,,,,,,0.0
7,2,7,,,,,,,,,0.0
7,2,7,,,,,,,,,0.0
7,2,7,,,,,,,,,0.0
7,3,7,,,,,,,,,0.0
7,3,7,,,,,,,,,0.0
7,3,7,,,,,,,,,0.0
7,3,7,,,,,,,,,0.0
7,4,7,,,,,,,,,0.0
7,4,7,,,,,,,,,0.0
7,4,7,,,,,,,,,0.0
7,4,7,,,,,,,,,0.0
7,5,7,,,,,,,,,0.0
7,5,7,,,,,,,,,0.0
7,5,7,,,,,,,,,0.0
7,5,7,,,,,,,,,0.0
7,6,7,,,,,,,,,0.0
7,6,7,,,,,,,,,0.0
7,6,7,,,,,,,,,0.0
7,6,7,,,,,,,,,0.0
7,7,7,,,,,,,,,0.0
7,7,7,,,,,,,,,0.0
7,7,7,,,,,,,,,0.0
7,7,7,,,,,,,,,0.0175
7,8,7,,,,,,,,,0.085
7,8,7,,,,,,,,,0.26
7,8,7,,,,,,,,,0.625
7,8,7,,,,,,,,,0.775
7,9,7,,,,,,,,,0.885
7,9,7,,,,,,,,,1.3525
7,9,7,,,,,,,,,1.6775
7,9,7,,,,,,,,,1.505
7,10,7,,,,,,,,,1.635
7,10,7,,,,,,,,,1.985
7,10,7,,,,,,,,,2.2275
7,10,7,,,,,,,,,2.36
7,11,7,,,,,,,,,2.41
7,11,7,,,,,,,,,2.935
7,11,7,,,,,,,,,4.215
7,11,7,,,,,,,,,4.8525
7,12,7,,,,,,,,,3.765
7,12,7,,,,,,,,,4.63
7,12,7,,,,,,,,,5.3225
7,12,7,,,,,,,,,5.3925
7,13,7,,,,,,,,,7.4875
7,13,7,,,,,,,,,7.5525
7,13,7,,,,,,,,,7.67
7,13,7,,,,,,,,,7.685
7,14,7,,,,,,,,,7.715
7,14,7,,,,,,,,,7.81
7,14,7,,,,,,,,,7.8225
7,14,7,,,,,,,,,7.8225
7,15,7,,,,,,,,,7.825
7,15,7,,,,,,,,,7.1275
7,15,7,,,,,,,,,7.1775
7,15,7,,,,,,,,,6.8775
7,16,7,,,,,,,,,5.995
7,16,7,,,,,,,,,3.77
7,16,7,,,,,,,,,6.195
7,16,7,,,,,,,,,4.845
7,17,7,,,,,,,,,4.3775
7,17,7,,,,,,,,,4.62
7,17,7,,,,,,,,,4.365
7,17,7,,,,,,,,,4.175
7,18,7,,,,,,,,,4.265
7,18,7,,,,,,,,,4.11
7,18,7,,,,,,,,,4.4425
7,18,7,,,,,,,,,3.255
7,19,7,,,,,,,,,2.69
7,19,7,,,,,,,,,3.1475
7,19,7,,,,,,,,,2.43
7,19,7,,,,,,,,,1.9175
7,20,7,,,,,,,,,1.3775
7,20,7,,,,,,,,,1.2475
7,20,7,,,,,,,,,0.915
7,20,7,,,,,,,,,0.76
7,21,7,,,,,,,,,0.515
7,21,7,,,,,,,,,0.3125
7,21,7,,,,,,,,,0.21
7,21,7,,,,,,,,,0.12
7,22,7,,,,,,,,,0.035
7,22,7,,,,,,,,,0.0
7,22,7,,,,,,,,,0.0
7,22,7,,,,,,,,,0.0
7,23,7,,,,,,,,,0.0
7,23,7,,,,,,,,,0.0
7,23,7,,,,,,,,,0.0
7,23,7,,,,,,,,,0.0
7,24,7,,,,,,,,,0.0
7,24,7,,,,,,,,,0.0
7,24,7,,,,,,,,,0.0
7,24,7,,,,,,,,,0.0
7,1,1,,,,,,,,,0.0
7,1,1,,,,,,,,,0.0
7,1,1,,,,,,,,,0.0
7,1,1,,,,,,,,,0.0
7,2,1,,,,,,,,,0.0
7,2,1,,,,,,,,,0.0
7,2,1,,,,,,,,,0.0
7,2,1,,,,,,,,,0.0
7,3,1,,,,,,,,,0.0
7,3,1,,,,,,,,,0.0
7,3,1,,,,,,,,,0.0
7,3,1,,,,,,,,,0.0
7,4,1,,,,,,,,,0.0
7,4,1,,,,,,,,,0.0
7,4,1,,,,,,,,,0.0
7,4,1,,,,,,,,,0.0
7,5,1,,,,,,,,,0.0
7,5,1,,,,,,,,,0.0
7,5,1,,,,,,,,,0.0
7,5,1,,,,,,,,,0.0
7,6,1,,,,,,,,,0.0
7,6,1,,,,,,,,,0.0
7,6,1,,,,,,,,,0.0
7,6,1,,,,,,,,,0.0
7,7,1,,,,,,,,,0.0
7,7,1,,,,,,,,,0.0
7,7,1,,,,,,,,,0.0
7,7,1,,,,,,,,,0.06
7,8,1,,,,,,,,,0.16
7,8,1,,,,,,,,,0.24
7,8,1,,,,,,,,,0.3575
7,8,1,,,,,,,,,0.5675
7,9,1,,,,,,,,,0.9
7,9,1,,,,,,,,,1.335
7,9,1,,,,,,,,,1.82
7,9,1,,,,,,,,,2.295
7,10,1,,,,,,,,,2.8725
7,10,1,,,,,,,,,3.44
7,10,1,,,,,,,,,3.9875
7,10,1,,,,,,,,,3.905
7,11,1,,,,,,,,,4.0975
7,11,1,,,,,,,,,3.88
7,11,1,,,,,,,,,3.885
7,11,1,,,,,,,,,5.83
7,12,1,,,,,,,,,3.565
7,12,1,,,,,,,,,2.615
7,12,1,,,,,,,,,5.4075
7,12,1,,,,,,,,,7.255
7,13,1,,,,,,,,,7.49
7,13,1,,,,,,,,,7.71
7,13,1,,,,,,,,,7.7075
7,13,1,,,,,,,,,7.8275
7,14,1,,,,,,,,,7.8675
7,14,1,,,,,,,,,7.88
7,14,1,,,,,,,,,7.875
7,14,1,,,,,,,,,7.8875
7,15,1,,,,,,,,,7.875
7,15,1,,,,,,,,,7.865
7,15,1,,,,,,,,,7.82
7,15,1,,,,,,,,,7.785
7,16,1,,,,,,,,,7.69
7,16,1,,,,,,,,,7.4775
7,16,1,,,,,,,,,7.26
7,16,1,,,,,,,,,6.995
7,17,1,,,,,,,,,6.7
7,17,1,,,,,,,,,6.41
7,17,1,,,,,,,,,6.0575
7,17,1,,,,,,,,,5.67
7,18,1,,,,,,,,,5.2825
7,18,1,,,,,,,,,4.8675
7,18,1,,,,,,,,,4.4125
7,18,1,,,,,,,,,3.9475
7,19,1,,,,,,,,,3.465
7,19,1,,,,,,,,,2.945
7,19,1,,,,,,,,,2.43
7,19,1,,,,,,,,,1.91
7,20,1,,,,,,,,,1.405
7,20,1,,,,,,,,,0.9625
7,20,1,,,,,,,,,0.605
7,20,1,,,,,,,,,0.385
7,21,1,,,,,,,,,0.2825
7,21,1,,,,,,,,,0.225
7,21,1,,,,,,,,,0.175
7,21,1,,,,,,,,,0.11
7,22,1,,,,,,,,,0.04
7,22,1,,,,,,,,,0.0
7,22,1,,,,,,,,,0.0
7,22,1,,,,,,,,,0.0
7,23,1,,,,,,,,,0.0
7,23,1,,,,,,,,,0.0
7,23,1,,,,,,,,,0.0
7,23,1,,,,,,,,,0.0
7,24,1,,,,,,,,,0.0
7,24,1,,,,,,,,,0.0
7,24,1,,,,,,,,,0.0
7,24,1,,,,,,,,,0.0
7,1,2,,,,,,,,,0.0
7,1,2,,,,,,,,,0.0
7,1,2,,,,,,,,,0.0
7,1,2,,,,,,,,,0.0
7,2,2,,,,,,,,,0.0
7,2,2,,,,,,,,,0.0
7,2,2,,,,,,,,,0.0
7,2,2,,,,,,,,,0.0
7,3,2,,,,,,,,,0.0
7,3,2,,,,,,,,,0.0
7,3,2,,,,,,,,,0.0
7,3,2,,,,,,,,,0.0
7,4,2,,,,,,,,,0.0
7,4,2,,,,,,,,,0.0
7,4,2,,,,,,,,,0.0
7,4,2,,,,,,,,,0.0
7,5,2,,,,,,,,,0.0
7,5,2,,,,,,,,,0.0
7,5,2,,,,,,,,,0.0
7,5,2,,,,,,,,,0.0
7,6,2,,,,,,,,,0.0
7,6,2,,,,,,,,,0.0
7,6,2,,,,,,,,,0.0
7,6,2,,,,,,,,,0.0
7,7,2,,,,,,,,,0.0
7,7,2,,,,,,,,,0.0
7,7,2,,,,,,,,,0.0
7,7,2,,,,,,,,,0.0475
7,8,2,,,,,,,,,0.1375
7,8,2,,,,,,,,,0.2
7,8,2,,,,,,,,,0.3225
7,8,2,,,,,,,,,0.545
7,9,2,,,,,,,,,0.865
7,9,2,,,,,,,,,1.29
7,9,2,,,,,,,,,1.795
7,9,2,,,,,,,,,2.1075
7,10,2,,,,,,,,,1.555
7,10,2,,,,,,,,,1.585
7,10,2,,,,,,,,,1.585
7,10,2,,,,,,,,,1.8625
7,11,2,,,,,,,,,2.4325
7,11,2,,,,,,,,,3.43
7,11,2,,,,,,,,,3.29
7,11,2,,,,,,,,,3.275
7,12,2,,,,,,,,,5.7
7,12,2,,,,,,,,,6.1575
7,12,2,,,,,,,,,6.7825
7,12,2,,,,,,,,,7.405
7,13,2,,,,,,,,,7.2475
7,13,2,,,,,,,,,7.355
7,13,2,,,,,,,,,7.52
7,13,2,,,,,,,,,7.51
7,14,2,,,,,,,,,7.425
7,14,2,,,,,,,,,7.345
7,14,2,,,,,,,,,6.945
7,14,2,,,,,,,,,7.225
7,15,2,,,,,,,,,7.4275
7,15,2,,,,,,,,,7.28
7,15,2,,,,,,,,,6.375
7,15,2,,,,,,,,,4.99
7,16,2,,,,,,,,,5.4625
7,16,2,,,,,,,,,4.555
7,16,2,,,,,,,,,3.125
7,16,2,,,,,,,,,2.7
7,17,2,,,,,,,,,3.885
7,17,2,,,,,,,,,5.985
7,17,2,,,,,,,,,6.065
7,17,2,,,,,,,,,5.6725
7,18,2,,,,,,,,,5.275
7,18,2,,,,,,,,,4.865
7,18,2,,,,,,,,,4.4
7,18,2,,,,,,,,,3.935
7,19,2,,,,,,,,,3.4475
7,19,2,,,,,,,,,2.945
7,19,2,,,,,,,,,2.425
7,19,2,,,,,,,,,1.915
7,20,2,,,,,,,,,1.4125
7,20,2,,,,,,,,,0.9425
7,20,2,,,,,,,,,0.61
7,20,2,,,,,,,,,0.4
7,21,2,,,,,,,,,0.245
7,21,2,,,,,,,,,0.17
7,21,2,,,,,,,,,0.1825
7,21,2,,,,,,,,,0.11
7,22,2,,,,,,,,,0.04
7,22,2,,,,,,,,,0.0
7,22,2,,,,,,,,,0.0
7,22,2,,,,,,,,,0.0
7,23,2,,,,,,,,,0.0
7,23,2,,,,,,,,,0.0
7,23,2,,,,,,,,,0.0
7,23,2,,,,,,,,,0.0
7,24,2,,,,,,,,,0.0
7,24,2,,,,,,,,,0.0
7,24,2,,,,,,,,,0.0
7,24,2,,,,,,,,,0.0
7,1,3,,,,,,,,,0.0
7,1,3,,,,,,,,,0.0
7,1,3,,,,,,,,,0.0
7,1,3,,,,,,,,,0.0
7,2,3,,,,,,,,,0.0
7,2,3,,,,,,,,,0.0
7,2,3,,,,,,,,,0.0
7,2,3,,,,,,,,,0.0
7,3,3,,,,,,,,,0.0
7,3,3,,,,,,,,,0.0
7,3,3,,,,,,,,,0.0
7,3,3,,,,,,,,,0.0
7,4,3,,,,,,,,,0.0
7,4,3,,,,,,,,,0.0
7,4,3,,,,,,,,,0.0
7,4,3,,,,,,,,,0.0
7,5,3,,,,,,,,,0.0
7,5,3,,,,,,,,,0.0
7,5,3,,,,,,,,,0.0
7,5,3,,,,,,,,,0.0
7,6,3,,,,,,,,,0.0
7,6,3,,,,,,,,,0.0
7,6,3,,,,,,,,,0.0
7,6,3,,,,,,,,,0.0
7,7,3,,,,,,,,,0.0
7,7,3,,,,,,,,,0.0
7,7,3,,,,,,,,,0.0
7,7,3,,,,,,,,,0.0025
7,8,3,,,,,,,,,0.04
7,8,3,,,,,,,,,0.11
7,8,3,,,,,,,,,0.2125
7,8,3,,,,,,,,,0.355
7,9,3,,,,,,,,,0.63
7,9,3,,,,,,,,,0.86
7,9,3,,,,,,,,,1.0575
7,9,3,,,,,,,,,2.185
7,10,3,,,,,,,,,2.85
7,10,3,,,,,,,,,3.075
7,10,3,,,,,,,,,3.86
7,10,3,,,,,,,,,4.295
7,11,3,,,,,,,,,4.735
7,11,3,,,,,,,,,5.185
7,11,3,,,,,,,,,5.5225
7,11,3,,,,,,,,,5.93
7,12,3,,,,,,,,,6.27
7,12,3,,,,,,,,,6.6275
7,12,3,,,,,,,,,6.91
7,12,3,,,,,,,,,7.2175
7,13,3,,,,,,,,,7.47
7,13,3,,,,,,,,,7.565
7,13,3,,,,,,,,,7.6525
7,13,3,,,,,,,,,7.79
7,14,3,,,,,,,,,7.8525
7,14,3,,,,,,,,,7.9075
7,14,3,,,,,,,,,7.91
7,14,3,,,,,,,,,7.91
7,15,3,,,,,,,,,7.7875
7,15,3,,,,,,,,,7.925
7,15,3,,,,,,,,,7.8575
7,15,3,,,,,,,,,7.825
7,16,3,,,,,,,,,7.7525
7,16,3,,,,,,,,,7.4825
7,16,3,,,,,,,,,7.235
7,16,3,,,,,,,,,6.9925
7,17,3,,,,,,,,,6.6925
7,17,3,,,,,,,,,6.385
7,17,3,,,,,,,,,6.0675
7,17,3,,,,,,,,,5.7075
7,18,3,,,,,,,,,5.3
7,18,3,,,,,,,,,4.88
7,18,3,,,,,,,,,4.41
7,18,3,,,,,,,,,3.955
7,19,3,,,,,,,,,3.4925
7,19,3,,,,,,,,,2.975
7,19,3,,,,,,,,,2.46
7,19,3,,,,,,,,,1.9375
7,20,3,,,,,,,,,1.4475
7,20,3,,,,,,,,,1.005
7,20,3,,,,,,,,,0.66
7,20,3,,,,,,,,,0.44
7,21,3,,,,,,,,,0.335
7,21,3,,,,,,,,,0.2675
7,21,3,,,,,,,,,0.195
7,21,3,,,,,,,,,0.11
7,22,3,,,,,,,,,0.03
7,22,3,,,,,,,,,0.0
7,22,3,,,,,,,,,0.0
7,22,3,,,,,,,,,0.0
7,23,3,,,,,,,,,0.0
7,23,3,,,,,,,,,0.0
7,23,3,,,,,,,,,0.0
7,23,3,,,,,,,,,0.0
7,24,3,,,,,,,,,0.0
7,24,3,,,,,,,,,0.0
7,24,3,,,,,,,,,0.0
7,24,3,,,,,,,,,0.0
7,1,4,,,,,,,,,0.0
7,1,4,,,,,,,,,0.0
7,1,4,,,,,,,,,0.0
7,1,4,,,,,,,,,0.0
7,2,4,,,,,,,,,0.0
7,2,4,,,,,,,,,0.0
7,2,4,,,,,,,,,0.0
7,2,4,,,,,,,,,0.0
7,3,4,,,,,,,,,0.0
7,3,4,,,,,,,,,0.0
7,3,4,,,,,,,,,0.0
7,3,4,,,,,,,,,0.0
7,4,4,,,,,,,,,0.0
7,4,4,,,,,,,,,0.0
7,4,4,,,,,,,,,0.0
7,4,4,,,,,,,,,0.0
7,5,4,,,,,,,,,0.0
7,5,4,,,,,,,,,0.0
7,5,4,,,,,,,,,0.0
7,5,4,,,,,,,,,0.0
7,6,4,,,,,,,,,0.0
7,6,4,,,,,,,,,0.0
7,6,4,,,,,,,,,0.0
7,6,4,,,,,,,,,0.0
7,7,4,,,,,,,,,0.0
7,7,4,,,,,,,,,0.0
7,7,4,,,,,,,,,0.0
7,7,4,,,,,,,,,0.035
7,8,4,,,,,,,,,0.0575
7,8,4,,,,,,,,,0.17
7,8,4,,,,,,,,,0.385
7,8,4,,,,,,,,,0.61
7,9,4,,,,,,,,,0.7575
7,9,4,,,,,,,,,0.9425
7,9,4,,,,,,,,,1.655
7,9,4,,,,,,,,,2.3225
7,10,4,,,,,,,,,2.855
7,10,4,,,,,,,,,3.365
7,10,4,,,,,,,,,3.85
7,10,4,,,,,,,,,4.295
7,11,4,,,,,,,,,4.745
7,11,4,,,,,,,,,5.1125
7,11,4,,,,,,,,,5.57
7,11,4,,,,,,,,,5.975
7,12,4,,,,,,,,,6.355
7,12,4,,,,,,,,,6.71
7,12,4,,,,,,,,,7.025
7,12,4,,,,,,,,,7.28
7,13,4,,,,,,,,,7.5075
7,13,4,,,,,,,,,7.72
7,13,4,,,,,,,,,7.7875
7,13,4,,,,,,,,,7.845
7,14,4,,,,,,,,,7.875
7,14,4,,,,,,,,,7.9225
7,14,4,,,,,,,,,7.9425
7,14,4,,,,,,,,,7.925
7,15,4,,,,,,,,,7.93
7,15,4,,,,,,,,,7.885
7,15,4,,,,,,,,,7.885
7,15,4,,,,,,,,,7.8425
7,16,4,,,,,,,,,7.77
7,16,4,,,,,,,,,7.595
7,16,4,,,,,,,,,7.345
7,16,4,,,,,,,,,7.0975
7,17,4,,,,,,,,,6.775
7,17,4,,,,,,,,,6.4525
7,17,4,,,,,,,,,6.11
7,17,4,,,,,,,,,5.76
7,18,4,,,,,,,,,5.3325
7,18,4,,,,,,,,,4.905
7,18,4,,,,,,,,,4.4375
7,18,4,,,,,,,,,3.9575
7,19,4,,,,,,,,,3.4725
7,19,4,,,,,,,,,2.96
7,19,4,,,,,,,,,2.44
7,19,4,,,,,,,,,1.91
7,20,4,,,,,,,,,1.415
7,20,4,,,,,,,,,0.96
7,20,4,,,,,,,,,0.63
7,20,4,,,,,,,,,0.41
7,21,4,,,,,,,,,0.3
7,21,4,,,,,,,,,0.24
7,21,4,,,,,,,,,0.175
7,21,4,,,,,,,,,0.1025
7,22,4,,,,,,,,,0.025
7,22,4,,,,,,,,,0.0
7,22,4,,,,,,,,,0.0
7,22,4,,,,,,,,,0.0
7,23,4,,,,,,,,,0.0
7,23,4,,,,,,,,,0.0
7,23,4,,,,,,,,,0.0
7,23,4,,,,,,,,,0.0
7,24,4,,,,,,,,,0.0
7,24,4,,,,,,,,,0.0
7,24,4,,,,,,,,,0.0
7,24,4,,,,,,,,,0.0
7,1,5,,,,,,,,,0.0
7,1,5,,,,,,,,,0.0
7,1,5,,,,,,,,,0.0
7,1,5,,,,,,,,,0.0
7,2,5,,,,,,,,,0.0
7,2,5,,,,,,,,,0.0
7,2,5,,,,,,,,,0.0
7,2,5,,,,,,,,,0.0
7,3,5,,,,,,,,,0.0
7,3,5,,,,,,,,,0.0
7,3,5,,,,,,,,,0.0
7,3,5,,,,,,,,,0.0
7,4,5,,,,,,,,,0.0
7,4,5,,,,,,,,,0.0
7,4,5,,,,,,,,,0.0
7,4,5,,,,,,,,,0.0
7,5,5,,,,,,,,,0.0
7,5,5,,,,,,,,,0.0
7,5,5,,,,,,,,,0.0
7,5,5,,,,,,,,,0.0
7,6,5,,,,,,,,,0.0
7,6,5,,,,,,,,,0.0
7,6,5,,,,,,,,,0.0
7,6,5,,,,,,,,,0.0
7,7,5,,,,,,,,,0.0
7,7,5,,,,,,,,,0.0
7,7,5,,,,,,,,,0.0
7,7,5,,,,,,,,,0.035
7,8,5,,,,,,,,,0.1225
7,8,5,,,,,,,,,0.1925
7,8,5,,,,,,,,,0.3075
7,8,5,,,,,,,,,0.52
7,9,5,,,,,,,,,0.8525
7,9,5,,,,,,,,,1.305
7,9,5,,,,,,,,,1.7775
7,9,5,,,,,,,,,2.2775
7,10,5,,,,,,,,,2.8325
7,10,5,,,,,,,,,3.355
7,10,5,,,,,,,,,3.86
7,10,5,,,,,,,,,4.3125
7,11,5,,,,,,,,,4.745
7,11,5,,,,,,,,,5.15
7,11,5,,,,,,,,,5.53
7,11,5,,,,,,,,,5.9025
7,12,5,,,,,,,,,6.205
7,12,5,,,,,,,,,6.5125
7,12,5,,,,,,,,,6.7625
7,12,5,,,,,,,,,7.0475
7,13,5,,,,,,,,,7.1525
7,13,5,,,,,,,,,7.44
7,13,5,,,,,,,,,7.7275
7,13,5,,,,,,,,,7.8125
7,14,5,,,,,,,,,7.875
7,14,5,,,,,,,,,7.9
7,14,5,,,,,,,,,7.9125
7,14,5,,,,,,,,,7.92
7,15,5,,,,,,,,,7.9025
7,15,5,,,,,,,,,7.8975
7,15,5,,,,,,,,,7.855
7,15,5,,,,,,,,,7.78
7,16,5,,,,,,,,,7.675
7,16,5,,,,,,,,,7.485
7,16,5,,,,,,,,,7.315
7,16,5,,,,,,,,,7.01
7,17,5,,,,,,,,,6.67
7,17,5,,,,,,,,,6.33
7,17,5,,,,,,,,,6.0275
7,17,5,,,,,,,,,5.695
7,18,5,,,,,,,,,5.33
7,18,5,,,,,,,,,4.895
7,18,5,,,,,,,,,4.425
7,18,5,,,,,,,,,3.9425
7,19,5,,,,,,,,,3.4325
7,19,5,,,,,,,,,2.93
7,19,5,,,,,,,,,2.41
7,19,5,,,,,,,,,1.8825
7,20,5,,,,,,,,,1.385
7,20,5,,,,,,,,,0.95
7,20,5,,,,,,,,,0.6075
7,20,5,,,,,,,,,0.4
7,21,5,,,,,,,,,0.2975
7,21,5,,,,,,,,,0.2375
7,21,5,,,,,,,,,0.175
7,21,5,,,,,,,,,0.095
7,22,5,,,,,,,,,0.025
7,22,5,,,,,,,,,0.0
7,22,5,,,,,,,,,0.0
7,22,5,,,,,,,,,0.0
7,23,5,,,,,,,,,0.0
7,23,5,,,,,,,,,0.0
7,23,5,,,,,,,,,0.0
7,23,5,,,,,,,,,0.0
7,24,5,,,,,,,,,0.0
7,24,5,,,,,,,,,0.0
7,24,5,,,,,,,,,0.0
7,24,5,,,,,,,,,0.0
7,1,6,,,,,,,,,0.0
7,1,6,,,,,,,,,0.0
7,1,6,,,,,,,,,0.0
7,1,6,,,,,,,,,0.0
7,2,6,,,,,,,,,0.0
7,2,6,,,,,,,,,0.0
7,2,6,,,,,,,,,0.0
7,2,6,,,,,,,,,0.0
7,3,6,,,,,,,,,0.0
7,3,6,,,,,,,,,0.0
7,3,6,,,,,,,,,0.0
7,3,6,,,,,,,,,0.0
7,4,6,,,,,,,,,0.0
7,4,6,,,,,,,,,0.0
7,4,6,,,,,,,,,0.0
7,4,6,,,,,,,,,0.0
7,5,6,,,,,,,,,0.0
7,5,6,,,,,,,,,0.0
7,5,6,,,,,,,,,0.0
7,5,6,,,,,,,,,0.0
7,6,6,,,,,,,,,0.0
7,6,6,,,,,,,,,0.0
7,6,6,,,,,,,,,0.0
7,6,6,,,,,,,,,0.0
7,7,6,,,,,,,,,0.0
7,7,6,,,,,,,,,0.0
7,7,6,,,,,,,,,0.0
7,7,6,,,,,,,,,0.0325
7,8,6,,,,,,,,,0.125
7,8,6,,,,,,,,,0.1975
7,8,6,,,,,,,,,0.3225
7,8,6,,,,,,,,,0.52
7,9,6,,,,,,,,,0.8325
7,9,6,,,,,,,,,1.26
7,9,6,,,,,,,,,1.735
7,9,6,,,,,,,,,2.215
7,10,6,,,,,,,,,2.75
7,10,6,,,,,,,,,3.2575
7,10,6,,,,,,,,,3.765
7,10,6,,,,,,,,,4.1925
7,11,6,,,,,,,,,4.58
7,11,6,,,,,,,,,4.99
7,11,6,,,,,,,,,5.345
7,11,6,,,,,,,,,5.6725
7,12,6,,,,,,,,,6.06
7,12,6,,,,,,,,,6.44
7,12,6,,,,,,,,,6.8775
7,12,6,,,,,,,,,7.16
7,13,6,,,,,,,,,7.415
7,13,6,,,,,,,,,7.695
7,13,6,,,,,,,,,7.735
7,13,6,,,,,,,,,7.815
7,14,6,,,,,,,,,7.86
7,14,6,,,,,,,,,7.9125
7,14,6,,,,,,,,,7.9225
7,14,6,,,,,,,,,7.925
7,15,6,,,,,,,,,7.93
7,15,6,,,,,,,,,7.9025
7,15,6,,,,,,,,,7.865
7,15,6,,,,,,,,,7.815
7,16,6,,,,,,,,,7.7175
7,16,6,,,,,,,,,7.51
7,16,6,,,,,,,,,7.275
7,16,6,,,,,,,,,7.0275
7,17,6,,,,,,,,,6.74
7,17,6,,,,,,,,,6.46
7,17,6,,,,,,,,,6.13
7,17,6,,,,,,,,,5.7425
7,18,6,,,,,,,,,5.3325
7,18,6,,,,,,,,,4.885
7,18,6,,,,,,,,,4.4125
7,18,6,,,,,,,,,3.95
7,19,6,,,,,,,,,3.45
7,19,6,,,,,,,,,2.9275
7,19,6,,,,,,,,,2.405
7,19,6,,,,,,,,,1.885
7,20,6,,,,,,,,,1.395
7,20,6,,,,,,,,,0.94
7,20,6,,,,,,,,,0.5975
7,20,6,,,,,,,,,0.395
7,21,6,,,,,,,,,0.3
7,21,6,,,,,,,,,0.2375
7,21,6,,,,,,,,,0.1725
7,21,6,,,,,,,,,0.1
7,22,6,,,,,,,,,0.025
7,22,6,,,,,,,,,0.0
7,22,6,,,,,,,,,0.0
7,22,6,,,,,,,,,0.0
7,23,6,,,,,,,,,0.0
7,23,6,,,,,,,,,0.0
7,23,6,,,,,,,,,0.0
7,23,6,,,,,,,,,0.0
7,24,6,,,,,,,,,0.0
7,24,6,,,,,,,,,0.0
7,24,6,,,,,,,,,0.0
7,24,6,,,,,,,,,0.0
7,1,7,,,,,,,,,0.0
7,1,7,,,,,,,,,0.0
7,1,7,,,,,,,,,0.0
7,1,7,,,,,,,,,0.0
7,2,7,,,,,,,,,0.0
7,2,7,,,,,,,,,0.0
7,2,7,,,,,,,,,0.0
7,2,7,,,,,,,,,0.0
7,3,7,,,,,,,,,0.0
7,3,7,,,,,,,,,0.0
7,3,7,,,,,,,,,0.0
7,3,7,,,,,,,,,0.0
7,4,7,,,,,,,,,0.0
7,4,7,,,,,,,,,0.0
7,4,7,,,,,,,,,0.0
7,4,7,,,,,,,,,0.0
7,5,7,,,,,,,,,0.0
7,5,7,,,,,,,,,0.0
7,5,7,,,,,,,,,0.0
7,5,7,,,,,,,,,0.0
7,6,7,,,,,,,,,0.0
7,6,7,,,,,,,,,0.0
7,6,7,,,,,,,,,0.0
7,6,7,,,,,,,,,0.0
7,7,7,,,,,,,,,0.0
7,7,7,,,,,,,,,0.0
7,7,7,,,,,,,,,0.0
7,7,7,,,,,,,,,0.03
7,8,7,,,,,,,,,0.13
7,8,7,,,,,,,,,0.22
7,8,7,,,,,,,,,0.355
7,8,7,,,,,,,,,0.5625
7,9,7,,,,,,,,,0.85
7,9,7,,,,,,,,,1.21
7,9,7,,,,,,,,,1.63
7,9,7,,,,,,,,,2.0575
7,10,7,,,,,,,,,2.5775
7,10,7,,,,,,,,,3.08
7,10,7,,,,,,,,,3.5875
7,10,7,,,,,,,,,4.0175
7,11,7,,,,,,,,,4.4825
7,11,7,,,,,,,,,4.965
7,11,7,,,,,,,,,5.4375
7,11,7,,,,,,,,,5.8725
7,12,7,,,,,,,,,6.295
7,12,7,,,,,,,,,6.6
7,12,7,,,,,,,,,6.85
7,12,7,,,,,,,,,7.145
7,13,7,,,,,,,,,7.4275
7,13,7,,,,,,,,,7.65
7,13,7,,,,,,,,,7.7725
7,13,7,,,,,,,,,7.8225
7,14,7,,,,,,,,,7.8575
7,14,7,,,,,,,,,7.875
7,14,7,,,,,,,,,7.8975
7,14,7,,,,,,,,,7.92
7,15,7,,,,,,,,,7.92
7,15,7,,,,,,,,,7.8875
7,15,7,,,,,,,,,7.8525
7,15,7,,,,,,,,,7.8075
7,16,7,,,,,,,,,7.7125
7,16,7,,,,,,,,,7.515
7,16,7,,,,,,,,,7.275
7,16,7,,,,,,,,,7.0275
7,17,7,,,,,,,,,6.7125
7,17,7,,,,,,,,,6.315
7,17,7,,,,,,,,,5.71
7,17,7,,,,,,,,,5.36
7,18,7,,,,,,,,,4.9875
7,18,7,,,,,,,,,4.6225
7,18,7,,,,,,,,,4.0925
7,18,7,,,,,,,,,3.8375
7,19,7,,,,,,,,,3.4475
7,19,7,,,,,,,,,2.845
7,19,7,,,,,,,,,2.36
7,19,7,,,,,,,,,1.8825
7,20,7,,,,,,,,,1.3825
7,20,7,,,,,,,,,0.985
7,20,7,,,,,,,,,0.6375
7,20,7,,,,,,,,,0.4475
7,21,7,,,,,,,,,0.33
7,21,7,,,,,,,,,0.2475
7,21,7,,,,,,,,,0.185
7,21,7,,,,,,,,,0.09
7,22,7,,,,,,,,,0.015
7,22,7,,,,,,,,,0.0
7,22,7,,,,,,,,,0.0
7,22,7,,,,,,,,,0.0
7,23,7,,,,,,,,,0.0
7,23,7,,,,,,,,,0.0
7,23,7,,,,,,,,,0.0
7,23,7,,,,,,,,,0.0
7,24,7,,,,,,,,,0.0
7,24,7,,,,,,,,,0.0
7,24,7,,,,,,,,,0.0
7,24,7,,,,,,,,,0.0
7,1,1,,,,,,,,,0.0
7,1,1,,,,,,,,,0.0
7,1,1,,,,,,,,,0.0
7,1,1,,,,,,,,,0.0
7,2,1,,,,,,,,,0.0
7,2,1,,,,,,,,,0.0
7,2,1,,,,,,,,,0.0
7,2,1,,,,,,,,,0.0
7,3,1,,,,,,,,,0.0
7,3,1,,,,,,,,,0.0
7,3,1,,,,,,,,,0.0
7,3,1,,,,,,,,,0.0
7,4,1,,,,,,,,,0.0
7,4,1,,,,,,,,,0.0
7,4,1,,,,,,,,,0.0
7,4,1,,,,,,,,,0.0
7,5,1,,,,,,,,,0.0
7,5,1,,,,,,,,,0.0
7,5,1,,,,,,,,,0.0
7,5,1,,,,,,,,,0.0
7,6,1,,,,,,,,,0.0
7,6,1,,,,,,,,,0.0
7,6,1,,,,,,,,,0.0
7,6,1,,,,,,,,,0.0
7,7,1,,,,,,,,,0.0
7,7,1,,,,,,,,,0.0
7,7,1,,,,,,,,,0.0
7,7,1,,,,,,,,,0.025
7,8,1,,,,,,,,,0.125
7,8,1,,,,,,,,,0.2225
7,8,1,,,,,,,,,0.3275
7,8,1,,,,,,,,,0.52
7,9,1,,,,,,,,,0.8125
7,9,1,,,,,,,,,1.1875
7,9,1,,,,,,,,,1.555
7,9,1,,,,,,,,,2.0325
7,10,1,,,,,,,,,2.5875
7,10,1,,,,,,,,,3.105
7,10,1,,,,,,,,,3.6425
7,10,1,,,,,,,,,4.145
7,11,1,,,,,,,,,4.5925
7,11,1,,,,,,,,,4.9775
7,11,1,,,,,,,,,5.3575
7,11,1,,,,,,,,,5.675
7,12,1,,,,,,,,,6.0225
7,12,1,,,,,,,,,6.35
7,12,1,,,,,,,,,6.6275
7,12,1,,,,,,,,,6.91
7,13,1,,,,,,,,,7.17
7,13,1,,,,,,,,,7.415
7,13,1,,,,,,,,,7.54
7,13,1,,,,,,,,,7.6775
7,14,1,,,,,,,,,7.775
7,14,1,,,,,,,,,7.815
7,14,1,,,,,,,,,7.86
7,14,1,,,,,,,,,7.8675
7,15,1,,,,,,,,,7.8575
7,15,1,,,,,,,,,7.845
7,15,1,,,,,,,,,7.805
7,15,1,,,,,,,,,7.765
7,16,1,,,,,,,,,7.635
7,16,1,,,,,,,,,7.4325
7,16,1,,,,,,,,,7.2175
7,16,1,,,,,,,,,6.95
7,17,1,,,,,,,,,6.6175
7,17,1,,,,,,,,,6.2275
7,17,1,,,,,,,,,5.8775
7,17,1,,,,,,,,,5.45
7,18,1,,,,,,,,,5.095
7,18,1,,,,,,,,,4.665
7,18,1,,,,,,,,,4.185
7,18,1,,,,,,,,,3.7175
7,19,1,,,,,,,,,3.2
7,19,1,,,,,,,,,2.72
7,19,1,,,,,,,,,2.2125
7,19,1,,,,,,,,,1.7325
7,20,1,,,,,,,,,1.295
7,20,1,,,,,,,,,0.93
7,20,1,,,,,,,,,0.635
7,20,1,,,,,,,,,0.4325
7,21,1,,,,,,,,,0.3275
7,21,1,,,,,,,,,0.26
7,21,1,,,,,,,,,0.1725
7,21,1,,,,,,,,,0.08
7,22,1,,,,,,,,,0.015
7,22,1,,,,,,,,,0.0
7,22,1,,,,,,,,,0.0
7,22,1,,,,,,,,,0.0
7,23,1,,,,,,,,,0.0
7,23,1,,,,,,,,,0.0
7,23,1,,,,,,,,,0.0
7,23,1,,,,,,,,,0.0
7,24,1,,,,,,,,,0.0
7,24,1,,,,,,,,,0.0
7,24,1,,,,,,,,,0.0
7,24,1,,,,,,,,,0.0
7,1,2,,,,,,,,,0.0
7,1,2,,,,,,,,,0.0
7,1,2,,,,,,,,,0.0
7,1,2,,,,,,,,,0.0
7,2,2,,,,,,,,,0.0
7,2,2,,,,,,,,,0.0
7,2,2,,,,,,,,,0.0
7,2,2,,,,,,,,,0.0
7,3,2,,,,,,,,,0.0
7,3,2,,,,,,,,,0.0
7,3,2,,,,,,,,,0.0
7,3,2,,,,,,,,,0.0
7,4,2,,,,,,,,,0.0
7,4,2,,,,,,,,,0.0
7,4,2,,,,,,,,,0.0
7,4,2,,,,,,,,,0.0
7,5,2,,,,,,,,,0.0
7,5,2,,,,,,,,,0.0
7,5,2,,,,,,,,,0.0
7,5,2,,,,,,,,,0.0
7,6,2,,,,,,,,,0.0
7,6,2,,,,,,,,,0.0
7,6,2,,,,,,,,,0.0
7,6,2,,,,,,,,,0.0
7,7,2,,,,,,,,,0.0
7,7,2,,,,,,,,,0.0
7,7,2,,,,,,,,,0.0
7,7,2,,,,,,,,,0.02
7,8,2,,,,,,,,,0.1025
7,8,2,,,,,,,,,0.1725
7,8,2,,,,,,,,,0.2775
7,8,2,,,,,,,,,0.4825
7,9,2,,,,,,,,,0.8275
7,9,2,,,,,,,,,1.275
7,9,2,,,,,,,,,1.72
7,9,2,,,,,,,,,2.2275
7,10,2,,,,,,,,,2.7625
7,10,2,,,,,,,,,3.2925
7,10,2,,,,,,,,,3.7625
7,10,2,,,,,,,,,4.21
7,11,2,,,,,,,,,4.655
7,11,2,,,,,,,,,5.07
7,11,2,,,,,,,,,5.425
7,11,2,,,,,,,,,5.77
7,12,2,,,,,,,,,6.12
7,12,2,,,,,,,,,6.4375
7,12,2,,,,,,,,,6.685
7,12,2,,,,,,,,,6.9375
7,13,2,,,,,,,,,7.1125
7,13,2,,,,,,,,,7.285
7,13,2,,,,,,,,,7.6075
7,13,2,,,,,,,,,7.7825
7,14,2,,,,,,,,,7.84
7,14,2,,,,,,,,,7.8675
7,14,2,,,,,,,,,7.9
7,14,2,,,,,,,,,7.8925
7,15,2,,,,,,,,,7.89
7,15,2,,,,,,,,,7.8675
7,15,2,,,,,,,,,7.83
7,15,2,,,,,,,,,7.8075
7,16,2,,,,,,,,,7.7325
7,16,2,,,,,,,,,7.55
7,16,2,,,,,,,,,7.2925
7,16,2,,,,,,,,,6.99
7,17,2,,,,,,,,,6.7075
7,17,2,,,,,,,,,6.405
7,17,2,,,,,,,,,6.0425
7,17,2,,,,,,,,,5.655
7,18,2,,,,,,,,,5.2425
7,18,2,,,,,,,,,4.815
7,18,2,,,,,,,,,4.355
7,18,2,,,,,,,,,3.8825
7,19,2,,,,,,,,,3.39
7,19,2,,,,,,,,,2.8575
7,19,2,,,,,,,,,2.325
7,19,2,,,,,,,,,1.8125
7,20,2,,,,,,,,,1.3325
7,20,2,,,,,,,,,0.93
7,20,2,,,,,,,,,0.615
7,20,2,,,,,,,,,0.415
7,21,2,,,,,,,,,0.345
7,21,2,,,,,,,,,0.275
7,21,2,,,,,,,,,0.1925
7,21,2,,,,,,,,,0.1025
7,22,2,,,,,,,,,0.015
7,22,2,,,,,,,,,0.0
7,22,2,,,,,,,,,0.0
7,22,2,,,,,,,,,0.0
7,23,2,,,,,,,,,0.0
7,23,2,,,,,,,,,0.0
7,23,2,,,,,,,,,0.0
7,23,2,,,,,,,,,0.0
7,24,2,,,,,,,,,0.0
7,24,2,,,,,,,,,0.0
7,24,2,,,,,,,,,0.0
7,24,2,,,,,,,,,0.0
7,1,3,,,,,,,,,0.0
7,1,3,,,,,,,,,0.0
7,1,3,,,,,,,,,0.0
7,1,3,,,,,,,,,0.0
7,2,3,,,,,,,,,0.0
7,2,3,,,,,,,,,0.0
7,2,3,,,,,,,,,0.0
7,2,3,,,,,,,,,0.0
7,3,3,,,,,,,,,0.0
7,3,3,,,,,,,,,0.0
7,3,3,,,,,,,,,0.0
7,3,3,,,,,,,,,0.0
7,4,3,,,,,,,,,0.0
7,4,3,,,,,,,,,0.0
7,4,3,,,,,,,,,0.0
7,4,3,,,,,,,,,0.0
7,5,3,,,,,,,,,0.0
7,5,3,,,,,,,,,0.0
7,5,3,,,,,,,,,0.0
7,5,3,,,,,,,,,0.0
7,6,3,,,,,,,,,0.0
7,6,3,,,,,,,,,0.0
7,6,3,,,,,,,,,0.0
7,6,3,,,,,,,,,0.0
7,7,3,,,,,,,,,0.0
7,7,3,,,,,,,,,0.0
7,7,3,,,,,,,,,0.0
7,7,3,,,,,,,,,0.02
7,8,3,,,,,,,,,0.1225
7,8,3,,,,,,,,,0.205
7,8,3,,,,,,,,,0.3425
7,8,3,,,,,,,,,0.555
7,9,3,,,,,,,,,0.8625
7,9,3,,,,,,,,,1.255
7,9,3,,,,,,,,,1.6675
7,9,3,,,,,,,,,2.1625
7,10,3,,,,,,,,,2.6275
7,10,3,,,,,,,,,3.12
7,10,3,,,,,,,,,3.4925
7,10,3,,,,,,,,,3.825
7,11,3,,,,,,,,,4.3075
7,11,3,,,,,,,,,4.765
7,11,3,,,,,,,,,5.0175
7,11,3,,,,,,,,,5.325
7,12,3,,,,,,,,,5.545
7,12,3,,,,,,,,,5.9425
7,12,3,,,,,,,,,6.3225
7,12,3,,,,,,,,,6.3875
7,13,3,,,,,,,,,6.7025
7,13,3,,,,,,,,,7.01
7,13,3,,,,,,,,,7.26
7,13,3,,,,,,,,,7.4175
7,14,3,,,,,,,,,7.7325
7,14,3,,,,,,,,,7.8
7,14,3,,,,,,,,,7.855
7,14,3,,,,,,,,,7.885
7,15,3,,,,,,,,,7.88
7,15,3,,,,,,,,,7.8525
7,15,3,,,,,,,,,6.6875
7,15,3,,,,,,,,,6.65
7,16,3,,,,,,,,,3.575
7,16,3,,,,,,,,,3.7825
7,16,3,,,,,,,,,5.44
7,16,3,,,,,,,,,5.155
7,17,3,,,,,,,,,5.5775
7,17,3,,,,,,,,,5.1675
7,17,3,,,,,,,,,4.97
7,17,3,,,,,,,,,4.63
7,18,3,,,,,,,,,3.5325
7,18,3,,,,,,,,,2.665
7,18,3,,,,,,,,,2.1025
7,18,3,,,,,,,,,1.64
7,19,3,,,,,,,,,1.635
7,19,3,,,,,,,,,1.75
7,19,3,,,,,,,,,1.545
7,19,3,,,,,,,,,1.355
7,20,3,,,,,,,,,1.05
7,20,3,,,,,,,,,0.775
7,20,3,,,,,,,,,0.535
7,20,3,,,,,,,,,0.38
7,21,3,,,,,,,,,0.29
7,21,3,,,,,,,,,0.2175
7,21,3,,,,,,,,,0.1275
7,21,3,,,,,,,,,0.045
7,22,3,,,,,,,,,0.0025
7,22,3,,,,,,,,,0.0
7,22,3,,,,,,,,,0.0
7,22,3,,,,,,,,,0.0
7,23,3,,,,,,,,,0.0
7,23,3,,,,,,,,,0.0
7,23,3,,,,,,,,,0.0
7,23,3,,,,,,,,,0.0
7,24,3,,,,,,,,,0.0
7,24,3,,,,,,,,,0.0
7,24,3,,,,,,,,,0.0
7,24,3,,,,,,,,,0.0
7,1,4,,,,,,,,,0.0
7,1,4,,,,,,,,,0.0
7,1,4,,,,,,,,,0.0
7,1,4,,,,,,,,,0.0
7,2,4,,,,,,,,,0.0
7,2,4,,,,,,,,,0.0
7,2,4,,,,,,,,,0.0
7,2,4,,,,,,,,,0.0
7,3,4,,,,,,,,,0.0
7,3,4,,,,,,,,,0.0
7,3,4,,,,,,,,,0.0
7,3,4,,,,,,,,,0.0
7,4,4,,,,,,,,,0.0
7,4,4,,,,,,,,,0.0
7,4,4,,,,,,,,,0.0
7,4,4,,,,,,,,,0.0
7,5,4,,,,,,,,,0.0
7,5,4,,,,,,,,,0.0
7,5,4,,,,,,,,,0.0
7,5,4,,,,,,,,,0.0
7,6,4,,,,,,,,,0.0
7,6,4,,,,,,,,,0.0
7,6,4,,,,,,,,,0.0
7,6,4,,,,,,,,,0.0
7,7,4,,,,,,,,,0.0
7,7,4,,,,,,,,,0.0
7,7,4,,,,,,,,,0.0
7,7,4,,,,,,,,,0.0075
7,8,4,,,,,,,,,0.0975
7,8,4,,,,,,,,,0.2225
7,8,4,,,,,,,,,0.355
7,8,4,,,,,,,,,0.5525
7,9,4,,,,,,,,,0.7925
7,9,4,,,,,,,,,1.1
7,9,4,,,,,,,,,1.46
7,9,4,,,,,,,,,1.935
7,10,4,,,,,,,,,2.4225
7,10,4,,,,,,,,,2.91
7,10,4,,,,,,,,,3.3225
7,10,4,,,,,,,,,3.715
7,11,4,,,,,,,,,4.075
7,11,4,,,,,,,,,4.5075
7,11,4,,,,,,,,,4.8975
7,11,4,,,,,,,,,5.265
7,12,4,,,,,,,,,5.595
7,12,4,,,,,,,,,5.86
7,12,4,,,,,,,,,6.2875
7,12,4,,,,,,,,,6.6225
7,13,4,,,,,,,,,6.9225
7,13,4,,,,,,,,,7.185
7,13,4,,,,,,,,,7.29
7,13,4,,,,,,,,,7.5175
7,14,4,,,,,,,,,7.6125
7,14,4,,,,,,,,,7.71
7,14,4,,,,,,,,,7.6775
7,14,4,,,,,,,,,7.705
7,15,4,,,,,,,,,7.6925
7,15,4,,,,,,,,,7.6275
7,15,4,,,,,,,,,7.5525
7,15,4,,,,,,,,,7.395
7,16,4,,,,,,,,,7.2675
7,16,4,,,,,,,,,7.0625
7,16,4,,,,,,,,,6.855
7,16,4,,,,,,,,,6.615
7,17,4,,,,,,,,,6.29
7,17,4,,,,,,,,,6.0
7,17,4,,,,,,,,,5.65
7,17,4,,,,,,,,,5.275
7,18,4,,,,,,,,,4.8925
7,18,4,,,,,,,,,4.475
7,18,4,,,,,,,,,4.03
7,18,4,,,,,,,,,3.5725
7,19,4,,,,,,,,,3.1225
7,19,4,,,,,,,,,2.65
7,19,4,,,,,,,,,2.185
7,19,4,,,,,,,,,1.72
7,20,4,,,,,,,,,1.285
7,20,4,,,,,,,,,0.9025
7,20,4,,,,,,,,,0.62
7,20,4,,,,,,,,,0.435
7,21,4,,,,,,,,,0.325
7,21,4,,,,,,,,,0.225
7,21,4,,,,,,,,,0.1325
7,21,4,,,,,,,,,0.05
7,22,4,,,,,,,,,0.0025
7,22,4,,,,,,,,,0.0
7,22,4,,,,,,,,,0.0
7,22,4,,,,,,,,,0.0
7,23,4,,,,,,,,,0.0
7,23,4,,,,,,,,,0.0
7,23,4,,,,,,,,,0.0
7,23,4,,,,,,,,,0.0
7,24,4,,,,,,,,,0.0
7,24,4,,,,,,,,,0.0
7,24,4,,,,,,,,,0.0
7,24,4,,,,,,,,,0.0
8,1,5,,,,,,,,,0.0
8,1,5,,,,,,,,,0.0
8,1,5,,,,,,,,,0.0
8,1,5,,,,,,,,,0.0
8,2,5,,,,,,,,,0.0
8,2,5,,,,,,,,,0.0
8,2,5,,,,,,,,,0.0
8,2,5,,,,,,,,,0.0
8,3,5,,,,,,,,,0.0
8,3,5,,,,,,,,,0.0
8,3,5,,,,,,,,,0.0
8,3,5,,,,,,,,,0.0
8,4,5,,,,,,,,,0.0
8,4,5,,,,,,,,,0.0
8,4,5,,,,,,,,,0.0
8,4,5,,,,,,,,,0.0
8,5,5,,,,,,,,,0.0
8,5,5,,,,,,,,,0.0
8,5,5,,,,,,,,,0.0
8,5,5,,,,,,,,,0.0
8,6,5,,,,,,,,,0.0
8,6,5,,,,,,,,,0.0
8,6,5,,,,,,,,,0.0
8,6,5,,,,,,,,,0.0
8,7,5,,,,,,,,,0.0
8,7,5,,,,,,,,,0.0
8,7,5,,,,,,,,,0.0
8,7,5,,,,,,,,,0.0075
8,8,5,,,,,,,,,0.1
8,8,5,,,,,,,,,0.225
8,8,5,,,,,,,,,0.3425
8,8,5,,,,,,,,,0.5075
8,9,5,,,,,,,,,0.745
8,9,5,,,,,,,,,1.0575
8,9,5,,,,,,,,,1.4075
8,9,5,,,,,,,,,1.82
8,10,5,,,,,,,,,2.2525
8,10,5,,,,,,,,,2.6975
8,10,5,,,,,,,,,3.15
8,10,5,,,,,,,,,3.5425
8,11,5,,,,,,,,,3.965
8,11,5,,,,,,,,,4.4525
8,11,5,,,,,,,,,4.85
8,11,5,,,,,,,,,5.17
8,12,5,,,,,,,,,5.495
8,12,5,,,,,,,,,5.8075
8,12,5,,,,,,,,,6.0525
8,12,5,,,,,,,,,6.23
8,13,5,,,,,,,,,6.475
8,13,5,,,,,,,,,6.6575
8,13,5,,,,,,,,,6.8775
8,13,5,,,,,,,,,7.095
8,14,5,,,,,,,,,7.2125
8,14,5,,,,,,,,,7.315
8,14,5,,,,,,,,,7.415
8,14,5,,,,,,,,,7.505
8,15,5,,,,,,,,,7.465
8,15,5,,,,,,,,,7.475
8,15,5,,,,,,,,,7.41
8,15,5,,,,,,,,,7.29
8,16,5,,,,,,,,,7.125
8,16,5,,,,,,,,,6.93
8,16,5,,,,,,,,,6.755
8,16,5,,,,,,,,,6.5275
8,17,5,,,,,,,,,6.2775
8,17,5,,,,,,,,,5.98
8,17,5,,,,,,,,,5.6225
8,17,5,,,,,,,,,5.2525
8,18,5,,,,,,,,,4.83
8,18,5,,,,,,,,,4.3925
8,18,5,,,,,,,,,3.9725
8,18,5,,,,,,,,,3.5225
8,19,5,,,,,,,,,3.035
8,19,5,,,,,,,,,2.57
8,19,5,,,,,,,,,2.1175
8,19,5,,,,,,,,,1.68
8,20,5,,,,,,,,,1.2675
8,20,5,,,,,,,,,0.915
8,20,5,,,,,,,,,0.64
8,20,5,,,,,,,,,0.4625
8,21,5,,,,,,,,,0.345
8,21,5,,,,,,,,,0.25
8,21,5,,,,,,,,,0.1575
8,21,5,,,,,,,,,0.06
8,22,5,,,,,,,,,0.005
8,22,5,,,,,,,,,0.0
8,22,5,,,,,,,,,0.0
8,22,5,,,,,,,,,0.0
8,23,5,,,,,,,,,0.0
8,23,5,,,,,,,,,0.0
8,23,5,,,,,,,,,0.0
8,23,5,,,,,,,,,0.0
8,24,5,,,,,,,,,0.0
8,24,5,,,,,,,,,0.0
8,24,5,,,,,,,,,0.0
8,24,5,,,,,,,,,0.0
8,1,6,,,,,,,,,0.0
8,1,6,,,,,,,,,0.0
8,1,6,,,,,,,,,0.0
8,1,6,,,,,,,,,0.0
8,2,6,,,,,,,,,0.0
8,2,6,,,,,,,,,0.0
8,2,6,,,,,,,,,0.0
8,2,6,,,,,,,,,0.0
8,3,6,,,,,,,,,0.0
8,3,6,,,,,,,,,0.0
8,3,6,,,,,,,,,0.0
8,3,6,,,,,,,,,0.0
8,4,6,,,,,,,,,0.0
8,4,6,,,,,,,,,0.0
8,4,6,,,,,,,,,0.0
8,4,6,,,,,,,,,0.0
8,5,6,,,,,,,,,0.0
8,5,6,,,,,,,,,0.0
8,5,6,,,,,,,,,0.0
8,5,6,,,,,,,,,0.0
8,6,6,,,,,,,,,0.0
8,6,6,,,,,,,,,0.0
8,6,6,,,,,,,,,0.0
8,6,6,,,,,,,,,0.0
8,7,6,,,,,,,,,0.0
8,7,6,,,,,,,,,0.0
8,7,6,,,,,,,,,0.0
8,7,6,,,,,,,,,0.0075
8,8,6,,,,,,,,,0.1
8,8,6,,,,,,,,,0.2275
8,8,6,,,,,,,,,0.355
8,8,6,,,,,,,,,0.53
8,9,6,,,,,,,,,0.795
8,9,6,,,,,,,,,1.145
8,9,6,,,,,,,,,1.4775
8,9,6,,,,,,,,,1.7325
8,10,6,,,,,,,,,2.145
8,10,6,,,,,,,,,2.44
8,10,6,,,,,,,,,3.155
8,10,6,,,,,,,,,2.7
8,11,6,,,,,,,,,2.72
8,11,6,,,,,,,,,2.92
8,11,6,,,,,,,,,3.335
8,11,6,,,,,,,,,3.305
8,12,6,,,,,,,,,3.515
8,12,6,,,,,,,,,4.0425
8,12,6,,,,,,,,,4.0275
8,12,6,,,,,,,,,3.765
8,13,6,,,,,,,,,4.5925
8,13,6,,,,,,,,,4.53
8,13,6,,,,,,,,,4.84
8,13,6,,,,,,,,,5.19
8,14,6,,,,,,,,,5.6
8,14,6,,,,,,,,,5.5175
8,14,6,,,,,,,,,5.4775
8,14,6,,,,,,,,,5.705
8,15,6,,,,,,,,,6.0375
8,15,6,,,,,,,,,6.1925
8,15,6,,,,,,,,,5.72
8,15,6,,,,,,,,,5.275
8,16,6,,,,,,,,,5.5
8,16,6,,,,,,,,,5.3775
8,16,6,,,,,,,,,5.67
8,16,6,,,,,,,,,5.4675
8,17,6,,,,,,,,,5.225
8,17,6,,,,,,,,,4.9175
8,17,6,,,,,,,,,4.7225
8,17,6,,,,,,,,,4.31
8,18,6,,,,,,,,,4.43
8,18,6,,,,,,,,,4.445
8,18,6,,,,,,,,,3.91
8,18,6,,,,,,,,,3.665
8,19,6,,,,,,,,,3.1775
8,19,6,,,,,,,,,2.71
8,19,6,,,,,,,,,2.23
8,19,6,,,,,,,,,1.7575
8,20,6,,,,,,,,,1.3025
8,20,6,,,,,,,,,0.9225
8,20,6,,,,,,,,,0.645
8,20,6,,,,,,,,,0.47
8,21,6,,,,,,,,,0.365
8,21,6,,,,,,,,,0.275
8,21,6,,,,,,,,,0.18
8,21,6,,,,,,,,,0.075
8,22,6,,,,,,,,,0.005
8,22,6,,,,,,,,,0.0
8,22,6,,,,,,,,,0.0
8,22,6,,,,,,,,,0.0
8,23,6,,,,,,,,,0.0
8,23,6,,,,,,,,,0.0
8,23,6,,,,,,,,,0.0
8,23,6,,,,,,,,,0.0
8,24,6,,,,,,,,,0.0
8,24,6,,,,,,,,,0.0
8,24,6,,,,,,,,,0.0
8,24,6,,,,,,,,,0.0
8,1,7,,,,,,,,,0.0
8,1,7,,,,,,,,,0.0
8,1,7,,,,,,,,,0.0
8,1,7,,,,,,,,,0.0
8,2,7,,,,,,,,,0.0
8,2,7,,,,,,,,,0.0
8,2,7,,,,,,,,,0.0
8,2,7,,,,,,,,,0.0
8,3,7,,,,,,,,,0.0
8,3,7,,,,,,,,,0.0
8,3,7,,,,,,,,,0.0
8,3,7,,,,,,,,,0.0
8,4,7,,,,,,,,,0.0
8,4,7,,,,,,,,,0.0
8,4,7,,,,,,,,,0.0
8,4,7,,,,,,,,,0.0
8,5,7,,,,,,,,,0.0
8,5,7,,,,,,,,,0.0
8,5,7,,,,,,,,,0.0
8,5,7,,,,,,,,,0.0
8,6,7,,,,,,,,,0.0
8,6,7,,,,,,,,,0.0
8,6,7,,,,,,,,,0.0
8,6,7,,,,,,,,,0.0
8,7,7,,,,,,,,,0.0
8,7,7,,,,,,,,,0.0
8,7,7,,,,,,,,,0.0
8,7,7,,,,,,,,,0.0025
8,8,7,,,,,,,,,0.0775
8,8,7,,,,,,,,,0.1975
8,8,7,,,,,,,,,0.325
8,8,7,,,,,,,,,0.5025
8,9,7,,,,,,,,,0.735
8,9,7,,,,,,,,,1.0625
8,9,7,,,,,,,,,1.4275
8,9,7,,,,,,,,,1.845
8,10,7,,,,,,,,,2.3425
8,10,7,,,,,,,,,2.845
8,10,7,,,,,,,,,3.3
8,10,7,,,,,,,,,3.74
8,11,7,,,,,,,,,4.18
8,11,7,,,,,,,,,4.5925
8,11,7,,,,,,,,,5.01
8,11,7,,,,,,,,,5.3675
8,12,7,,,,,,,,,5.72
8,12,7,,,,,,,,,6.04
8,12,7,,,,,,,,,6.3
8,12,7,,,,,,,,,6.565
8,13,7,,,,,,,,,6.785
8,13,7,,,,,,,,,6.875
8,13,7,,,,,,,,,7.075
8,13,7,,,,,,,,,7.015
8,14,7,,,,,,,,,7.255
8,14,7,,,,,,,,,7.19
8,14,7,,,,,,,,,7.2725
8,14,7,,,,,,,,,7.285
8,15,7,,,,,,,,,7.2775
8,15,7,,,,,,,,,7.285
8,15,7,,,,,,,,,7.18
8,15,7,,,,,,,,,7.1275
8,16,7,,,,,,,,,6.985
8,16,7,,,,,,,,,6.9025
8,16,7,,,,,,,,,6.73
8,16,7,,,,,,,,,6.5025
8,17,7,,,,,,,,,6.22
8,17,7,,,,,,,,,5.9125
8,17,7,,,,,,,,,5.565
8,17,7,,,,,,,,,5.2225
8,18,7,,,,,,,,,4.7725
8,18,7,,,,,,,,,4.43
8,18,7,,,,,,,,,4.005
8,18,7,,,,,,,,,3.555
8,19,7,,,,,,,,,3.0975
8,19,7,,,,,,,,,2.63
8,19,7,,,,,,,,,2.165
8,19,7,,,,,,,,,1.7025
8,20,7,,,,,,,,,1.2475
8,20,7,,,,,,,,,0.92
8,20,7,,,,,,,,,0.645
8,20,7,,,,,,,,,0.4675
8,21,7,,,,,,,,,0.355
8,21,7,,,,,,,,,0.25
8,21,7,,,,,,,,,0.1375
8,21,7,,,,,,,,,0.0325
8,22,7,,,,,,,,,0.0
8,22,7,,,,,,,,,0.0
8,22,7,,,,,,,,,0.0
8,22,7,,,,,,,,,0.0
8,23,7,,,,,,,,,0.0
8,23,7,,,,,,,,,0.0
8,23,7,,,,,,,,,0.0
8,23,7,,,,,,,,,0.0
8,24,7,,,,,,,,,0.0
8,24,7,,,,,,,,,0.0
8,24,7,,,,,,,,,0.0
8,24,7,,,,,,,,,0.0
8,1,1,,,,,,,,,0.0
8,1,1,,,,,,,,,0.0
8,1,1,,,,,,,,,0.0
8,1,1,,,,,,,,,0.0
8,2,1,,,,,,,,,0.0
8,2,1,,,,,,,,,0.0
8,2,1,,,,,,,,,0.0
8,2,1,,,,,,,,,0.0
8,3,1,,,,,,,,,0.0
8,3,1,,,,,,,,,0.0
8,3,1,,,,,,,,,0.0
8,3,1,,,,,,,,,0.0
8,4,1,,,,,,,,,0.0
8,4,1,,,,,,,,,0.0
8,4,1,,,,,,,,,0.0
8,4,1,,,,,,,,,0.0
8,5,1,,,,,,,,,0.0
8,5,1,,,,,,,,,0.0
8,5,1,,,,,,,,,0.0
8,5,1,,,,,,,,,0.0
8,6,1,,,,,,,,,0.0
8,6,1,,,,,,,,,0.0
8,6,1,,,,,,,,,0.0
8,6,1,,,,,,,,,0.0
8,7,1,,,,,,,,,0.0
8,7,1,,,,,,,,,0.0
8,7,1,,,,,,,,,0.0
8,7,1,,,,,,,,,0.0
8,8,1,,,,,,,,,0.075
8,8,1,,,,,,,,,0.1975
8,8,1,,,,,,,,,0.3275
8,8,1,,,,,,,,,0.5075
8,9,1,,,,,,,,,0.7375
8,9,1,,,,,,,,,1.035
8,9,1,,,,,,,,,1.3725
8,9,1,,,,,,,,,1.755
8,10,1,,,,,,,,,2.25
8,10,1,,,,,,,,,2.72
8,10,1,,,,,,,,,3.18
8,10,1,,,,,,,,,3.64
8,11,1,,,,,,,,,4.1075
8,11,1,,,,,,,,,4.5475
8,11,1,,,,,,,,,4.9075
8,11,1,,,,,,,,,5.295
8,12,1,,,,,,,,,5.6375
8,12,1,,,,,,,,,5.9625
8,12,1,,,,,,,,,6.2
8,12,1,,,,,,,,,6.435
8,13,1,,,,,,,,,6.615
8,13,1,,,,,,,,,6.76
8,13,1,,,,,,,,,6.89
8,13,1,,,,,,,,,7.005
8,14,1,,,,,,,,,7.0725
8,14,1,,,,,,,,,7.1
8,14,1,,,,,,,,,7.1275
8,14,1,,,,,,,,,7.1675
8,15,1,,,,,,,,,7.1
8,15,1,,,,,,,,,6.9825
8,15,1,,,,,,,,,6.9
8,15,1,,,,,,,,,6.8175
8,16,1,,,,,,,,,6.68
8,16,1,,,,,,,,,6.5275
8,16,1,,,,,,,,,6.31
8,16,1,,,,,,,,,6.0675
8,17,1,,,,,,,,,5.9425
8,17,1,,,,,,,,,5.6725
8,17,1,,,,,,,,,5.33
8,17,1,,,,,,,,,4.955
8,18,1,,,,,,,,,4.57
8,18,1,,,,,,,,,4.1825
8,18,1,,,,,,,,,3.7675
8,18,1,,,,,,,,,3.32
8,19,1,,,,,,,,,2.84
8,19,1,,,,,,,,,2.4425
8,19,1,,,,,,,,,2.0175
8,19,1,,,,,,,,,1.6025
8,20,1,,,,,,,,,1.2175
8,20,1,,,,,,,,,0.885
8,20,1,,,,,,,,,0.6125
8,20,1,,,,,,,,,0.45
8,21,1,,,,,,,,,0.34
8,21,1,,,,,,,,,0.2375
8,21,1,,,,,,,,,0.13
8,21,1,,,,,,,,,0.0375
8,22,1,,,,,,,,,0.0
8,22,1,,,,,,,,,0.0
8,22,1,,,,,,,,,0.0
8,22,1,,,,,,,,,0.0
8,23,1,,,,,,,,,0.0
8,23,1,,,,,,,,,0.0
8,23,1,,,,,,,,,0.0
8,23,1,,,,,,,,,0.0
8,24,1,,,,,,,,,0.0
8,24,1,,,,,,,,,0.0
8,24,1,,,,,,,,,0.0
8,24,1,,,,,,,,,0.0
8,1,2,,,,,,,,,0.0
8,1,2,,,,,,,,,0.0
8,1,2,,,,,,,,,0.0
8,1,2,,,,,,,,,0.0
8,2,2,,,,,,,,,0.0
8,2,2,,,,,,,,,0.0
8,2,2,,,,,,,,,0.0
8,2,2,,,,,,,,,0.0
8,3,2,,,,,,,,,0.0
8,3,2,,,,,,,,,0.0
8,3,2,,,,,,,,,0.0
8,3,2,,,,,,,,,0.0
8,4,2,,,,,,,,,0.0
8,4,2,,,,,,,,,0.0
8,4,2,,,,,,,,,0.0
8,4,2,,,,,,,,,0.0
8,5,2,,,,,,,,,0.0
8,5,2,,,,,,,,,0.0
8,5,2,,,,,,,,,0.0
8,5,2,,,,,,,,,0.0
8,6,2,,,,,,,,,0.0
8,6,2,,,,,,,,,0.0
8,6,2,,,,,,,,,0.0
8,6,2,,,,,,,,,0.0
8,7,2,,,,,,,,,0.0
8,7,2,,,,,,,,,0.0
8,7,2,,,,,,,,,0.0
8,7,2,,,,,,,,,0.005
8,8,2,,,,,,,,,0.09
8,8,2,,,,,,,,,0.2025
8,8,2,,,,,,,,,0.295
8,8,2,,,,,,,,,0.375
8,9,2,,,,,,,,,0.7075
8,9,2,,,,,,,,,1.06
8,9,2,,,,,,,,,1.4725
8,9,2,,,,,,,,,1.845
8,10,2,,,,,,,,,2.415
8,10,2,,,,,,,,,2.835
8,10,2,,,,,,,,,3.4125
8,10,2,,,,,,,,,3.6675
8,11,2,,,,,,,,,4.1725
8,11,2,,,,,,,,,4.6425
8,11,2,,,,,,,,,4.5875
8,11,2,,,,,,,,,5.3075
8,12,2,,,,,,,,,5.0525
8,12,2,,,,,,,,,6.0325
8,12,2,,,,,,,,,6.44
8,12,2,,,,,,,,,6.5275
8,13,2,,,,,,,,,6.735
8,13,2,,,,,,,,,7.115
8,13,2,,,,,,,,,7.0725
8,13,2,,,,,,,,,7.1625
8,14,2,,,,,,,,,7.25
8,14,2,,,,,,,,,7.2575
8,14,2,,,,,,,,,7.46
8,14,2,,,,,,,,,7.1075
8,15,2,,,,,,,,,7.3
8,15,2,,,,,,,,,7.2825
8,15,2,,,,,,,,,7.47
8,15,2,,,,,,,,,6.59
8,16,2,,,,,,,,,7.1125
8,16,2,,,,,,,,,7.32
8,16,2,,,,,,,,,7.005
8,16,2,,,,,,,,,6.6425
8,17,2,,,,,,,,,6.57
8,17,2,,,,,,,,,5.875
8,17,2,,,,,,,,,5.7475
8,17,2,,,,,,,,,4.9775
8,18,2,,,,,,,,,4.155
8,18,2,,,,,,,,,3.69
8,18,2,,,,,,,,,3.0275
8,18,2,,,,,,,,,2.3725
8,19,2,,,,,,,,,2.21
8,19,2,,,,,,,,,1.96
8,19,2,,,,,,,,,1.64
8,19,2,,,,,,,,,1.28
8,20,2,,,,,,,,,0.815
8,20,2,,,,,,,,,0.725
8,20,2,,,,,,,,,0.64
8,20,2,,,,,,,,,0.5475
8,21,2,,,,,,,,,0.415
8,21,2,,,,,,,,,0.26
8,21,2,,,,,,,,,0.12
8,21,2,,,,,,,,,0.0425
8,22,2,,,,,,,,,0.0
8,22,2,,,,,,,,,0.0
8,22,2,,,,,,,,,0.0
8,22,2,,,,,,,,,0.0
8,23,2,,,,,,,,,0.0
8,23,2,,,,,,,,,0.0
8,23,2,,,,,,,,,0.0
8,23,2,,,,,,,,,0.0
8,24,2,,,,,,,,,0.0
8,24,2,,,,,,,,,0.0
8,24,2,,,,,,,,,0.0
8,24,2,,,,,,,,,0.0
8,1,3,,,,,,,,,0.0
8,1,3,,,,,,,,,0.0
8,1,3,,,,,,,,,0.0
8,1,3,,,,,,,,,0.0
8,2,3,,,,,,,,,0.0
8,2,3,,,,,,,,,0.0
8,2,3,,,,,,,,,0.0
8,2,3,,,,,,,,,0.0
8,3,3,,,,,,,,,0.0
8,3,3,,,,,,,,,0.0
8,3,3,,,,,,,,,0.0
8,3,3,,,,,,,,,0.0
8,4,3,,,,,,,,,0.0
8,4,3,,,,,,,,,0.0
8,4,3,,,,,,,,,0.0
8,4,3,,,,,,,,,0.0
8,5,3,,,,,,,,,0.0
8,5,3,,,,,,,,,0.0
8,5,3,,,,,,,,,0.0
8,5,3,,,,,,,,,0.0
8,6,3,,,,,,,,,0.0
8,6,3,,,,,,,,,0.0
8,6,3,,,,,,,,,0.0
8,6,3,,,,,,,,,0.0
8,7,3,,,,,,,,,0.0
8,7,3,,,,,,,,,0.0
8,7,3,,,,,,,,,0.0
8,7,3,,,,,,,,,0.0
8,8,3,,,,,,,,,0.055
8,8,3,,,,,,,,,0.195
8,8,3,,,,,,,,,0.33
8,8,3,,,,,,,,,0.4925
8,9,3,,,,,,,,,0.745
8,9,3,,,,,,,,,1.05
8,9,3,,,,,,,,,1.4
8,9,3,,,,,,,,,1.79
8,10,3,,,,,,,,,2.275
8,10,3,,,,,,,,,2.805
8,10,3,,,,,,,,,3.2725
8,10,3,,,,,,,,,3.415
8,11,3,,,,,,,,,3.85
8,11,3,,,,,,,,,4.71
8,11,3,,,,,,,,,5.25
8,11,3,,,,,,,,,5.32
8,12,3,,,,,,,,,5.715
8,12,3,,,,,,,,,6.0125
8,12,3,,,,,,,,,6.4525
8,12,3,,,,,,,,,7.0825
8,13,3,,,,,,,,,7.1775
8,13,3,,,,,,,,,7.0975
8,13,3,,,,,,,,,7.4575
8,13,3,,,,,,,,,7.46
8,14,3,,,,,,,,,5.0075
8,14,3,,,,,,,,,3.9925
8,14,3,,,,,,,,,5.81
8,14,3,,,,,,,,,7.3625
8,15,3,,,,,,,,,7.605
8,15,3,,,,,,,,,7.5475
8,15,3,,,,,,,,,7.4575
8,15,3,,,,,,,,,7.33
8,16,3,,,,,,,,,7.185
8,16,3,,,,,,,,,7.025
8,16,3,,,,,,,,,6.8
8,16,3,,,,,,,,,6.575
8,17,3,,,,,,,,,6.305
8,17,3,,,,,,,,,5.975
8,17,3,,,,,,,,,5.65
8,17,3,,,,,,,,,5.2775
8,18,3,,,,,,,,,4.885
8,18,3,,,,,,,,,4.4725
8,18,3,,,,,,,,,4.03
8,18,3,,,,,,,,,3.5875
8,19,3,,,,,,,,,3.125
8,19,3,,,,,,,,,2.65
8,19,3,,,,,,,,,2.1675
8,19,3,,,,,,,,,1.7025
8,20,3,,,,,,,,,1.255
8,20,3,,,,,,,,,0.8725
8,20,3,,,,,,,,,0.615
8,20,3,,,,,,,,,0.4725
8,21,3,,,,,,,,,0.3825
8,21,3,,,,,,,,,0.325
8,21,3,,,,,,,,,0.15
8,21,3,,,,,,,,,0.04
8,22,3,,,,,,,,,0.0
8,22,3,,,,,,,,,0.0
8,22,3,,,,,,,,,0.0
8,22,3,,,,,,,,,0.0
8,23,3,,,,,,,,,0.0
8,23,3,,,,,,,,,0.0
8,23,3,,,,,,,,,0.0
8,23,3,,,,,,,,,0.0
8,24,3,,,,,,,,,0.0
8,24,3,,,,,,,,,0.0
8,24,3,,,,,,,,,0.0
8,24,3,,,,,,,,,0.0
8,1,4,,,,,,,,,0.0
8,1,4,,,,,,,,,0.0
8,1,4,,,,,,,,,0.0
8,1,4,,,,,,,,,0.0
8,2,4,,,,,,,,,0.0
8,2,4,,,,,,,,,0.0
8,2,4,,,,,,,,,0.0
8,2,4,,,,,,,,,0.0
8,3,4,,,,,,,,,0.0
8,3,4,,,,,,,,,0.0
8,3,4,,,,,,,,,0.0
8,3,4,,,,,,,,,0.0
8,4,4,,,,,,,,,0.0
8,4,4,,,,,,,,,0.0
8,4,4,,,,,,,,,0.0
8,4,4,,,,,,,,,0.0
8,5,4,,,,,,,,,0.0
8,5,4,,,,,,,,,0.0
8,5,4,,,,,,,,,0.0
8,5,4,,,,,,,,,0.0
8,6,4,,,,,,,,,0.0
8,6,4,,,,,,,,,0.0
8,6,4,,,,,,,,,0.0
8,6,4,,,,,,,,,0.0
8,7,4,,,,,,,,,0.0
8,7,4,,,,,,,,,0.0
8,7,4,,,,,,,,,0.0
8,7,4,,,,,,,,,0.0
8,8,4,,,,,,,,,0.0
8,8,4,,,,,,,,,0.03
8,8,4,,,,,,,,,0.095
8,8,4,,,,,,,,,0.175
8,9,4,,,,,,,,,0.27
8,9,4,,,,,,,,,0.3575
8,9,4,,,,,,,,,0.51
8,9,4,,,,,,,,,0.5675
8,10,4,,,,,,,,,0.6025
8,10,4,,,,,,,,,0.6975
8,10,4,,,,,,,,,0.8
8,10,4,,,,,,,,,0.905
8,11,4,,,,,,,,,1.015
8,11,4,,,,,,,,,1.135
8,11,4,,,,,,,,,1.13
8,11,4,,,,,,,,,1.465
8,12,4,,,,,,,,,1.6225
8,12,4,,,,,,,,,1.63
8,12,4,,,,,,,,,1.965
8,12,4,,,,,,,,,2.565
8,13,4,,,,,,,,,3.2725
8,13,4,,,,,,,,,4.125
8,13,4,,,,,,,,,4.225
8,13,4,,,,,,,,,4.16
8,14,4,,,,,,,,,5.08
8,14,4,,,,,,,,,4.63
8,14,4,,,,,,,,,5.2325
8,14,4,,,,,,,,,5.825
8,15,4,,,,,,,,,6.2375
8,15,4,,,,,,,,,5.8275
8,15,4,,,,,,,,,5.8175
8,15,4,,,,,,,,,5.13
8,16,4,,,,,,,,,4.1825
8,16,4,,,,,,,,,3.015
8,16,4,,,,,,,,,2.76
8,16,4,,,,,,,,,2.355
8,17,4,,,,,,,,,1.9325
8,17,4,,,,,,,,,2.015
8,17,4,,,,,,,,,1.7825
8,17,4,,,,,,,,,1.5475
8,18,4,,,,,,,,,1.4675
8,18,4,,,,,,,,,1.275
8,18,4,,,,,,,,,1.2225
8,18,4,,,,,,,,,1.325
8,19,4,,,,,,,,,1.3725
8,19,4,,,,,,,,,1.33
8,19,4,,,,,,,,,1.175
8,19,4,,,,,,,,,0.94
8,20,4,,,,,,,,,0.84
8,20,4,,,,,,,,,0.6375
8,20,4,,,,,,,,,0.5575
8,20,4,,,,,,,,,0.4375
8,21,4,,,,,,,,,0.32
8,21,4,,,,,,,,,0.19
8,21,4,,,,,,,,,0.105
8,21,4,,,,,,,,,0.025
8,22,4,,,,,,,,,0.0
8,22,4,,,,,,,,,0.0
8,22,4,,,,,,,,,0.0
8,22,4,,,,,,,,,0.0
8,23,4,,,,,,,,,0.0
8,23,4,,,,,,,,,0.0
8,23,4,,,,,,,,,0.0
8,23,4,,,,,,,,,0.0
8,24,4,,,,,,,,,0.0
8,24,4,,,,,,,,,0.0
8,24,4,,,,,,,,,0.0
8,24,4,,,,,,,,,0.0
8,1,5,,,,,,,,,0.0
8,1,5,,,,,,,,,0.0
8,1,5,,,,,,,,,0.0
8,1,5,,,,,,,,,0.0
8,2,5,,,,,,,,,0.0
8,2,5,,,,,,,,,0.0
8,2,5,,,,,,,,,0.0
8,2,5,,,,,,,,,0.0
8,3,5,,,,,,,,,0.0
8,3,5,,,,,,,,,0.0
8,3,5,,,,,,,,,0.0
8,3,5,,,,,,,,,0.0
8,4,5,,,,,,,,,0.0
8,4,5,,,,,,,,,0.0
8,4,5,,,,,,,,,0.0
8,4,5,,,,,,,,,0.0
8,5,5,,,,,,,,,0.0
8,5,5,,,,,,,,,0.0
8,5,5,,,,,,,,,0.0
8,5,5,,,,,,,,,0.0
8,6,5,,,,,,,,,0.0
8,6,5,,,,,,,,,0.0
8,6,5,,,,,,,,,0.0
8,6,5,,,,,,,,,0.0
8,7,5,,,,,,,,,0.0
8,7,5,,,,,,,,,0.0
8,7,5,,,,,,,,,0.0
8,7,5,,,,,,,,,0.0
8,8,5,,,,,,,,,0.0
8,8,5,,,,,,,,,0.0225
8,8,5,,,,,,,,,0.0875
8,8,5,,,,,,,,,0.1375
8,9,5,,,,,,,,,0.2425
8,9,5,,,,,,,,,0.37
8,9,5,,,,,,,,,0.5225
8,9,5,,,,,,,,,0.585
8,10,5,,,,,,,,,0.7675
8,10,5,,,,,,,,,0.935
8,10,5,,,,,,,,,1.2675
8,10,5,,,,,,,,,1.43
8,11,5,,,,,,,,,1.265
8,11,5,,,,,,,,,1.545
8,11,5,,,,,,,,,1.775
8,11,5,,,,,,,,,2.03
8,12,5,,,,,,,,,2.1875
8,12,5,,,,,,,,,2.3025
8,12,5,,,,,,,,,3.015
8,12,5,,,,,,,,,3.61
8,13,5,,,,,,,,,4.3525
8,13,5,,,,,,,,,4.665
8,13,5,,,,,,,,,4.74
8,13,5,,,,,,,,,5.4425
8,14,5,,,,,,,,,4.3
8,14,5,,,,,,,,,3.815
8,14,5,,,,,,,,,3.3325
8,14,5,,,,,,,,,3.515
8,15,5,,,,,,,,,3.3325
8,15,5,,,,,,,,,3.0025
8,15,5,,,,,,,,,2.735
8,15,5,,,,,,,,,2.72
8,16,5,,,,,,,,,3.5375
8,16,5,,,,,,,,,2.99
8,16,5,,,,,,,,,2.9475
8,16,5,,,,,,,,,2.945
8,17,5,,,,,,,,,2.7675
8,17,5,,,,,,,,,2.475
8,17,5,,,,,,,,,2.0425
8,17,5,,,,,,,,,1.8875
8,18,5,,,,,,,,,1.7025
8,18,5,,,,,,,,,1.39
8,18,5,,,,,,,,,1.15
8,18,5,,,,,,,,,1.0875
8,19,5,,,,,,,,,1.0175
8,19,5,,,,,,,,,1.1075
8,19,5,,,,,,,,,1.195
8,19,5,,,,,,,,,1.465
8,20,5,,,,,,,,,1.2
8,20,5,,,,,,,,,0.795
8,20,5,,,,,,,,,0.59
8,20,5,,,,,,,,,0.4
8,21,5,,,,,,,,,0.2925
8,21,5,,,,,,,,,0.18
8,21,5,,,,,,,,,0.055
8,21,5,,,,,,,,,0.005
8,22,5,,,,,,,,,0.0
8,22,5,,,,,,,,,0.0
8,22,5,,,,,,,,,0.0
8,22,5,,,,,,,,,0.0
8,23,5,,,,,,,,,0.0
8,23,5,,,,,,,,,0.0
8,23,5,,,,,,,,,0.0
8,23,5,,,,,,,,,0.0
8,24,5,,,,,,,,,0.0
8,24,5,,,,,,,,,0.0
8,24,5,,,,,,,,,0.0
8,24,5,,,,,,,,,0.0
8,1,6,,,,,,,,,0.0
8,1,6,,,,,,,,,0.0
8,1,6,,,,,,,,,0.0
8,1,6,,,,,,,,,0.0
8,2,6,,,,,,,,,0.0
8,2,6,,,,,,,,,0.0
8,2,6,,,,,,,,,0.0
8,2,6,,,,,,,,,0.0
8,3,6,,,,,,,,,0.0
8,3,6,,,,,,,,,0.0
8,3,6,,,,,,,,,0.0
8,3,6,,,,,,,,,0.0
8,4,6,,,,,,,,,0.0
8,4,6,,,,,,,,,0.0
8,4,6,,,,,,,,,0.0
8,4,6,,,,,,,,,0.0
8,5,6,,,,,,,,,0.0
8,5,6,,,,,,,,,0.0
8,5,6,,,,,,,,,0.0
8,5,6,,,,,,,,,0.0
8,6,6,,,,,,,,,0.0
8,6,6,,,,,,,,,0.0
8,6,6,,,,,,,,,0.0
8,6,6,,,,,,,,,0.0
8,7,6,,,,,,,,,0.0
8,7,6,,,,,,,,,0.0
8,7,6,,,,,,,,,0.0
8,7,6,,,,,,,,,0.0
8,8,6,,,,,,,,,0.0
8,8,6,,,,,,,,,0.0375
8,8,6,,,,,,,,,0.1125
8,8,6,,,,,,,,,0.165
8,9,6,,,,,,,,,0.2325
8,9,6,,,,,,,,,0.37
8,9,6,,,,,,,,,0.4825
8,9,6,,,,,,,,,0.6925
8,10,6,,,,,,,,,0.7225
8,10,6,,,,,,,,,1.04
8,10,6,,,,,,,,,1.23
8,10,6,,,,,,,,,1.415
8,11,6,,,,,,,,,1.5925
8,11,6,,,,,,,,,1.5075
8,11,6,,,,,,,,,1.855
8,11,6,,,,,,,,,1.7975
8,12,6,,,,,,,,,2.1025
8,12,6,,,,,,,,,2.34
8,12,6,,,,,,,,,2.9225
8,12,6,,,,,,,,,2.8475
8,13,6,,,,,,,,,3.0975
8,13,6,,,,,,,,,3.83
8,13,6,,,,,,,,,3.7475
8,13,6,,,,,,,,,3.34
8,14,6,,,,,,,,,3.965
8,14,6,,,,,,,,,4.155
8,14,6,,,,,,,,,4.01
8,14,6,,,,,,,,,4.525
8,15,6,,,,,,,,,4.5575
8,15,6,,,,,,,,,5.0175
8,15,6,,,,,,,,,4.5775
8,15,6,,,,,,,,,4.9575
8,16,6,,,,,,,,,4.38
8,16,6,,,,,,,,,5.12
8,16,6,,,,,,,,,4.7075
8,16,6,,,,,,,,,4.46
8,17,6,,,,,,,,,3.92
8,17,6,,,,,,,,,3.505
8,17,6,,,,,,,,,3.5025
8,17,6,,,,,,,,,3.705
8,18,6,,,,,,,,,3.3475
8,18,6,,,,,,,,,2.7725
8,18,6,,,,,,,,,2.68
8,18,6,,,,,,,,,2.3375
8,19,6,,,,,,,,,2.1825
8,19,6,,,,,,,,,2.29
8,19,6,,,,,,,,,1.9825
8,19,6,,,,,,,,,1.6
8,20,6,,,,,,,,,1.21
8,20,6,,,,,,,,,0.8675
8,20,6,,,,,,,,,0.62
8,20,6,,,,,,,,,0.455
8,21,6,,,,,,,,,0.3275
8,21,6,,,,,,,,,0.22
8,21,6,,,,,,,,,0.1075
8,21,6,,,,,,,,,0.02
8,22,6,,,,,,,,,0.0
8,22,6,,,,,,,,,0.0
8,22,6,,,,,,,,,0.0
8,22,6,,,,,,,,,0.0
8,23,6,,,,,,,,,0.0
8,23,6,,,,,,,,,0.0
8,23,6,,,,,,,,,0.0
8,23,6,,,,,,,,,0.0
8,24,6,,,,,,,,,0.0
8,24,6,,,,,,,,,0.0
8,24,6,,,,,,,,,0.0
8,24,6,,,,,,,,,0.0
8,1,7,,,,,,,,,0.0
8,1,7,,,,,,,,,0.0
8,1,7,,,,,,,,,0.0
8,1,7,,,,,,,,,0.0
8,2,7,,,,,,,,,0.0
8,2,7,,,,,,,,,0.0
8,2,7,,,,,,,,,0.0
8,2,7,,,,,,,,,0.0
8,3,7,,,,,,,,,0.0
8,3,7,,,,,,,,,0.0
8,3,7,,,,,,,,,0.0
8,3,7,,,,,,,,,0.0
8,4,7,,,,,,,,,0.0
8,4,7,,,,,,,,,0.0
8,4,7,,,,,,,,,0.0
8,4,7,,,,,,,,,0.0
8,5,7,,,,,,,,,0.0
8,5,7,,,,,,,,,0.0
8,5,7,,,,,,,,,0.0
8,5,7,,,,,,,,,0.0
8,6,7,,,,,,,,,0.0
8,6,7,,,,,,,,,0.0
8,6,7,,,,,,,,,0.0
8,6,7,,,,,,,,,0.0
8,7,7,,,,,,,,,0.0
8,7,7,,,,,,,,,0.0
8,7,7,,,,,,,,,0.0
8,7,7,,,,,,,,,0.0
8,8,7,,,,,,,,,0.0375
8,8,7,,,,,,,,,0.165
8,8,7,,,,,,,,,0.3025
8,8,7,,,,,,,,,0.49
8,9,7,,,,,,,,,0.5425
8,9,7,,,,,,,,,0.6525
8,9,7,,,,,,,,,1.1425
8,9,7,,,,,,,,,1.7025
8,10,7,,,,,,,,,2.2125
8,10,7,,,,,,,,,2.7575
8,10,7,,,,,,,,,3.2475
8,10,7,,,,,,,,,3.665
8,11,7,,,,,,,,,3.2
8,11,7,,,,,,,,,2.785
8,11,7,,,,,,,,,3.385
8,11,7,,,,,,,,,4.7925
8,12,7,,,,,,,,,5.37
8,12,7,,,,,,,,,5.995
8,12,7,,,,,,,,,6.2675
8,12,7,,,,,,,,,6.72
8,13,7,,,,,,,,,6.95
8,13,7,,,,,,,,,7.12
8,13,7,,,,,,,,,7.36
8,13,7,,,,,,,,,7.525
8,14,7,,,,,,,,,6.0975
8,14,7,,,,,,,,,5.8525
8,14,7,,,,,,,,,5.93
8,14,7,,,,,,,,,5.54
8,15,7,,,,,,,,,5.7775
8,15,7,,,,,,,,,5.8525
8,15,7,,,,,,,,,7.04
8,15,7,,,,,,,,,7.46
8,16,7,,,,,,,,,7.06
8,16,7,,,,,,,,,6.6575
8,16,7,,,,,,,,,6.1875
8,16,7,,,,,,,,,5.735
8,17,7,,,,,,,,,5.1225
8,17,7,,,,,,,,,4.4775
8,17,7,,,,,,,,,4.605
8,17,7,,,,,,,,,5.19
8,18,7,,,,,,,,,4.7625
8,18,7,,,,,,,,,4.335
8,18,7,,,,,,,,,3.89
8,18,7,,,,,,,,,3.4175
8,19,7,,,,,,,,,2.9625
8,19,7,,,,,,,,,2.49
8,19,7,,,,,,,,,2.035
8,19,7,,,,,,,,,1.6
8,20,7,,,,,,,,,1.205
8,20,7,,,,,,,,,0.855
8,20,7,,,,,,,,,0.6
8,20,7,,,,,,,,,0.435
8,21,7,,,,,,,,,0.32
8,21,7,,,,,,,,,0.2025
8,21,7,,,,,,,,,0.1
8,21,7,,,,,,,,,0.0125
8,22,7,,,,,,,,,0.0
8,22,7,,,,,,,,,0.0
8,22,7,,,,,,,,,0.0
8,22,7,,,,,,,,,0.0
8,23,7,,,,,,,,,0.0
8,23,7,,,,,,,,,0.0
8,23,7,,,,,,,,,0.0
8,23,7,,,,,,,,,0.0
8,24,7,,,,,,,,,0.0
8,24,7,,,,,,,,,0.0
8,24,7,,,,,,,,,0.0
8,24,7,,,,,,,,,0.0
8,1,1,,,,,,,,,0.0
8,1,1,,,,,,,,,0.0
8,1,1,,,,,,,,,0.0
8,1,1,,,,,,,,,0.0
8,2,1,,,,,,,,,0.0
8,2,1,,,,,,,,,0.0
8,2,1,,,,,,,,,0.0
8,2,1,,,,,,,,,0.0
8,3,1,,,,,,,,,0.0
8,3,1,,,,,,,,,0.0
8,3,1,,,,,,,,,0.0
8,3,1,,,,,,,,,0.0
8,4,1,,,,,,,,,0.0
8,4,1,,,,,,,,,0.0
8,4,1,,,,,,,,,0.0
8,4,1,,,,,,,,,0.0
8,5,1,,,,,,,,,0.0
8,5,1,,,,,,,,,0.0
8,5,1,,,,,,,,,0.0
8,5,1,,,,,,,,,0.0
8,6,1,,,,,,,,,0.0
8,6,1,,,,,,,,,0.0
8,6,1,,,,,,,,,0.0
8,6,1,,,,,,,,,0.0
8,7,1,,,,,,,,,0.0
8,7,1,,,,,,,,,0.0
8,7,1,,,,,,,,,0.0
8,7,1,,,,,,,,,0.0
8,8,1,,,,,,,,,0.0
8,8,1,,,,,,,,,0.055
8,8,1,,,,,,,,,0.225
8,8,1,,,,,,,,,0.3425
8,9,1,,,,,,,,,0.285
8,9,1,,,,,,,,,0.225
8,9,1,,,,,,,,,0.33
8,9,1,,,,,,,,,0.605
8,10,1,,,,,,,,,0.695
8,10,1,,,,,,,,,0.725
8,10,1,,,,,,,,,0.91
8,10,1,,,,,,,,,1.2
8,11,1,,,,,,,,,1.5025
8,11,1,,,,,,,,,1.955
8,11,1,,,,,,,,,2.3275
8,11,1,,,,,,,,,2.6025
8,12,1,,,,,,,,,2.565
8,12,1,,,,,,,,,3.51
8,12,1,,,,,,,,,6.3525
8,12,1,,,,,,,,,6.7875
8,13,1,,,,,,,,,6.9525
8,13,1,,,,,,,,,7.035
8,13,1,,,,,,,,,7.33
8,13,1,,,,,,,,,7.35
8,14,1,,,,,,,,,7.1725
8,14,1,,,,,,,,,7.315
8,14,1,,,,,,,,,7.65
8,14,1,,,,,,,,,7.6575
8,15,1,,,,,,,,,6.285
8,15,1,,,,,,,,,7.605
8,15,1,,,,,,,,,6.84
8,15,1,,,,,,,,,7.4675
8,16,1,,,,,,,,,6.8
8,16,1,,,,,,,,,7.01
8,16,1,,,,,,,,,6.755
8,16,1,,,,,,,,,6.495
8,17,1,,,,,,,,,6.195
8,17,1,,,,,,,,,4.52
8,17,1,,,,,,,,,5.68
8,17,1,,,,,,,,,5.1325
8,18,1,,,,,,,,,4.755
8,18,1,,,,,,,,,4.3525
8,18,1,,,,,,,,,3.8525
8,18,1,,,,,,,,,3.23
8,19,1,,,,,,,,,2.9225
8,19,1,,,,,,,,,2.475
8,19,1,,,,,,,,,2.0175
8,19,1,,,,,,,,,1.595
8,20,1,,,,,,,,,1.22
8,20,1,,,,,,,,,0.8925
8,20,1,,,,,,,,,0.6475
8,20,1,,,,,,,,,0.4725
8,21,1,,,,,,,,,0.32
8,21,1,,,,,,,,,0.18
8,21,1,,,,,,,,,0.0775
8,21,1,,,,,,,,,0.005
8,22,1,,,,,,,,,0.0
8,22,1,,,,,,,,,0.0
8,22,1,,,,,,,,,0.0
8,22,1,,,,,,,,,0.0
8,23,1,,,,,,,,,0.0
8,23,1,,,,,,,,,0.0
8,23,1,,,,,,,,,0.0
8,23,1,,,,,,,,,0.0
8,24,1,,,,,,,,,0.0
8,24,1,,,,,,,,,0.0
8,24,1,,,,,,,,,0.0
8,24,1,,,,,,,,,0.0
8,1,2,,,,,,,,,0.0
8,1,2,,,,,,,,,0.0
8,1,2,,,,,,,,,0.0
8,1,2,,,,,,,,,0.0
8,2,2,,,,,,,,,0.0
8,2,2,,,,,,,,,0.0
8,2,2,,,,,,,,,0.0
8,2,2,,,,,,,,,0.0
8,3,2,,,,,,,,,0.0
8,3,2,,,,,,,,,0.0
8,3,2,,,,,,,,,0.0
8,3,2,,,,,,,,,0.0
8,4,2,,,,,,,,,0.0
8,4,2,,,,,,,,,0.0
8,4,2,,,,,,,,,0.0
8,4,2,,,,,,,,,0.0
8,5,2,,,,,,,,,0.0
8,5,2,,,,,,,,,0.0
8,5,2,,,,,,,,,0.0
8,5,2,,,,,,,,,0.0
8,6,2,,,,,,,,,0.0
8,6,2,,,,,,,,,0.0
8,6,2,,,,,,,,,0.0
8,6,2,,,,,,,,,0.0
8,7,2,,,,,,,,,0.0
8,7,2,,,,,,,,,0.0
8,7,2,,,,,,,,,0.0
8,7,2,,,,,,,,,0.0
8,8,2,,,,,,,,,0.0
8,8,2,,,,,,,,,0.07
8,8,2,,,,,,,,,0.2175
8,8,2,,,,,,,,,0.4075
8,9,2,,,,,,,,,0.4375
8,9,2,,,,,,,,,0.6175
8,9,2,,,,,,,,,0.735
8,9,2,,,,,,,,,0.8975
8,10,2,,,,,,,,,1.23
8,10,2,,,,,,,,,1.1025
8,10,2,,,,,,,,,1.715
8,10,2,,,,,,,,,1.6925
8,11,2,,,,,,,,,1.4525
8,11,2,,,,,,,,,2.055
8,11,2,,,,,,,,,2.1175
8,11,2,,,,,,,,,1.8275
8,12,2,,,,,,,,,4.6925
8,12,2,,,,,,,,,5.3925
8,12,2,,,,,,,,,2.045
8,12,2,,,,,,,,,1.94
8,13,2,,,,,,,,,1.9875
8,13,2,,,,,,,,,3.7
8,13,2,,,,,,,,,3.295
8,13,2,,,,,,,,,2.495
8,14,2,,,,,,,,,1.8
8,14,2,,,,,,,,,2.575
8,14,2,,,,,,,,,1.7775
8,14,2,,,,,,,,,1.52
8,15,2,,,,,,,,,1.2925
8,15,2,,,,,,,,,1.77
8,15,2,,,,,,,,,1.375
8,15,2,,,,,,,,,1.405
8,16,2,,,,,,,,,2.395
8,16,2,,,,,,,,,2.345
8,16,2,,,,,,,,,2.88
8,16,2,,,,,,,,,2.01
8,17,2,,,,,,,,,2.2
8,17,2,,,,,,,,,4.3425
8,17,2,,,,,,,,,2.775
8,17,2,,,,,,,,,1.2075
8,18,2,,,,,,,,,1.135
8,18,2,,,,,,,,,1.1775
8,18,2,,,,,,,,,0.7225
8,18,2,,,,,,,,,1.465
8,19,2,,,,,,,,,1.33
8,19,2,,,,,,,,,1.39
8,19,2,,,,,,,,,1.115
8,19,2,,,,,,,,,0.9325
8,20,2,,,,,,,,,0.7125
8,20,2,,,,,,,,,0.8
8,20,2,,,,,,,,,0.51
8,20,2,,,,,,,,,0.325
8,21,2,,,,,,,,,0.2475
8,21,2,,,,,,,,,0.205
8,21,2,,,,,,,,,0.0625
8,21,2,,,,,,,,,0.0
8,22,2,,,,,,,,,0.0
8,22,2,,,,,,,,,0.0
8,22,2,,,,,,,,,0.0
8,22,2,,,,,,,,,0.0
8,23,2,,,,,,,,,0.0
8,23,2,,,,,,,,,0.0
8,23,2,,,,,,,,,0.0
8,23,2,,,,,,,,,0.0
8,24,2,,,,,,,,,0.0
8,24,2,,,,,,,,,0.0
8,24,2,,,,,,,,,0.0
8,24,2,,,,,,,,,0.0
8,1,3,,,,,,,,,0.0
8,1,3,,,,,,,,,0.0
8,1,3,,,,,,,,,0.0
8,1,3,,,,,,,,,0.0
8,2,3,,,,,,,,,0.0
8,2,3,,,,,,,,,0.0
8,2,3,,,,,,,,,0.0
8,2,3,,,,,,,,,0.0
8,3,3,,,,,,,,,0.0
8,3,3,,,,,,,,,0.0
8,3,3,,,,,,,,,0.0
8,3,3,,,,,,,,,0.0
8,4,3,,,,,,,,,0.0
8,4,3,,,,,,,,,0.0
8,4,3,,,,,,,,,0.0
8,4,3,,,,,,,,,0.0
8,5,3,,,,,,,,,0.0
8,5,3,,,,,,,,,0.0
8,5,3,,,,,,,,,0.0
8,5,3,,,,,,,,,0.0
8,6,3,,,,,,,,,0.0
8,6,3,,,,,,,,,0.0
8,6,3,,,,,,,,,0.0
8,6,3,,,,,,,,,0.0
8,7,3,,,,,,,,,0.0
8,7,3,,,,,,,,,0.0
8,7,3,,,,,,,,,0.0
8,7,3,,,,,,,,,0.0
8,8,3,,,,,,,,,0.0025
8,8,3,,,,,,,,,0.0625
8,8,3,,,,,,,,,0.15
8,8,3,,,,,,,,,0.3525
8,9,3,,,,,,,,,0.4775
8,9,3,,,,,,,,,0.5175
8,9,3,,,,,,,,,0.8325
8,9,3,,,,,,,,,0.985
8,10,3,,,,,,,,,1.1425
8,10,3,,,,,,,,,1.2725
8,10,3,,,,,,,,,1.5875
8,10,3,,,,,,,,,2.8975
8,11,3,,,,,,,,,3.5675
8,11,3,,,,,,,,,4.42
8,11,3,,,,,,,,,4.95
8,11,3,,,,,,,,,5.3975
8,12,3,,,,,,,,,5.7725
8,12,3,,,,,,,,,6.1
8,12,3,,,,,,,,,6.4125
8,12,3,,,,,,,,,6.6825
8,13,3,,,,,,,,,6.945
8,13,3,,,,,,,,,7.1375
8,13,3,,,,,,,,,7.3
8,13,3,,,,,,,,,7.455
8,14,3,,,,,,,,,7.57
8,14,3,,,,,,,,,7.67
8,14,3,,,,,,,,,7.725
8,14,3,,,,,,,,,7.6475
8,15,3,,,,,,,,,7.665
8,15,3,,,,,,,,,7.15
8,15,3,,,,,,,,,7.3625
8,15,3,,,,,,,,,7.375
8,16,3,,,,,,,,,7.195
8,16,3,,,,,,,,,7.02
8,16,3,,,,,,,,,6.375
8,16,3,,,,,,,,,6.3525
8,17,3,,,,,,,,,6.1125
8,17,3,,,,,,,,,6.005
8,17,3,,,,,,,,,5.4875
8,17,3,,,,,,,,,4.36
8,18,3,,,,,,,,,4.2225
8,18,3,,,,,,,,,3.62
8,18,3,,,,,,,,,3.3075
8,18,3,,,,,,,,,3.355
8,19,3,,,,,,,,,2.5325
8,19,3,,,,,,,,,2.565
8,19,3,,,,,,,,,1.74
8,19,3,,,,,,,,,1.225
8,20,3,,,,,,,,,1.28
8,20,3,,,,,,,,,0.84
8,20,3,,,,,,,,,0.5825
8,20,3,,,,,,,,,0.4375
8,21,3,,,,,,,,,0.29
8,21,3,,,,,,,,,0.165
8,21,3,,,,,,,,,0.055
8,21,3,,,,,,,,,0.0025
8,22,3,,,,,,,,,0.0
8,22,3,,,,,,,,,0.0
8,22,3,,,,,,,,,0.0
8,22,3,,,,,,,,,0.0
8,23,3,,,,,,,,,0.0
8,23,3,,,,,,,,,0.0
8,23,3,,,,,,,,,0.0
8,23,3,,,,,,,,,0.0
8,24,3,,,,,,,,,0.0
8,24,3,,,,,,,,,0.0
8,24,3,,,,,,,,,0.0
8,24,3,,,,,,,,,0.0
8,1,4,,,,,,,,,0.0
8,1,4,,,,,,,,,0.0
8,1,4,,,,,,,,,0.0
8,1,4,,,,,,,,,0.0
8,2,4,,,,,,,,,0.0
8,2,4,,,,,,,,,0.0
8,2,4,,,,,,,,,0.0
8,2,4,,,,,,,,,0.0
8,3,4,,,,,,,,,0.0
8,3,4,,,,,,,,,0.0
8,3,4,,,,,,,,,0.0
8,3,4,,,,,,,,,0.0
8,4,4,,,,,,,,,0.0
8,4,4,,,,,,,,,0.0
8,4,4,,,,,,,,,0.0
8,4,4,,,,,,,,,0.0
8,5,4,,,,,,,,,0.0
8,5,4,,,,,,,,,0.0
8,5,4,,,,,,,,,0.0
8,5,4,,,,,,,,,0.0
8,6,4,,,,,,,,,0.0
8,6,4,,,,,,,,,0.0
8,6,4,,,,,,,,,0.0
8,6,4,,,,,,,,,0.0
8,7,4,,,,,,,,,0.0
8,7,4,,,,,,,,,0.0
8,7,4,,,,,,,,,0.0
8,7,4,,,,,,,,,0.0
8,8,4,,,,,,,,,0.015
8,8,4,,,,,,,,,0.1275
8,8,4,,,,,,,,,0.26
8,8,4,,,,,,,,,0.425
8,9,4,,,,,,,,,0.675
8,9,4,,,,,,,,,0.98
8,9,4,,,,,,,,,1.365
8,9,4,,,,,,,,,1.7825
8,10,4,,,,,,,,,2.255
8,10,4,,,,,,,,,2.765
8,10,4,,,,,,,,,3.24
8,10,4,,,,,,,,,3.7125
8,11,4,,,,,,,,,4.16
8,11,4,,,,,,,,,4.5875
8,11,4,,,,,,,,,4.9375
8,11,4,,,,,,,,,5.195
8,12,4,,,,,,,,,5.5575
8,12,4,,,,,,,,,5.965
8,12,4,,,,,,,,,6.31
8,12,4,,,,,,,,,6.435
8,13,4,,,,,,,,,6.63
8,13,4,,,,,,,,,6.5
8,13,4,,,,,,,,,6.8675
8,13,4,,,,,,,,,6.895
8,14,4,,,,,,,,,7.015
8,14,4,,,,,,,,,7.205
8,14,4,,,,,,,,,7.345
8,14,4,,,,,,,,,7.305
8,15,4,,,,,,,,,7.3425
8,15,4,,,,,,,,,7.145
8,15,4,,,,,,,,,7.135
8,15,4,,,,,,,,,7.0525
8,16,4,,,,,,,,,6.9025
8,16,4,,,,,,,,,6.7075
8,16,4,,,,,,,,,6.4975
8,16,4,,,,,,,,,6.2875
8,17,4,,,,,,,,,6.06
8,17,4,,,,,,,,,5.76
8,17,4,,,,,,,,,5.42
8,17,4,,,,,,,,,5.0325
8,18,4,,,,,,,,,4.6425
8,18,4,,,,,,,,,4.205
8,18,4,,,,,,,,,3.75
8,18,4,,,,,,,,,3.285
8,19,4,,,,,,,,,2.8475
8,19,4,,,,,,,,,2.395
8,19,4,,,,,,,,,1.965
8,19,4,,,,,,,,,1.5325
8,20,4,,,,,,,,,1.1475
8,20,4,,,,,,,,,0.8075
8,20,4,,,,,,,,,0.5375
8,20,4,,,,,,,,,0.38
8,21,4,,,,,,,,,0.28
8,21,4,,,,,,,,,0.1775
8,21,4,,,,,,,,,0.0775
8,21,4,,,,,,,,,0.005
8,22,4,,,,,,,,,0.0
8,22,4,,,,,,,,,0.0
8,22,4,,,,,,,,,0.0
8,22,4,,,,,,,,,0.0
8,23,4,,,,,,,,,0.0
8,23,4,,,,,,,,,0.0
8,23,4,,,,,,,,,0.0
8,23,4,,,,,,,,,0.0
8,24,4,,,,,,,,,0.0
8,24,4,,,,,,,,,0.0
8,24,4,,,,,,,,,0.0
8,24,4,,,,,,,,,0.0
8,1,5,,,,,,,,,0.0
8,1,5,,,,,,,,,0.0
8,1,5,,,,,,,,,0.0
8,1,5,,,,,,,,,0.0
8,2,5,,,,,,,,,0.0
8,2,5,,,,,,,,,0.0
8,2,5,,,,,,,,,0.0
8,2,5,,,,,,,,,0.0
8,3,5,,,,,,,,,0.0
8,3,5,,,,,,,,,0.0
8,3,5,,,,,,,,,0.0
8,3,5,,,,,,,,,0.0
8,4,5,,,,,,,,,0.0
8,4,5,,,,,,,,,0.0
8,4,5,,,,,,,,,0.0
8,4,5,,,,,,,,,0.0
8,5,5,,,,,,,,,0.0
8,5,5,,,,,,,,,0.0
8,5,5,,,,,,,,,0.0
8,5,5,,,,,,,,,0.0
8,6,5,,,,,,,,,0.0
8,6,5,,,,,,,,,0.0
8,6,5,,,,,,,,,0.0
8,6,5,,,,,,,,,0.0
8,7,5,,,,,,,,,0.0
8,7,5,,,,,,,,,0.0
8,7,5,,,,,,,,,0.0
8,7,5,,,,,,,,,0.0
8,8,5,,,,,,,,,0.0
8,8,5,,,,,,,,,0.0525
8,8,5,,,,,,,,,0.1425
8,8,5,,,,,,,,,0.3075
8,9,5,,,,,,,,,0.44
8,9,5,,,,,,,,,0.495
8,9,5,,,,,,,,,0.685
8,9,5,,,,,,,,,0.78
8,10,5,,,,,,,,,0.795
8,10,5,,,,,,,,,0.8375
8,10,5,,,,,,,,,0.8925
8,10,5,,,,,,,,,1.0625
8,11,5,,,,,,,,,1.2075
8,11,5,,,,,,,,,1.3625
8,11,5,,,,,,,,,1.485
8,11,5,,,,,,,,,1.56
8,12,5,,,,,,,,,1.99
8,12,5,,,,,,,,,2.3975
8,12,5,,,,,,,,,3.055
8,12,5,,,,,,,,,2.74
8,13,5,,,,,,,,,2.7
8,13,5,,,,,,,,,2.8175
8,13,5,,,,,,,,,2.415
8,13,5,,,,,,,,,2.88
8,14,5,,,,,,,,,2.91
8,14,5,,,,,,,,,3.2775
8,14,5,,,,,,,,,3.405
8,14,5,,,,,,,,,2.8125
8,15,5,,,,,,,,,1.73
8,15,5,,,,,,,,,2.835
8,15,5,,,,,,,,,3.9075
8,15,5,,,,,,,,,3.4825
8,16,5,,,,,,,,,3.2825
8,16,5,,,,,,,,,3.235
8,16,5,,,,,,,,,4.155
8,16,5,,,,,,,,,6.505
8,17,5,,,,,,,,,6.1475
8,17,5,,,,,,,,,5.81
8,17,5,,,,,,,,,5.4525
8,17,5,,,,,,,,,5.11
8,18,5,,,,,,,,,4.715
8,18,5,,,,,,,,,4.3375
8,18,5,,,,,,,,,3.89
8,18,5,,,,,,,,,3.455
8,19,5,,,,,,,,,2.9775
8,19,5,,,,,,,,,2.49
8,19,5,,,,,,,,,2.015
8,19,5,,,,,,,,,1.55
8,20,5,,,,,,,,,1.1125
8,20,5,,,,,,,,,0.74
8,20,5,,,,,,,,,0.485
8,20,5,,,,,,,,,0.34
8,21,5,,,,,,,,,0.25
8,21,5,,,,,,,,,0.1625
8,21,5,,,,,,,,,0.0575
8,21,5,,,,,,,,,0.0025
8,22,5,,,,,,,,,0.0
8,22,5,,,,,,,,,0.0
8,22,5,,,,,,,,,0.0
8,22,5,,,,,,,,,0.0
8,23,5,,,,,,,,,0.0
8,23,5,,,,,,,,,0.0
8,23,5,,,,,,,,,0.0
8,23,5,,,,,,,,,0.0
8,24,5,,,,,,,,,0.0
8,24,5,,,,,,,,,0.0
8,24,5,,,,,,,,,0.0
8,24,5,,,,,,,,,0.0
8,1,6,,,,,,,,,0.0
8,1,6,,,,,,,,,0.0
8,1,6,,,,,,,,,0.0
8,1,6,,,,,,,,,0.0
8,2,6,,,,,,,,,0.0
8,2,6,,,,,,,,,0.0
8,2,6,,,,,,,,,0.0
8,2,6,,,,,,,,,0.0
8,3,6,,,,,,,,,0.0
8,3,6,,,,,,,,,0.0
8,3,6,,,,,,,,,0.0
8,3,6,,,,,,,,,0.0
8,4,6,,,,,,,,,0.0
8,4,6,,,,,,,,,0.0
8,4,6,,,,,,,,,0.0
8,4,6,,,,,,,,,0.0
8,5,6,,,,,,,,,0.0
8,5,6,,,,,,,,,0.0
8,5,6,,,,,,,,,0.0
8,5,6,,,,,,,,,0.0
8,6,6,,,,,,,,,0.0
8,6,6,,,,,,,,,0.0
8,6,6,,,,,,,,,0.0
8,6,6,,,,,,,,,0.0
8,7,6,,,,,,,,,0.0
8,7,6,,,,,,,,,0.0
8,7,6,,,,,,,,,0.0
8,7,6,,,,,,,,,0.0
8,8,6,,,,,,,,,0.0
8,8,6,,,,,,,,,0.0425
8,8,6,,,,,,,,,0.1625
8,8,6,,,,,,,,,0.2825
8,9,6,,,,,,,,,0.435
8,9,6,,,,,,,,,0.6125
8,9,6,,,,,,,,,0.83
8,9,6,,,,,,,,,0.9525
8,10,6,,,,,,,,,1.025
8,10,6,,,,,,,,,1.1525
8,10,6,,,,,,,,,1.4175
8,10,6,,,,,,,,,1.755
8,11,6,,,,,,,,,2.895
8,11,6,,,,,,,,,3.9475
8,11,6,,,,,,,,,4.3075
8,11,6,,,,,,,,,4.8725
8,12,6,,,,,,,,,5.28
8,12,6,,,,,,,,,5.5375
8,12,6,,,,,,,,,5.8
8,12,6,,,,,,,,,6.0725
8,13,6,,,,,,,,,6.46
8,13,6,,,,,,,,,6.775
8,13,6,,,,,,,,,6.905
8,13,6,,,,,,,,,7.025
8,14,6,,,,,,,,,7.195
8,14,6,,,,,,,,,7.245
8,14,6,,,,,,,,,7.3075
8,14,6,,,,,,,,,7.32
8,15,6,,,,,,,,,7.3375
8,15,6,,,,,,,,,7.3125
8,15,6,,,,,,,,,7.2725
8,15,6,,,,,,,,,7.16
8,16,6,,,,,,,,,6.955
8,16,6,,,,,,,,,6.6525
8,16,6,,,,,,,,,6.3075
8,16,6,,,,,,,,,6.045
8,17,6,,,,,,,,,5.805
8,17,6,,,,,,,,,5.385
8,17,6,,,,,,,,,4.9325
8,17,6,,,,,,,,,4.7525
8,18,6,,,,,,,,,4.455
8,18,6,,,,,,,,,4.02
8,18,6,,,,,,,,,3.595
8,18,6,,,,,,,,,3.1475
8,19,6,,,,,,,,,2.7125
8,19,6,,,,,,,,,2.2625
8,19,6,,,,,,,,,1.855
8,19,6,,,,,,,,,1.475
8,20,6,,,,,,,,,1.1075
8,20,6,,,,,,,,,0.78
8,20,6,,,,,,,,,0.55
8,20,6,,,,,,,,,0.2625
8,21,6,,,,,,,,,0.175
8,21,6,,,,,,,,,0.1175
8,21,6,,,,,,,,,0.04
8,21,6,,,,,,,,,0.0
8,22,6,,,,,,,,,0.0
8,22,6,,,,,,,,,0.0
8,22,6,,,,,,,,,0.0
8,22,6,,,,,,,,,0.0
8,23,6,,,,,,,,,0.0
8,23,6,,,,,,,,,0.0
8,23,6,,,,,,,,,0.0
8,23,6,,,,,,,,,0.0
8,24,6,,,,,,,,,0.0
8,24,6,,,,,,,,,0.0
8,24,6,,,,,,,,,0.0
8,24,6,,,,,,,,,0.0
8,1,7,,,,,,,,,0.0
8,1,7,,,,,,,,,0.0
8,1,7,,,,,,,,,0.0
8,1,7,,,,,,,,,0.0
8,2,7,,,,,,,,,0.0
8,2,7,,,,,,,,,0.0
8,2,7,,,,,,,,,0.0
8,2,7,,,,,,,,,0.0
8,3,7,,,,,,,,,0.0
8,3,7,,,,,,,,,0.0
8,3,7,,,,,,,,,0.0
8,3,7,,,,,,,,,0.0
8,4,7,,,,,,,,,0.0
8,4,7,,,,,,,,,0.0
8,4,7,,,,,,,,,0.0
8,4,7,,,,,,,,,0.0
8,5,7,,,,,,,,,0.0
8,5,7,,,,,,,,,0.0
8,5,7,,,,,,,,,0.0
8,5,7,,,,,,,,,0.0
8,6,7,,,,,,,,,0.0
8,6,7,,,,,,,,,0.0
8,6,7,,,,,,,,,0.0
8,6,7,,,,,,,,,0.0
8,7,7,,,,,,,,,0.0
8,7,7,,,,,,,,,0.0
8,7,7,,,,,,,,,0.0
8,7,7,,,,,,,,,0.0
8,8,7,,,,,,,,,0.0
8,8,7,,,,,,,,,0.01
8,8,7,,,,,,,,,0.0675
8,8,7,,,,,,,,,0.15
8,9,7,,,,,,,,,0.225
8,9,7,,,,,,,,,0.32
8,9,7,,,,,,,,,0.37
8,9,7,,,,,,,,,0.5175
8,10,7,,,,,,,,,0.5825
8,10,7,,,,,,,,,0.7675
8,10,7,,,,,,,,,0.8875
8,10,7,,,,,,,,,1.03
8,11,7,,,,,,,,,1.235
8,11,7,,,,,,,,,1.4
8,11,7,,,,,,,,,1.575
8,11,7,,,,,,,,,1.86
8,12,7,,,,,,,,,2.145
8,12,7,,,,,,,,,2.275
8,12,7,,,,,,,,,3.1825
8,12,7,,,,,,,,,3.2375
8,13,7,,,,,,,,,3.4325
8,13,7,,,,,,,,,3.615
8,13,7,,,,,,,,,4.1425
8,13,7,,,,,,,,,4.5625
8,14,7,,,,,,,,,4.48
8,14,7,,,,,,,,,4.4175
8,14,7,,,,,,,,,4.8325
8,14,7,,,,,,,,,4.545
8,15,7,,,,,,,,,4.615
8,15,7,,,,,,,,,3.4075
8,15,7,,,,,,,,,3.1125
8,15,7,,,,,,,,,3.81
8,16,7,,,,,,,,,4.6125
8,16,7,,,,,,,,,4.38
8,16,7,,,,,,,,,4.74
8,16,7,,,,,,,,,4.465
8,17,7,,,,,,,,,4.08
8,17,7,,,,,,,,,3.905
8,17,7,,,,,,,,,3.33
8,17,7,,,,,,,,,3.46
8,18,7,,,,,,,,,2.7075
8,18,7,,,,,,,,,2.8825
8,18,7,,,,,,,,,2.35
8,18,7,,,,,,,,,2.37
8,19,7,,,,,,,,,2.6425
8,19,7,,,,,,,,,2.54
8,19,7,,,,,,,,,2.1525
8,19,7,,,,,,,,,1.665
8,20,7,,,,,,,,,1.2075
8,20,7,,,,,,,,,0.5575
8,20,7,,,,,,,,,0.32
8,20,7,,,,,,,,,0.31
8,21,7,,,,,,,,,0.23
8,21,7,,,,,,,,,0.1075
8,21,7,,,,,,,,,0.0225
8,21,7,,,,,,,,,0.0
8,22,7,,,,,,,,,0.0
8,22,7,,,,,,,,,0.0
8,22,7,,,,,,,,,0.0
8,22,7,,,,,,,,,0.0
8,23,7,,,,,,,,,0.0
8,23,7,,,,,,,,,0.0
8,23,7,,,,,,,,,0.0
8,23,7,,,,,,,,,0.0
8,24,7,,,,,,,,,0.0
8,24,7,,,,,,,,,0.0
8,24,7,,,,,,,,,0.0
8,24,7,,,,,,,,,0.0
8,1,1,,,,,,,,,0.0
8,1,1,,,,,,,,,0.0
8,1,1,,,,,,,,,0.0
8,1,1,,,,,,,,,0.0
8,2,1,,,,,,,,,0.0
8,2,1,,,,,,,,,0.0
8,2,1,,,,,,,,,0.0
8,2,1,,,,,,,,,0.0
8,3,1,,,,,,,,,0.0
8,3,1,,,,,,,,,0.0
8,3,1,,,,,,,,,0.0
8,3,1,,,,,,,,,0.0
8,4,1,,,,,,,,,0.0
8,4,1,,,,,,,,,0.0
8,4,1,,,,,,,,,0.0
8,4,1,,,,,,,,,0.0
8,5,1,,,,,,,,,0.0
8,5,1,,,,,,,,,0.0
8,5,1,,,,,,,,,0.0
8,5,1,,,,,,,,,0.0
8,6,1,,,,,,,,,0.0
8,6,1,,,,,,,,,0.0
8,6,1,,,,,,,,,0.0
8,6,1,,,,,,,,,0.0
8,7,1,,,,,,,,,0.0
8,7,1,,,,,,,,,0.0
8,7,1,,,,,,,,,0.0
8,7,1,,,,,,,,,0.0
8,8,1,,,,,,,,,0.0
8,8,1,,,,,,,,,0.02
8,8,1,,,,,,,,,0.1425
8,8,1,,,,,,,,,0.3025
8,9,1,,,,,,,,,0.415
8,9,1,,,,,,,,,0.4375
8,9,1,,,,,,,,,0.605
8,9,1,,,,,,,,,1.21
8,10,1,,,,,,,,,1.4325
8,10,1,,,,,,,,,2.015
8,10,1,,,,,,,,,2.0125
8,10,1,,,,,,,,,3.4175
8,11,1,,,,,,,,,4.7775
8,11,1,,,,,,,,,4.48
8,11,1,,,,,,,,,4.215
8,11,1,,,,,,,,,3.945
8,12,1,,,,,,,,,5.235
8,12,1,,,,,,,,,6.8675
8,12,1,,,,,,,,,6.7375
8,12,1,,,,,,,,,7.225
8,13,1,,,,,,,,,7.315
8,13,1,,,,,,,,,7.63
8,13,1,,,,,,,,,7.775
8,13,1,,,,,,,,,7.15
8,14,1,,,,,,,,,7.59
8,14,1,,,,,,,,,7.8525
8,14,1,,,,,,,,,7.855
8,14,1,,,,,,,,,7.8675
8,15,1,,,,,,,,,7.86
8,15,1,,,,,,,,,7.8425
8,15,1,,,,,,,,,7.8075
8,15,1,,,,,,,,,7.77
8,16,1,,,,,,,,,7.56
8,16,1,,,,,,,,,7.34
8,16,1,,,,,,,,,7.1425
8,16,1,,,,,,,,,6.8725
8,17,1,,,,,,,,,6.5675
8,17,1,,,,,,,,,6.2
8,17,1,,,,,,,,,5.835
8,17,1,,,,,,,,,5.45
8,18,1,,,,,,,,,5.035
8,18,1,,,,,,,,,4.5925
8,18,1,,,,,,,,,4.0975
8,18,1,,,,,,,,,3.61
8,19,1,,,,,,,,,3.105
8,19,1,,,,,,,,,2.58
8,19,1,,,,,,,,,2.0525
8,19,1,,,,,,,,,1.545
8,20,1,,,,,,,,,1.105
8,20,1,,,,,,,,,0.8
8,20,1,,,,,,,,,0.4525
8,20,1,,,,,,,,,0.305
8,21,1,,,,,,,,,0.2125
8,21,1,,,,,,,,,0.1175
8,21,1,,,,,,,,,0.0325
8,21,1,,,,,,,,,0.0
8,22,1,,,,,,,,,0.0
8,22,1,,,,,,,,,0.0
8,22,1,,,,,,,,,0.0
8,22,1,,,,,,,,,0.0
8,23,1,,,,,,,,,0.0
8,23,1,,,,,,,,,0.0
8,23,1,,,,,,,,,0.0
8,23,1,,,,,,,,,0.0
8,24,1,,,,,,,,,0.0
8,24,1,,,,,,,,,0.0
8,24,1,,,,,,,,,0.0
8,24,1,,,,,,,,,0.0
8,1,2,,,,,,,,,0.0
8,1,2,,,,,,,,,0.0
8,1,2,,,,,,,,,0.0
8,1,2,,,,,,,,,0.0
8,2,2,,,,,,,,,0.0
8,2,2,,,,,,,,,0.0
8,2,2,,,,,,,,,0.0
8,2,2,,,,,,,,,0.0
8,3,2,,,,,,,,,0.0
8,3,2,,,,,,,,,0.0
8,3,2,,,,,,,,,0.0
8,3,2,,,,,,,,,0.0
8,4,2,,,,,,,,,0.0
8,4,2,,,,,,,,,0.0
8,4,2,,,,,,,,,0.0
8,4,2,,,,,,,,,0.0
8,5,2,,,,,,,,,0.0
8,5,2,,,,,,,,,0.0
8,5,2,,,,,,,,,0.0
8,5,2,,,,,,,,,0.0
8,6,2,,,,,,,,,0.0
8,6,2,,,,,,,,,0.0
8,6,2,,,,,,,,,0.0
8,6,2,,,,,,,,,0.0
8,7,2,,,,,,,,,0.0
8,7,2,,,,,,,,,0.0
8,7,2,,,,,,,,,0.0
8,7,2,,,,,,,,,0.0
8,8,2,,,,,,,,,0.005
8,8,2,,,,,,,,,0.075
8,8,2,,,,,,,,,0.1875
8,8,2,,,,,,,,,0.3675
8,9,2,,,,,,,,,0.6425
8,9,2,,,,,,,,,1.08
8,9,2,,,,,,,,,1.5375
8,9,2,,,,,,,,,2.08
8,10,2,,,,,,,,,2.575
8,10,2,,,,,,,,,3.165
8,10,2,,,,,,,,,3.765
8,10,2,,,,,,,,,4.245
8,11,2,,,,,,,,,4.74
8,11,2,,,,,,,,,5.1875
8,11,2,,,,,,,,,5.23
8,11,2,,,,,,,,,6.005
8,12,2,,,,,,,,,6.44
8,12,2,,,,,,,,,6.5975
8,12,2,,,,,,,,,7.0
8,12,2,,,,,,,,,7.245
8,13,2,,,,,,,,,7.53
8,13,2,,,,,,,,,7.6925
8,13,2,,,,,,,,,7.77
8,13,2,,,,,,,,,7.82
8,14,2,,,,,,,,,7.8175
8,14,2,,,,,,,,,7.86
8,14,2,,,,,,,,,7.85
8,14,2,,,,,,,,,7.8475
8,15,2,,,,,,,,,7.8325
8,15,2,,,,,,,,,7.82
8,15,2,,,,,,,,,7.7875
8,15,2,,,,,,,,,7.715
8,16,2,,,,,,,,,7.53
8,16,2,,,,,,,,,7.325
8,16,2,,,,,,,,,7.065
8,16,2,,,,,,,,,6.815
8,17,2,,,,,,,,,6.51
8,17,2,,,,,,,,,6.175
8,17,2,,,,,,,,,5.8125
8,17,2,,,,,,,,,5.375
8,18,2,,,,,,,,,4.92
8,18,2,,,,,,,,,4.5
8,18,2,,,,,,,,,4.005
8,18,2,,,,,,,,,3.4725
8,19,2,,,,,,,,,2.725
8,19,2,,,,,,,,,2.505
8,19,2,,,,,,,,,2.0
8,19,2,,,,,,,,,1.51
8,20,2,,,,,,,,,1.1675
8,20,2,,,,,,,,,0.9425
8,20,2,,,,,,,,,0.47
8,20,2,,,,,,,,,0.32
8,21,2,,,,,,,,,0.2375
8,21,2,,,,,,,,,0.115
8,21,2,,,,,,,,,0.02
8,21,2,,,,,,,,,0.0
8,22,2,,,,,,,,,0.0
8,22,2,,,,,,,,,0.0
8,22,2,,,,,,,,,0.0
8,22,2,,,,,,,,,0.0
8,23,2,,,,,,,,,0.0
8,23,2,,,,,,,,,0.0
8,23,2,,,,,,,,,0.0
8,23,2,,,,,,,,,0.0
8,24,2,,,,,,,,,0.0
8,24,2,,,,,,,,,0.0
8,24,2,,,,,,,,,0.0
8,24,2,,,,,,,,,0.0
8,1,3,,,,,,,,,0.0
8,1,3,,,,,,,,,0.0
8,1,3,,,,,,,,,0.0
8,1,3,,,,,,,,,0.0
8,2,3,,,,,,,,,0.0
8,2,3,,,,,,,,,0.0
8,2,3,,,,,,,,,0.0
8,2,3,,,,,,,,,0.0
8,3,3,,,,,,,,,0.0
8,3,3,,,,,,,,,0.0
8,3,3,,,,,,,,,0.0
8,3,3,,,,,,,,,0.0
8,4,3,,,,,,,,,0.0
8,4,3,,,,,,,,,0.0
8,4,3,,,,,,,,,0.0
8,4,3,,,,,,,,,0.0
8,5,3,,,,,,,,,0.0
8,5,3,,,,,,,,,0.0
8,5,3,,,,,,,,,0.0
8,5,3,,,,,,,,,0.0
8,6,3,,,,,,,,,0.0
8,6,3,,,,,,,,,0.0
8,6,3,,,,,,,,,0.0
8,6,3,,,,,,,,,0.0
8,7,3,,,,,,,,,0.0
8,7,3,,,,,,,,,0.0
8,7,3,,,,,,,,,0.0
8,7,3,,,,,,,,,0.0
8,8,3,,,,,,,,,0.0
8,8,3,,,,,,,,,0.0825
8,8,3,,,,,,,,,0.195
8,8,3,,,,,,,,,0.3575
8,9,3,,,,,,,,,0.6475
8,9,3,,,,,,,,,1.03
8,9,3,,,,,,,,,1.48
8,9,3,,,,,,,,,2.015
8,10,3,,,,,,,,,2.555
8,10,3,,,,,,,,,3.12
8,10,3,,,,,,,,,3.625
8,10,3,,,,,,,,,4.1575
8,11,3,,,,,,,,,4.635
8,11,3,,,,,,,,,5.09
8,11,3,,,,,,,,,5.535
8,11,3,,,,,,,,,5.9275
8,12,3,,,,,,,,,6.295
8,12,3,,,,,,,,,6.6525
8,12,3,,,,,,,,,6.9575
8,12,3,,,,,,,,,7.205
8,13,3,,,,,,,,,7.4175
8,13,3,,,,,,,,,7.64
8,13,3,,,,,,,,,7.745
8,13,3,,,,,,,,,7.7975
8,14,3,,,,,,,,,7.8475
8,14,3,,,,,,,,,7.8675
8,14,3,,,,,,,,,7.865
8,14,3,,,,,,,,,7.8525
8,15,3,,,,,,,,,7.8325
8,15,3,,,,,,,,,7.8025
8,15,3,,,,,,,,,7.78
8,15,3,,,,,,,,,7.6375
8,16,3,,,,,,,,,7.5
8,16,3,,,,,,,,,7.27
8,16,3,,,,,,,,,7.045
8,16,3,,,,,,,,,6.775
8,17,3,,,,,,,,,6.4725
8,17,3,,,,,,,,,6.135
8,17,3,,,,,,,,,5.7875
8,17,3,,,,,,,,,5.41
8,18,3,,,,,,,,,4.965
8,18,3,,,,,,,,,4.515
8,18,3,,,,,,,,,4.0175
8,18,3,,,,,,,,,3.525
8,19,3,,,,,,,,,3.0425
8,19,3,,,,,,,,,2.5275
8,19,3,,,,,,,,,2.0
8,19,3,,,,,,,,,1.5
8,20,3,,,,,,,,,1.0375
8,20,3,,,,,,,,,0.645
8,20,3,,,,,,,,,0.385
8,20,3,,,,,,,,,0.2575
8,21,3,,,,,,,,,0.175
8,21,3,,,,,,,,,0.1
8,21,3,,,,,,,,,0.02
8,21,3,,,,,,,,,0.0
8,22,3,,,,,,,,,0.0
8,22,3,,,,,,,,,0.0
8,22,3,,,,,,,,,0.0
8,22,3,,,,,,,,,0.0
8,23,3,,,,,,,,,0.0
8,23,3,,,,,,,,,0.0
8,23,3,,,,,,,,,0.0
8,23,3,,,,,,,,,0.0
8,24,3,,,,,,,,,0.0
8,24,3,,,,,,,,,0.0
8,24,3,,,,,,,,,0.0
8,24,3,,,,,,,,,0.0
8,1,4,,,,,,,,,0.0
8,1,4,,,,,,,,,0.0
8,1,4,,,,,,,,,0.0
8,1,4,,,,,,,,,0.0
8,2,4,,,,,,,,,0.0
8,2,4,,,,,,,,,0.0
8,2,4,,,,,,,,,0.0
8,2,4,,,,,,,,,0.0
8,3,4,,,,,,,,,0.0
8,3,4,,,,,,,,,0.0
8,3,4,,,,,,,,,0.0
8,3,4,,,,,,,,,0.0
8,4,4,,,,,,,,,0.0
8,4,4,,,,,,,,,0.0
8,4,4,,,,,,,,,0.0
8,4,4,,,,,,,,,0.0
8,5,4,,,,,,,,,0.0
8,5,4,,,,,,,,,0.0
8,5,4,,,,,,,,,0.0
8,5,4,,,,,,,,,0.0
8,6,4,,,,,,,,,0.0
8,6,4,,,,,,,,,0.0
8,6,4,,,,,,,,,0.0
8,6,4,,,,,,,,,0.0
8,7,4,,,,,,,,,0.0
8,7,4,,,,,,,,,0.0
8,7,4,,,,,,,,,0.0
8,7,4,,,,,,,,,0.0
8,8,4,,,,,,,,,0.0
8,8,4,,,,,,,,,0.0675
8,8,4,,,,,,,,,0.19
8,8,4,,,,,,,,,0.355
8,9,4,,,,,,,,,0.635
8,9,4,,,,,,,,,0.965
8,9,4,,,,,,,,,1.3675
8,9,4,,,,,,,,,1.8525
8,10,4,,,,,,,,,2.4175
8,10,4,,,,,,,,,2.9875
8,10,4,,,,,,,,,3.4825
8,10,4,,,,,,,,,3.8775
8,11,4,,,,,,,,,4.33
8,11,4,,,,,,,,,4.7925
8,11,4,,,,,,,,,5.3075
8,11,4,,,,,,,,,5.71
8,12,4,,,,,,,,,6.05
8,12,4,,,,,,,,,6.36
8,12,4,,,,,,,,,6.7125
8,12,4,,,,,,,,,7.0075
8,13,4,,,,,,,,,7.205
8,13,4,,,,,,,,,7.3975
8,13,4,,,,,,,,,7.5575
8,13,4,,,,,,,,,7.68
8,14,4,,,,,,,,,7.7075
8,14,4,,,,,,,,,7.755
8,14,4,,,,,,,,,7.7875
8,14,4,,,,,,,,,7.7875
8,15,4,,,,,,,,,7.7825
8,15,4,,,,,,,,,7.7625
8,15,4,,,,,,,,,7.66
8,15,4,,,,,,,,,7.465
8,16,4,,,,,,,,,7.28
8,16,4,,,,,,,,,7.0925
8,16,4,,,,,,,,,6.8525
8,16,4,,,,,,,,,6.56
8,17,4,,,,,,,,,6.23
8,17,4,,,,,,,,,5.87
8,17,4,,,,,,,,,5.51
8,17,4,,,,,,,,,5.1
8,18,4,,,,,,,,,4.6425
8,18,4,,,,,,,,,4.155
8,18,4,,,,,,,,,3.69
8,18,4,,,,,,,,,3.2225
8,19,4,,,,,,,,,2.755
8,19,4,,,,,,,,,2.2775
8,19,4,,,,,,,,,1.8075
8,19,4,,,,,,,,,1.3725
8,20,4,,,,,,,,,0.99
8,20,4,,,,,,,,,0.68
8,20,4,,,,,,,,,0.4875
8,20,4,,,,,,,,,0.3375
8,21,4,,,,,,,,,0.21
8,21,4,,,,,,,,,0.0925
8,21,4,,,,,,,,,0.01
8,21,4,,,,,,,,,0.0
8,22,4,,,,,,,,,0.0
8,22,4,,,,,,,,,0.0
8,22,4,,,,,,,,,0.0
8,22,4,,,,,,,,,0.0
8,23,4,,,,,,,,,0.0
8,23,4,,,,,,,,,0.0
8,23,4,,,,,,,,,0.0
8,23,4,,,,,,,,,0.0
8,24,4,,,,,,,,,0.0
8,24,4,,,,,,,,,0.0
8,24,4,,,,,,,,,0.0
8,24,4,,,,,,,,,0.0
8,1,5,,,,,,,,,0.0
8,1,5,,,,,,,,,0.0
8,1,5,,,,,,,,,0.0
8,1,5,,,,,,,,,0.0
8,2,5,,,,,,,,,0.0
8,2,5,,,,,,,,,0.0
8,2,5,,,,,,,,,0.0
8,2,5,,,,,,,,,0.0
8,3,5,,,,,,,,,0.0
8,3,5,,,,,,,,,0.0
8,3,5,,,,,,,,,0.0
8,3,5,,,,,,,,,0.0
8,4,5,,,,,,,,,0.0
8,4,5,,,,,,,,,0.0
8,4,5,,,,,,,,,0.0
8,4,5,,,,,,,,,0.0
8,5,5,,,,,,,,,0.0
8,5,5,,,,,,,,,0.0
8,5,5,,,,,,,,,0.0
8,5,5,,,,,,,,,0.0
8,6,5,,,,,,,,,0.0
8,6,5,,,,,,,,,0.0
8,6,5,,,,,,,,,0.0
8,6,5,,,,,,,,,0.0
8,7,5,,,,,,,,,0.0
8,7,5,,,,,,,,,0.0
8,7,5,,,,,,,,,0.0
8,7,5,,,,,,,,,0.0
8,8,5,,,,,,,,,0.0
8,8,5,,,,,,,,,0.0725
8,8,5,,,,,,,,,0.2125
8,8,5,,,,,,,,,0.3725
8,9,5,,,,,,,,,0.6
8,9,5,,,,,,,,,0.885
8,9,5,,,,,,,,,1.245
8,9,5,,,,,,,,,1.6825
8,10,5,,,,,,,,,2.19
8,10,5,,,,,,,,,2.68
8,10,5,,,,,,,,,3.1775
8,10,5,,,,,,,,,3.6375
8,11,5,,,,,,,,,4.07
8,11,5,,,,,,,,,4.555
8,11,5,,,,,,,,,5.0
8,11,5,,,,,,,,,5.385
8,12,5,,,,,,,,,5.7325
8,12,5,,,,,,,,,6.07
8,12,5,,,,,,,,,6.3625
8,12,5,,,,,,,,,6.6
8,13,5,,,,,,,,,6.805
8,13,5,,,,,,,,,7.02
8,13,5,,,,,,,,,7.175
8,13,5,,,,,,,,,7.3175
8,14,5,,,,,,,,,7.435
8,14,5,,,,,,,,,7.5825
8,14,5,,,,,,,,,7.6725
8,14,5,,,,,,,,,7.6525
8,15,5,,,,,,,,,7.62
8,15,5,,,,,,,,,7.5775
8,15,5,,,,,,,,,7.445
8,15,5,,,,,,,,,7.2825
8,16,5,,,,,,,,,7.1025
8,16,5,,,,,,,,,6.9225
8,16,5,,,,,,,,,6.675
8,16,5,,,,,,,,,6.465
8,17,5,,,,,,,,,6.1725
8,17,5,,,,,,,,,5.81
8,17,5,,,,,,,,,5.415
8,17,5,,,,,,,,,5.04
8,18,5,,,,,,,,,4.615
8,18,5,,,,,,,,,4.185
8,18,5,,,,,,,,,3.715
8,18,5,,,,,,,,,3.23
8,19,5,,,,,,,,,2.745
8,19,5,,,,,,,,,2.255
8,19,5,,,,,,,,,1.785
8,19,5,,,,,,,,,1.355
8,20,5,,,,,,,,,0.965
8,20,5,,,,,,,,,0.6525
8,20,5,,,,,,,,,0.4475
8,20,5,,,,,,,,,0.305
8,21,5,,,,,,,,,0.19
8,21,5,,,,,,,,,0.0825
8,21,5,,,,,,,,,0.0075
8,21,5,,,,,,,,,0.0
8,22,5,,,,,,,,,0.0
8,22,5,,,,,,,,,0.0
8,22,5,,,,,,,,,0.0
8,22,5,,,,,,,,,0.0
8,23,5,,,,,,,,,0.0
8,23,5,,,,,,,,,0.0
8,23,5,,,,,,,,,0.0
8,23,5,,,,,,,,,0.0
8,24,5,,,,,,,,,0.0
8,24,5,,,,,,,,,0.0
8,24,5,,,,,,,,,0.0
8,24,5,,,,,,,,,0.0
8,1,6,,,,,,,,,0.0
8,1,6,,,,,,,,,0.0
8,1,6,,,,,,,,,0.0
8,1,6,,,,,,,,,0.0
8,2,6,,,,,,,,,0.0
8,2,6,,,,,,,,,0.0
8,2,6,,,,,,,,,0.0
8,2,6,,,,,,,,,0.0
8,3,6,,,,,,,,,0.0
8,3,6,,,,,,,,,0.0
8,3,6,,,,,,,,,0.0
8,3,6,,,,,,,,,0.0
8,4,6,,,,,,,,,0.0
8,4,6,,,,,,,,,0.0
8,4,6,,,,,,,,,0.0
8,4,6,,,,,,,,,0.0
8,5,6,,,,,,,,,0.0
8,5,6,,,,,,,,,0.0
8,5,6,,,,,,,,,0.0
8,5,6,,,,,,,,,0.0
8,6,6,,,,,,,,,0.0
8,6,6,,,,,,,,,0.0
8,6,6,,,,,,,,,0.0
8,6,6,,,,,,,,,0.0
8,7,6,,,,,,,,,0.0
8,7,6,,,,,,,,,0.0
8,7,6,,,,,,,,,0.0
8,7,6,,,,,,,,,0.0
8,8,6,,,,,,,,,0.0
8,8,6,,,,,,,,,0.06
8,8,6,,,,,,,,,0.1925
8,8,6,,,,,,,,,0.3475
8,9,6,,,,,,,,,0.585
8,9,6,,,,,,,,,0.8825
8,9,6,,,,,,,,,1.2575
8,9,6,,,,,,,,,1.69
8,10,6,,,,,,,,,2.17
8,10,6,,,,,,,,,2.64
8,10,6,,,,,,,,,3.065
8,10,6,,,,,,,,,3.505
8,11,6,,,,,,,,,3.99
8,11,6,,,,,,,,,4.425
8,11,6,,,,,,,,,4.805
8,11,6,,,,,,,,,5.21
8,12,6,,,,,,,,,5.5925
8,12,6,,,,,,,,,5.9225
8,12,6,,,,,,,,,6.18
8,12,6,,,,,,,,,6.415
8,13,6,,,,,,,,,6.6475
8,13,6,,,,,,,,,6.885
8,13,6,,,,,,,,,7.0275
8,13,6,,,,,,,,,6.435
8,14,6,,,,,,,,,5.255
8,14,6,,,,,,,,,5.4475
8,14,6,,,,,,,,,5.4175
8,14,6,,,,,,,,,6.4
8,15,6,,,,,,,,,6.06
8,15,6,,,,,,,,,5.7275
8,15,6,,,,,,,,,5.635
8,15,6,,,,,,,,,5.7675
8,16,6,,,,,,,,,6.4825
8,16,6,,,,,,,,,6.075
8,16,6,,,,,,,,,5.2575
8,16,6,,,,,,,,,5.505
8,17,6,,,,,,,,,5.545
8,17,6,,,,,,,,,4.4925
8,17,6,,,,,,,,,3.855
8,17,6,,,,,,,,,3.3575
8,18,6,,,,,,,,,4.3
8,18,6,,,,,,,,,3.665
8,18,6,,,,,,,,,2.9425
8,18,6,,,,,,,,,2.77
8,19,6,,,,,,,,,2.595
8,19,6,,,,,,,,,2.0775
8,19,6,,,,,,,,,1.5575
8,19,6,,,,,,,,,1.105
8,20,6,,,,,,,,,0.9325
8,20,6,,,,,,,,,0.6525
8,20,6,,,,,,,,,0.45
8,20,6,,,,,,,,,0.3075
8,21,6,,,,,,,,,0.165
8,21,6,,,,,,,,,0.0275
8,21,6,,,,,,,,,0.0
8,21,6,,,,,,,,,0.0
8,22,6,,,,,,,,,0.0
8,22,6,,,,,,,,,0.0
8,22,6,,,,,,,,,0.0
8,22,6,,,,,,,,,0.0
8,23,6,,,,,,,,,0.0
8,23,6,,,,,,,,,0.0
8,23,6,,,,,,,,,0.0
8,23,6,,,,,,,,,0.0
8,24,6,,,,,,,,,0.0
8,24,6,,,,,,,,,0.0
8,24,6,,,,,,,,,0.0
8,24,6,,,,,,,,,0.0
8,1,7,,,,,,,,,0.0
8,1,7,,,,,,,,,0.0
8,1,7,,,,,,,,,0.0
8,1,7,,,,,,,,,0.0
8,2,7,,,,,,,,,0.0
8,2,7,,,,,,,,,0.0
8,2,7,,,,,,,,,0.0
8,2,7,,,,,,,,,0.0
8,3,7,,,,,,,,,0.0
8,3,7,,,,,,,,,0.0
8,3,7,,,,,,,,,0.0
8,3,7,,,,,,,,,0.0
8,4,7,,,,,,,,,0.0
8,4,7,,,,,,,,,0.0
8,4,7,,,,,,,,,0.0
8,4,7,,,,,,,,,0.0
8,5,7,,,,,,,,,0.0
8,5,7,,,,,,,,,0.0
8,5,7,,,,,,,,,0.0
8,5,7,,,,,,,,,0.0
8,6,7,,,,,,,,,0.0
8,6,7,,,,,,,,,0.0
8,6,7,,,,,,,,,0.0
8,6,7,,,,,,,,,0.0
8,7,7,,,,,,,,,0.0
8,7,7,,,,,,,,,0.0
8,7,7,,,,,,,,,0.0
8,7,7,,,,,,,,,0.0
8,8,7,,,,,,,,,0.0
8,8,7,,,,,,,,,0.005
8,8,7,,,,,,,,,0.065
8,8,7,,,,,,,,,0.18
8,9,7,,,,,,,,,0.32
8,9,7,,,,,,,,,0.49
8,9,7,,,,,,,,,0.4925
8,9,7,,,,,,,,,0.675
8,10,7,,,,,,,,,0.895
8,10,7,,,,,,,,,1.0325
8,10,7,,,,,,,,,1.305
8,10,7,,,,,,,,,1.3825
8,11,7,,,,,,,,,2.2675
8,11,7,,,,,,,,,4.0225
8,11,7,,,,,,,,,4.8025
8,11,7,,,,,,,,,4.7575
8,12,7,,,,,,,,,5.825
8,12,7,,,,,,,,,6.1375
8,12,7,,,,,,,,,6.44
8,12,7,,,,,,,,,6.7275
8,13,7,,,,,,,,,6.9925
8,13,7,,,,,,,,,7.1325
8,13,7,,,,,,,,,7.295
8,13,7,,,,,,,,,7.42
8,14,7,,,,,,,,,7.52
8,14,7,,,,,,,,,7.5175
8,14,7,,,,,,,,,7.55
8,14,7,,,,,,,,,7.305
8,15,7,,,,,,,,,7.6775
8,15,7,,,,,,,,,7.36
8,15,7,,,,,,,,,7.4625
8,15,7,,,,,,,,,7.215
8,16,7,,,,,,,,,7.1025
8,16,7,,,,,,,,,6.69
8,16,7,,,,,,,,,5.815
8,16,7,,,,,,,,,5.015
8,17,7,,,,,,,,,3.865
8,17,7,,,,,,,,,3.5725
8,17,7,,,,,,,,,3.42
8,17,7,,,,,,,,,3.475
8,18,7,,,,,,,,,2.275
8,18,7,,,,,,,,,1.7225
8,18,7,,,,,,,,,1.3875
8,18,7,,,,,,,,,1.5375
8,19,7,,,,,,,,,1.155
8,19,7,,,,,,,,,0.935
8,19,7,,,,,,,,,0.8225
8,19,7,,,,,,,,,0.64
8,20,7,,,,,,,,,0.4725
8,20,7,,,,,,,,,0.3425
8,20,7,,,,,,,,,0.3825
8,20,7,,,,,,,,,0.2625
8,21,7,,,,,,,,,0.105
8,21,7,,,,,,,,,0.0175
8,21,7,,,,,,,,,0.0
8,21,7,,,,,,,,,0.0
8,22,7,,,,,,,,,0.0
8,22,7,,,,,,,,,0.0
8,22,7,,,,,,,,,0.0
8,22,7,,,,,,,,,0.0
8,23,7,,,,,,,,,0.0
8,23,7,,,,,,,,,0.0
8,23,7,,,,,,,,,0.0
8,23,7,,,,,,,,,0.0
8,24,7,,,,,,,,,0.0
8,24,7,,,,,,,,,0.0
8,24,7,,,,,,,,,0.0
8,24,7,,,,,,,,,0.0
8,1,1,,,,,,,,,0.0
8,1,1,,,,,,,,,0.0
8,1,1,,,,,,,,,0.0
8,1,1,,,,,,,,,0.0
8,2,1,,,,,,,,,0.0
8,2,1,,,,,,,,,0.0
8,2,1,,,,,,,,,0.0
8,2,1,,,,,,,,,0.0
8,3,1,,,,,,,,,0.0
8,3,1,,,,,,,,,0.0
8,3,1,,,,,,,,,0.0
8,3,1,,,,,,,,,0.0
8,4,1,,,,,,,,,0.0
8,4,1,,,,,,,,,0.0
8,4,1,,,,,,,,,0.0
8,4,1,,,,,,,,,0.0
8,5,1,,,,,,,,,0.0
8,5,1,,,,,,,,,0.0
8,5,1,,,,,,,,,0.0
8,5,1,,,,,,,,,0.0
8,6,1,,,,,,,,,0.0
8,6,1,,,,,,,,,0.0
8,6,1,,,,,,,,,0.0
8,6,1,,,,,,,,,0.0
8,7,1,,,,,,,,,0.0
8,7,1,,,,,,,,,0.0
8,7,1,,,,,,,,,0.0
8,7,1,,,,,,,,,0.0
8,8,1,,,,,,,,,0.0
8,8,1,,,,,,,,,0.0
8,8,1,,,,,,,,,0.055
8,8,1,,,,,,,,,0.14
8,9,1,,,,,,,,,0.245
8,9,1,,,,,,,,,0.405
8,9,1,,,,,,,,,0.5675
8,9,1,,,,,,,,,0.67
8,10,1,,,,,,,,,0.7525
8,10,1,,,,,,,,,0.8125
8,10,1,,,,,,,,,0.98
8,10,1,,,,,,,,,1.1975
8,11,1,,,,,,,,,1.47
8,11,1,,,,,,,,,2.01
8,11,1,,,,,,,,,2.1025
8,11,1,,,,,,,,,2.37
8,12,1,,,,,,,,,3.355
8,12,1,,,,,,,,,2.9425
8,12,1,,,,,,,,,3.4825
8,12,1,,,,,,,,,4.6825
8,13,1,,,,,,,,,5.38
8,13,1,,,,,,,,,6.6425
8,13,1,,,,,,,,,7.235
8,13,1,,,,,,,,,7.365
8,14,1,,,,,,,,,7.4525
8,14,1,,,,,,,,,7.48
8,14,1,,,,,,,,,7.51
8,14,1,,,,,,,,,7.28
8,15,1,,,,,,,,,7.5
8,15,1,,,,,,,,,7.4675
8,15,1,,,,,,,,,7.3175
8,15,1,,,,,,,,,7.165
8,16,1,,,,,,,,,6.495
8,16,1,,,,,,,,,4.79
8,16,1,,,,,,,,,3.9375
8,16,1,,,,,,,,,2.92
8,17,1,,,,,,,,,2.6225
8,17,1,,,,,,,,,2.35
8,17,1,,,,,,,,,1.9425
8,17,1,,,,,,,,,2.0525
8,18,1,,,,,,,,,2.135
8,18,1,,,,,,,,,2.155
8,18,1,,,,,,,,,2.07
8,18,1,,,,,,,,,1.9775
8,19,1,,,,,,,,,2.28
8,19,1,,,,,,,,,1.64
8,19,1,,,,,,,,,1.215
8,19,1,,,,,,,,,0.9625
8,20,1,,,,,,,,,0.845
8,20,1,,,,,,,,,0.75
8,20,1,,,,,,,,,0.4425
8,20,1,,,,,,,,,0.2925
8,21,1,,,,,,,,,0.185
8,21,1,,,,,,,,,0.055
8,21,1,,,,,,,,,0.0
8,21,1,,,,,,,,,0.0
8,22,1,,,,,,,,,0.0
8,22,1,,,,,,,,,0.0
8,22,1,,,,,,,,,0.0
8,22,1,,,,,,,,,0.0
8,23,1,,,,,,,,,0.0
8,23,1,,,,,,,,,0.0
8,23,1,,,,,,,,,0.0
8,23,1,,,,,,,,,0.0
8,24,1,,,,,,,,,0.0
8,24,1,,,,,,,,,0.0
8,24,1,,,,,,,,,0.0
8,24,1,,,,,,,,,0.0
8,1,2,,,,,,,,,0.0
8,1,2,,,,,,,,,0.0
8,1,2,,,,,,,,,0.0
8,1,2,,,,,,,,,0.0
8,2,2,,,,,,,,,0.0
8,2,2,,,,,,,,,0.0
8,2,2,,,,,,,,,0.0
8,2,2,,,,,,,,,0.0
8,3,2,,,,,,,,,0.0
8,3,2,,,,,,,,,0.0
8,3,2,,,,,,,,,0.0
8,3,2,,,,,,,,,0.0
8,4,2,,,,,,,,,0.0
8,4,2,,,,,,,,,0.0
8,4,2,,,,,,,,,0.0
8,4,2,,,,,,,,,0.0
8,5,2,,,,,,,,,0.0
8,5,2,,,,,,,,,0.0
8,5,2,,,,,,,,,0.0
8,5,2,,,,,,,,,0.0
8,6,2,,,,,,,,,0.0
8,6,2,,,,,,,,,0.0
8,6,2,,,,,,,,,0.0
8,6,2,,,,,,,,,0.0
8,7,2,,,,,,,,,0.0
8,7,2,,,,,,,,,0.0
8,7,2,,,,,,,,,0.0
8,7,2,,,,,,,,,0.0
8,8,2,,,,,,,,,0.0
8,8,2,,,,,,,,,0.075
8,8,2,,,,,,,,,0.1875
8,8,2,,,,,,,,,0.395
8,9,2,,,,,,,,,0.725
8,9,2,,,,,,,,,0.605
8,9,2,,,,,,,,,0.7075
8,9,2,,,,,,,,,1.0525
8,10,2,,,,,,,,,1.085
8,10,2,,,,,,,,,1.36
8,10,2,,,,,,,,,1.44
8,10,2,,,,,,,,,1.845
8,11,2,,,,,,,,,2.78
8,11,2,,,,,,,,,3.8875
8,11,2,,,,,,,,,5.415
8,11,2,,,,,,,,,5.3225
8,12,2,,,,,,,,,4.3575
8,12,2,,,,,,,,,4.8125
8,12,2,,,,,,,,,6.65
8,12,2,,,,,,,,,6.54
8,13,2,,,,,,,,,6.2875
8,13,2,,,,,,,,,7.06
8,13,2,,,,,,,,,7.5975
8,13,2,,,,,,,,,7.1225
8,14,2,,,,,,,,,7.6075
8,14,2,,,,,,,,,7.8175
8,14,2,,,,,,,,,7.835
8,14,2,,,,,,,,,7.835
8,15,2,,,,,,,,,7.81
8,15,2,,,,,,,,,7.8075
8,15,2,,,,,,,,,7.72
8,15,2,,,,,,,,,7.5725
8,16,2,,,,,,,,,7.42
8,16,2,,,,,,,,,7.24
8,16,2,,,,,,,,,7.0225
8,16,2,,,,,,,,,6.71
8,17,2,,,,,,,,,6.4175
8,17,2,,,,,,,,,6.1125
8,17,2,,,,,,,,,5.7225
8,17,2,,,,,,,,,5.3225
8,18,2,,,,,,,,,4.865
8,18,2,,,,,,,,,4.4525
8,18,2,,,,,,,,,3.98
8,18,2,,,,,,,,,3.4675
8,19,2,,,,,,,,,2.9275
8,19,2,,,,,,,,,2.4
8,19,2,,,,,,,,,1.87
8,19,2,,,,,,,,,1.36
8,20,2,,,,,,,,,0.9
8,20,2,,,,,,,,,0.53
8,20,2,,,,,,,,,0.3275
8,20,2,,,,,,,,,0.225
8,21,2,,,,,,,,,0.145
8,21,2,,,,,,,,,0.055
8,21,2,,,,,,,,,0.0025
8,21,2,,,,,,,,,0.0
8,22,2,,,,,,,,,0.0
8,22,2,,,,,,,,,0.0
8,22,2,,,,,,,,,0.0
8,22,2,,,,,,,,,0.0
8,23,2,,,,,,,,,0.0
8,23,2,,,,,,,,,0.0
8,23,2,,,,,,,,,0.0
8,23,2,,,,,,,,,0.0
8,24,2,,,,,,,,,0.0
8,24,2,,,,,,,,,0.0
8,24,2,,,,,,,,,0.0
8,24,2,,,,,,,,,0.0
8,1,3,,,,,,,,,0.0
8,1,3,,,,,,,,,0.0
8,1,3,,,,,,,,,0.0
8,1,3,,,,,,,,,0.0
8,2,3,,,,,,,,,0.0
8,2,3,,,,,,,,,0.0
8,2,3,,,,,,,,,0.0
8,2,3,,,,,,,,,0.0
8,3,3,,,,,,,,,0.0
8,3,3,,,,,,,,,0.0
8,3,3,,,,,,,,,0.0
8,3,3,,,,,,,,,0.0
8,4,3,,,,,,,,,0.0
8,4,3,,,,,,,,,0.0
8,4,3,,,,,,,,,0.0
8,4,3,,,,,,,,,0.0
8,5,3,,,,,,,,,0.0
8,5,3,,,,,,,,,0.0
8,5,3,,,,,,,,,0.0
8,5,3,,,,,,,,,0.0
8,6,3,,,,,,,,,0.0
8,6,3,,,,,,,,,0.0
8,6,3,,,,,,,,,0.0
8,6,3,,,,,,,,,0.0
8,7,3,,,,,,,,,0.0
8,7,3,,,,,,,,,0.0
8,7,3,,,,,,,,,0.0
8,7,3,,,,,,,,,0.0
8,8,3,,,,,,,,,0.0
8,8,3,,,,,,,,,0.105
8,8,3,,,,,,,,,0.2175
8,8,3,,,,,,,,,0.4525
8,9,3,,,,,,,,,0.595
8,9,3,,,,,,,,,0.7
8,9,3,,,,,,,,,0.8475
8,9,3,,,,,,,,,1.4625
8,10,3,,,,,,,,,1.6875
8,10,3,,,,,,,,,1.42
8,10,3,,,,,,,,,2.065
8,10,3,,,,,,,,,1.675
8,11,3,,,,,,,,,1.195
8,11,3,,,,,,,,,3.4425
8,11,3,,,,,,,,,2.49
8,11,3,,,,,,,,,3.15
8,12,3,,,,,,,,,6.0175
8,12,3,,,,,,,,,7.005
8,12,3,,,,,,,,,3.81
8,12,3,,,,,,,,,3.525
8,13,3,,,,,,,,,3.6775
8,13,3,,,,,,,,,5.3375
8,13,3,,,,,,,,,6.0575
8,13,3,,,,,,,,,7.4725
8,14,3,,,,,,,,,6.7275
8,14,3,,,,,,,,,6.715
8,14,3,,,,,,,,,7.1525
8,14,3,,,,,,,,,6.23
8,15,3,,,,,,,,,5.19
8,15,3,,,,,,,,,2.655
8,15,3,,,,,,,,,2.91
8,15,3,,,,,,,,,2.4575
8,16,3,,,,,,,,,2.5925
8,16,3,,,,,,,,,3.88
8,16,3,,,,,,,,,4.3825
8,16,3,,,,,,,,,5.36
8,17,3,,,,,,,,,5.3425
8,17,3,,,,,,,,,4.245
8,17,3,,,,,,,,,4.8175
8,17,3,,,,,,,,,4.63
8,18,3,,,,,,,,,4.4475
8,18,3,,,,,,,,,3.2825
8,18,3,,,,,,,,,2.415
8,18,3,,,,,,,,,3.2575
8,19,3,,,,,,,,,2.5575
8,19,3,,,,,,,,,1.42
8,19,3,,,,,,,,,1.9675
8,19,3,,,,,,,,,1.355
8,20,3,,,,,,,,,0.855
8,20,3,,,,,,,,,0.48
8,20,3,,,,,,,,,0.335
8,20,3,,,,,,,,,0.315
8,21,3,,,,,,,,,0.15
8,21,3,,,,,,,,,0.0125
8,21,3,,,,,,,,,0.0
8,21,3,,,,,,,,,0.0
8,22,3,,,,,,,,,0.0
8,22,3,,,,,,,,,0.0
8,22,3,,,,,,,,,0.0
8,22,3,,,,,,,,,0.0
8,23,3,,,,,,,,,0.0
8,23,3,,,,,,,,,0.0
8,23,3,,,,,,,,,0.0
8,23,3,,,,,,,,,0.0
8,24,3,,,,,,,,,0.0
8,24,3,,,,,,,,,0.0
8,24,3,,,,,,,,,0.0
8,24,3,,,,,,,,,0.0
8,1,4,,,,,,,,,0.0
8,1,4,,,,,,,,,0.0
8,1,4,,,,,,,,,0.0
8,1,4,,,,,,,,,0.0
8,2,4,,,,,,,,,0.0
8,2,4,,,,,,,,,0.0
8,2,4,,,,,,,,,0.0
8,2,4,,,,,,,,,0.0
8,3,4,,,,,,,,,0.0
8,3,4,,,,,,,,,0.0
8,3,4,,,,,,,,,0.0
8,3,4,,,,,,,,,0.0
8,4,4,,,,,,,,,0.0
8,4,4,,,,,,,,,0.0
8,4,4,,,,,,,,,0.0
8,4,4,,,,,,,,,0.0
8,5,4,,,,,,,,,0.0
8,5,4,,,,,,,,,0.0
8,5,4,,,,,,,,,0.0
8,5,4,,,,,,,,,0.0
8,6,4,,,,,,,,,0.0
8,6,4,,,,,,,,,0.0
8,6,4,,,,,,,,,0.0
8,6,4,,,,,,,,,0.0
8,7,4,,,,,,,,,0.0
8,7,4,,,,,,,,,0.0
8,7,4,,,,,,,,,0.0
8,7,4,,,,,,,,,0.0
8,8,4,,,,,,,,,0.0
8,8,4,,,,,,,,,0.035
8,8,4,,,,,,,,,0.1725
8,8,4,,,,,,,,,0.34
8,9,4,,,,,,,,,0.62
8,9,4,,,,,,,,,0.985
8,9,4,,,,,,,,,1.445
8,9,4,,,,,,,,,2.015
8,10,4,,,,,,,,,2.6025
8,10,4,,,,,,,,,3.1775
8,10,4,,,,,,,,,3.635
8,10,4,,,,,,,,,4.1525
8,11,4,,,,,,,,,4.67
8,11,4,,,,,,,,,5.0975
8,11,4,,,,,,,,,5.5425
8,11,4,,,,,,,,,5.9375
8,12,4,,,,,,,,,6.3
8,12,4,,,,,,,,,6.4225
8,12,4,,,,,,,,,6.995
8,12,4,,,,,,,,,6.8275
8,13,4,,,,,,,,,6.71
8,13,4,,,,,,,,,6.505
8,13,4,,,,,,,,,6.565
8,13,4,,,,,,,,,7.655
8,14,4,,,,,,,,,7.8325
8,14,4,,,,,,,,,7.8625
8,14,4,,,,,,,,,7.865
8,14,4,,,,,,,,,7.8625
8,15,4,,,,,,,,,7.8325
8,15,4,,,,,,,,,7.78
8,15,4,,,,,,,,,7.68
8,15,4,,,,,,,,,7.55
8,16,4,,,,,,,,,7.345
8,16,4,,,,,,,,,7.14
8,16,4,,,,,,,,,6.435
8,16,4,,,,,,,,,6.01
8,17,4,,,,,,,,,6.2775
8,17,4,,,,,,,,,6.03
8,17,4,,,,,,,,,5.6075
8,17,4,,,,,,,,,5.2925
8,18,4,,,,,,,,,4.8
8,18,4,,,,,,,,,4.37
8,18,4,,,,,,,,,3.775
8,18,4,,,,,,,,,3.37
8,19,4,,,,,,,,,2.8275
8,19,4,,,,,,,,,2.195
8,19,4,,,,,,,,,1.85
8,19,4,,,,,,,,,1.4325
8,20,4,,,,,,,,,0.725
8,20,4,,,,,,,,,0.505
8,20,4,,,,,,,,,0.365
8,20,4,,,,,,,,,0.26
8,21,4,,,,,,,,,0.0925
8,21,4,,,,,,,,,0.02
8,21,4,,,,,,,,,0.0
8,21,4,,,,,,,,,0.0
8,22,4,,,,,,,,,0.0
8,22,4,,,,,,,,,0.0
8,22,4,,,,,,,,,0.0
8,22,4,,,,,,,,,0.0
8,23,4,,,,,,,,,0.0
8,23,4,,,,,,,,,0.0
8,23,4,,,,,,,,,0.0
8,23,4,,,,,,,,,0.0
8,24,4,,,,,,,,,0.0
8,24,4,,,,,,,,,0.0
8,24,4,,,,,,,,,0.0
8,24,4,,,,,,,,,0.0
8,1,5,,,,,,,,,0.0
8,1,5,,,,,,,,,0.0
8,1,5,,,,,,,,,0.0
8,1,5,,,,,,,,,0.0
8,2,5,,,,,,,,,0.0
8,2,5,,,,,,,,,0.0
8,2,5,,,,,,,,,0.0
8,2,5,,,,,,,,,0.0
8,3,5,,,,,,,,,0.0
8,3,5,,,,,,,,,0.0
8,3,5,,,,,,,,,0.0
8,3,5,,,,,,,,,0.0
8,4,5,,,,,,,,,0.0
8,4,5,,,,,,,,,0.0
8,4,5,,,,,,,,,0.0
8,4,5,,,,,,,,,0.0
8,5,5,,,,,,,,,0.0
8,5,5,,,,,,,,,0.0
8,5,5,,,,,,,,,0.0
8,5,5,,,,,,,,,0.0
8,6,5,,,,,,,,,0.0
8,6,5,,,,,,,,,0.0
8,6,5,,,,,,,,,0.0
8,6,5,,,,,,,,,0.0
8,7,5,,,,,,,,,0.0
8,7,5,,,,,,,,,0.0
8,7,5,,,,,,,,,0.0
8,7,5,,,,,,,,,0.0
8,8,5,,,,,,,,,0.0
8,8,5,,,,,,,,,0.0
8,8,5,,,,,,,,,0.0675
8,8,5,,,,,,,,,0.16
8,9,5,,,,,,,,,0.325
8,9,5,,,,,,,,,0.755
8,9,5,,,,,,,,,0.57
8,9,5,,,,,,,,,0.8425
8,10,5,,,,,,,,,0.66
8,10,5,,,,,,,,,1.78
8,10,5,,,,,,,,,2.88
8,10,5,,,,,,,,,3.5525
8,11,5,,,,,,,,,4.5
8,11,5,,,,,,,,,4.5625
8,11,5,,,,,,,,,5.32
8,11,5,,,,,,,,,5.7075
8,12,5,,,,,,,,,6.0775
8,12,5,,,,,,,,,6.3975
8,12,5,,,,,,,,,6.5975
8,12,5,,,,,,,,,6.925
8,13,5,,,,,,,,,7.145
8,13,5,,,,,,,,,7.295
8,13,5,,,,,,,,,7.5475
8,13,5,,,,,,,,,6.04
8,14,5,,,,,,,,,5.5225
8,14,5,,,,,,,,,6.255
8,14,5,,,,,,,,,6.4975
8,14,5,,,,,,,,,5.6
8,15,5,,,,,,,,,5.9175
8,15,5,,,,,,,,,7.1025
8,15,5,,,,,,,,,7.2
8,15,5,,,,,,,,,6.095
8,16,5,,,,,,,,,6.6675
8,16,5,,,,,,,,,5.88
8,16,5,,,,,,,,,4.6625
8,16,5,,,,,,,,,2.475
8,17,5,,,,,,,,,1.4525
8,17,5,,,,,,,,,1.25
8,17,5,,,,,,,,,1.3075
8,17,5,,,,,,,,,1.1075
8,18,5,,,,,,,,,1.055
8,18,5,,,,,,,,,1.2525
8,18,5,,,,,,,,,2.16
8,18,5,,,,,,,,,2.1175
8,19,5,,,,,,,,,1.655
8,19,5,,,,,,,,,1.2625
8,19,5,,,,,,,,,1.1175
8,19,5,,,,,,,,,1.08
8,20,5,,,,,,,,,1.0575
8,20,5,,,,,,,,,0.845
8,20,5,,,,,,,,,0.515
8,20,5,,,,,,,,,0.195
8,21,5,,,,,,,,,0.085
8,21,5,,,,,,,,,0.005
8,21,5,,,,,,,,,0.0
8,21,5,,,,,,,,,0.0
8,22,5,,,,,,,,,0.0
8,22,5,,,,,,,,,0.0
8,22,5,,,,,,,,,0.0
8,22,5,,,,,,,,,0.0
8,23,5,,,,,,,,,0.0
8,23,5,,,,,,,,,0.0
8,23,5,,,,,,,,,0.0
8,23,5,,,,,,,,,0.0
8,24,5,,,,,,,,,0.0
8,24,5,,,,,,,,,0.0
8,24,5,,,,,,,,,0.0
8,24,5,,,,,,,,,0.0
8,1,6,,,,,,,,,0.0
8,1,6,,,,,,,,,0.0
8,1,6,,,,,,,,,0.0
8,1,6,,,,,,,,,0.0
8,2,6,,,,,,,,,0.0
8,2,6,,,,,,,,,0.0
8,2,6,,,,,,,,,0.0
8,2,6,,,,,,,,,0.0
8,3,6,,,,,,,,,0.0
8,3,6,,,,,,,,,0.0
8,3,6,,,,,,,,,0.0
8,3,6,,,,,,,,,0.0
8,4,6,,,,,,,,,0.0
8,4,6,,,,,,,,,0.0
8,4,6,,,,,,,,,0.0
8,4,6,,,,,,,,,0.0
8,5,6,,,,,,,,,0.0
8,5,6,,,,,,,,,0.0
8,5,6,,,,,,,,,0.0
8,5,6,,,,,,,,,0.0
8,6,6,,,,,,,,,0.0
8,6,6,,,,,,,,,0.0
8,6,6,,,,,,,,,0.0
8,6,6,,,,,,,,,0.0
8,7,6,,,,,,,,,0.0
8,7,6,,,,,,,,,0.0
8,7,6,,,,,,,,,0.0
8,7,6,,,,,,,,,0.0
8,8,6,,,,,,,,,0.0
8,8,6,,,,,,,,,0.0
8,8,6,,,,,,,,,0.035
8,8,6,,,,,,,,,0.21
8,9,6,,,,,,,,,0.5125
8,9,6,,,,,,,,,0.53
8,9,6,,,,,,,,,0.1775
8,9,6,,,,,,,,,0.635
8,10,6,,,,,,,,,1.18
8,10,6,,,,,,,,,1.67
8,10,6,,,,,,,,,1.71
8,10,6,,,,,,,,,2.2375
8,11,6,,,,,,,,,2.8225
8,11,6,,,,,,,,,3.5925
8,11,6,,,,,,,,,2.8475
8,11,6,,,,,,,,,2.7225
8,12,6,,,,,,,,,4.095
8,12,6,,,,,,,,,5.795
8,12,6,,,,,,,,,6.255
8,12,6,,,,,,,,,6.2575
8,13,6,,,,,,,,,5.1075
8,13,6,,,,,,,,,6.94
8,13,6,,,,,,,,,7.1925
8,13,6,,,,,,,,,7.7425
8,14,6,,,,,,,,,7.7125
8,14,6,,,,,,,,,6.675
8,14,6,,,,,,,,,7.475
8,14,6,,,,,,,,,7.2225
8,15,6,,,,,,,,,7.6875
8,15,6,,,,,,,,,7.6225
8,15,6,,,,,,,,,7.5275
8,15,6,,,,,,,,,7.39
8,16,6,,,,,,,,,7.21
8,16,6,,,,,,,,,6.9175
8,16,6,,,,,,,,,6.2025
8,16,6,,,,,,,,,5.585
8,17,6,,,,,,,,,3.7975
8,17,6,,,,,,,,,4.51
8,17,6,,,,,,,,,3.2775
8,17,6,,,,,,,,,4.2
8,18,6,,,,,,,,,2.755
8,18,6,,,,,,,,,2.175
8,18,6,,,,,,,,,1.615
8,18,6,,,,,,,,,1.25
8,19,6,,,,,,,,,0.84
8,19,6,,,,,,,,,0.7075
8,19,6,,,,,,,,,0.485
8,19,6,,,,,,,,,0.465
8,20,6,,,,,,,,,0.3375
8,20,6,,,,,,,,,0.2325
8,20,6,,,,,,,,,0.145
8,20,6,,,,,,,,,0.045
8,21,6,,,,,,,,,0.015
8,21,6,,,,,,,,,0.0
8,21,6,,,,,,,,,0.0
8,21,6,,,,,,,,,0.0
8,22,6,,,,,,,,,0.0
8,22,6,,,,,,,,,0.0
8,22,6,,,,,,,,,0.0
8,22,6,,,,,,,,,0.0
8,23,6,,,,,,,,,0.0
8,23,6,,,,,,,,,0.0
8,23,6,,,,,,,,,0.0
8,23,6,,,,,,,,,0.0
8,24,6,,,,,,,,,0.0
8,24,6,,,,,,,,,0.0
8,24,6,,,,,,,,,0.0
8,24,6,,,,,,,,,0.0
8,1,7,,,,,,,,,0.0
8,1,7,,,,,,,,,0.0
8,1,7,,,,,,,,,0.0
8,1,7,,,,,,,,,0.0
8,2,7,,,,,,,,,0.0
8,2,7,,,,,,,,,0.0
8,2,7,,,,,,,,,0.0
8,2,7,,,,,,,,,0.0
8,3,7,,,,,,,,,0.0
8,3,7,,,,,,,,,0.0
8,3,7,,,,,,,,,0.0
8,3,7,,,,,,,,,0.0
8,4,7,,,,,,,,,0.0
8,4,7,,,,,,,,,0.0
8,4,7,,,,,,,,,0.0
8,4,7,,,,,,,,,0.0
8,5,7,,,,,,,,,0.0
8,5,7,,,,,,,,,0.0
8,5,7,,,,,,,,,0.0
8,5,7,,,,,,,,,0.0
8,6,7,,,,,,,,,0.0
8,6,7,,,,,,,,,0.0
8,6,7,,,,,,,,,0.0
8,6,7,,,,,,,,,0.0
8,7,7,,,,,,,,,0.0
8,7,7,,,,,,,,,0.0
8,7,7,,,,,,,,,0.0
8,7,7,,,,,,,,,0.0
8,8,7,,,,,,,,,0.0
8,8,7,,,,,,,,,0.0
8,8,7,,,,,,,,,0.04
8,8,7,,,,,,,,,0.205
8,9,7,,,,,,,,,0.4075
8,9,7,,,,,,,,,0.565
8,9,7,,,,,,,,,0.8025
8,9,7,,,,,,,,,1.0575
8,10,7,,,,,,,,,1.67
8,10,7,,,,,,,,,1.78
8,10,7,,,,,,,,,2.2375
8,10,7,,,,,,,,,3.0125
8,11,7,,,,,,,,,3.585
8,11,7,,,,,,,,,4.295
8,11,7,,,,,,,,,4.36
8,11,7,,,,,,,,,4.925
8,12,7,,,,,,,,,6.755
8,12,7,,,,,,,,,6.85
8,12,7,,,,,,,,,6.8775
8,12,7,,,,,,,,,7.165
8,13,7,,,,,,,,,7.365
8,13,7,,,,,,,,,6.0925
8,13,7,,,,,,,,,4.57
8,13,7,,,,,,,,,3.3975
8,14,7,,,,,,,,,1.3125
8,14,7,,,,,,,,,4.16
8,14,7,,,,,,,,,8.04
8,14,7,,,,,,,,,7.165
8,15,7,,,,,,,,,7.785
8,15,7,,,,,,,,,7.73
8,15,7,,,,,,,,,7.6025
8,15,7,,,,,,,,,7.5
8,16,7,,,,,,,,,7.33
8,16,7,,,,,,,,,6.8375
8,16,7,,,,,,,,,7.0425
8,16,7,,,,,,,,,5.49
8,17,7,,,,,,,,,3.7525
8,17,7,,,,,,,,,4.6975
8,17,7,,,,,,,,,4.74
8,17,7,,,,,,,,,3.5975
8,18,7,,,,,,,,,4.995
8,18,7,,,,,,,,,4.395
8,18,7,,,,,,,,,3.35
8,18,7,,,,,,,,,2.855
8,19,7,,,,,,,,,2.8525
8,19,7,,,,,,,,,1.775
8,19,7,,,,,,,,,1.9425
8,19,7,,,,,,,,,1.035
8,20,7,,,,,,,,,0.955
8,20,7,,,,,,,,,0.6
8,20,7,,,,,,,,,0.28
8,20,7,,,,,,,,,0.14
8,21,7,,,,,,,,,0.0925
8,21,7,,,,,,,,,0.015
8,21,7,,,,,,,,,0.0
8,21,7,,,,,,,,,0.0
8,22,7,,,,,,,,,0.0
8,22,7,,,,,,,,,0.0
8,22,7,,,,,,,,,0.0
8,22,7,,,,,,,,,0.0
8,23,7,,,,,,,,,0.0
8,23,7,,,,,,,,,0.0
8,23,7,,,,,,,,,0.0
8,23,7,,,,,,,,,0.0
8,24,7,,,,,,,,,0.0
8,24,7,,,,,,,,,0.0
8,24,7,,,,,,,,,0.0
8,24,7,,,,,,,,,0.0
9,1,1,,,,,,,,,0.0
9,1,1,,,,,,,,,0.0
9,1,1,,,,,,,,,0.0
9,1,1,,,,,,,,,0.0
9,2,1,,,,,,,,,0.0
9,2,1,,,,,,,,,0.0
9,2,1,,,,,,,,,0.0
9,2,1,,,,,,,,,0.0
9,3,1,,,,,,,,,0.0
9,3,1,,,,,,,,,0.0
9,3,1,,,,,,,,,0.0
9,3,1,,,,,,,,,0.0
9,4,1,,,,,,,,,0.0
9,4,1,,,,,,,,,0.0
9,4,1,,,,,,,,,0.0
9,4,1,,,,,,,,,0.0
9,5,1,,,,,,,,,0.0
9,5,1,,,,,,,,,0.0
9,5,1,,,,,,,,,0.0
9,5,1,,,,,,,,,0.0
9,6,1,,,,,,,,,0.0
9,6,1,,,,,,,,,0.0
9,6,1,,,,,,,,,0.0
9,6,1,,,,,,,,,0.0
9,7,1,,,,,,,,,0.0
9,7,1,,,,,,,,,0.0
9,7,1,,,,,,,,,0.0
9,7,1,,,,,,,,,0.0
9,8,1,,,,,,,,,0.0
9,8,1,,,,,,,,,0.0075
9,8,1,,,,,,,,,0.065
9,8,1,,,,,,,,,0.215
9,9,1,,,,,,,,,0.275
9,9,1,,,,,,,,,0.4825
9,9,1,,,,,,,,,0.8125
9,9,1,,,,,,,,,1.42
9,10,1,,,,,,,,,2.04
9,10,1,,,,,,,,,3.07
9,10,1,,,,,,,,,3.8825
9,10,1,,,,,,,,,4.41
9,11,1,,,,,,,,,3.405
9,11,1,,,,,,,,,2.935
9,11,1,,,,,,,,,5.155
9,11,1,,,,,,,,,6.09
9,12,1,,,,,,,,,6.52
9,12,1,,,,,,,,,6.5825
9,12,1,,,,,,,,,6.8175
9,12,1,,,,,,,,,7.165
9,13,1,,,,,,,,,7.3725
9,13,1,,,,,,,,,7.5225
9,13,1,,,,,,,,,7.665
9,13,1,,,,,,,,,6.7
9,14,1,,,,,,,,,6.815
9,14,1,,,,,,,,,7.565
9,14,1,,,,,,,,,7.81
9,14,1,,,,,,,,,7.8025
9,15,1,,,,,,,,,7.7925
9,15,1,,,,,,,,,7.7625
9,15,1,,,,,,,,,7.695
9,15,1,,,,,,,,,7.6
9,16,1,,,,,,,,,7.4375
9,16,1,,,,,,,,,7.2625
9,16,1,,,,,,,,,6.9925
9,16,1,,,,,,,,,6.125
9,17,1,,,,,,,,,5.55
9,17,1,,,,,,,,,4.9625
9,17,1,,,,,,,,,5.235
9,17,1,,,,,,,,,5.2575
9,18,1,,,,,,,,,4.505
9,18,1,,,,,,,,,4.0075
9,18,1,,,,,,,,,3.5025
9,18,1,,,,,,,,,2.7125
9,19,1,,,,,,,,,2.07
9,19,1,,,,,,,,,2.5675
9,19,1,,,,,,,,,2.2525
9,19,1,,,,,,,,,1.385
9,20,1,,,,,,,,,0.775
9,20,1,,,,,,,,,0.5075
9,20,1,,,,,,,,,0.295
9,20,1,,,,,,,,,0.225
9,21,1,,,,,,,,,0.105
9,21,1,,,,,,,,,0.005
9,21,1,,,,,,,,,0.0
9,21,1,,,,,,,,,0.0
9,22,1,,,,,,,,,0.0
9,22,1,,,,,,,,,0.0
9,22,1,,,,,,,,,0.0
9,22,1,,,,,,,,,0.0
9,23,1,,,,,,,,,0.0
9,23,1,,,,,,,,,0.0
9,23,1,,,,,,,,,0.0
9,23,1,,,,,,,,,0.0
9,24,1,,,,,,,,,0.0
9,24,1,,,,,,,,,0.0
9,24,1,,,,,,,,,0.0
9,24,1,,,,,,,,,0.0
9,1,2,,,,,,,,,0.0
9,1,2,,,,,,,,,0.0
9,1,2,,,,,,,,,0.0
9,1,2,,,,,,,,,0.0
9,2,2,,,,,,,,,0.0
9,2,2,,,,,,,,,0.0
9,2,2,,,,,,,,,0.0
9,2,2,,,,,,,,,0.0
9,3,2,,,,,,,,,0.0
9,3,2,,,,,,,,,0.0
9,3,2,,,,,,,,,0.0
9,3,2,,,,,,,,,0.0
9,4,2,,,,,,,,,0.0
9,4,2,,,,,,,,,0.0
9,4,2,,,,,,,,,0.0
9,4,2,,,,,,,,,0.0
9,5,2,,,,,,,,,0.0
9,5,2,,,,,,,,,0.0
9,5,2,,,,,,,,,0.0
9,5,2,,,,,,,,,0.0
9,6,2,,,,,,,,,0.0
9,6,2,,,,,,,,,0.0
9,6,2,,,,,,,,,0.0
9,6,2,,,,,,,,,0.0
9,7,2,,,,,,,,,0.0
9,7,2,,,,,,,,,0.0
9,7,2,,,,,,,,,0.0
9,7,2,,,,,,,,,0.0
9,8,2,,,,,,,,,0.0
9,8,2,,,,,,,,,0.0
9,8,2,,,,,,,,,0.045
9,8,2,,,,,,,,,0.09
9,9,2,,,,,,,,,0.17
9,9,2,,,,,,,,,0.2125
9,9,2,,,,,,,,,0.3825
9,9,2,,,,,,,,,0.445
9,10,2,,,,,,,,,0.57
9,10,2,,,,,,,,,0.9525
9,10,2,,,,,,,,,0.7
9,10,2,,,,,,,,,1.0025
9,11,2,,,,,,,,,1.02
9,11,2,,,,,,,,,1.07
9,11,2,,,,,,,,,1.84
9,11,2,,,,,,,,,2.2
9,12,2,,,,,,,,,2.0675
9,12,2,,,,,,,,,4.2425
9,12,2,,,,,,,,,4.345
9,12,2,,,,,,,,,4.0125
9,13,2,,,,,,,,,3.6125
9,13,2,,,,,,,,,3.91
9,13,2,,,,,,,,,5.075
9,13,2,,,,,,,,,4.835
9,14,2,,,,,,,,,4.6425
9,14,2,,,,,,,,,5.435
9,14,2,,,,,,,,,4.0
9,14,2,,,,,,,,,5.6975
9,15,2,,,,,,,,,5.235
9,15,2,,,,,,,,,5.685
9,15,2,,,,,,,,,5.665
9,15,2,,,,,,,,,6.455
9,16,2,,,,,,,,,6.7825
9,16,2,,,,,,,,,7.1675
9,16,2,,,,,,,,,7.0225
9,16,2,,,,,,,,,6.505
9,17,2,,,,,,,,,6.345
9,17,2,,,,,,,,,5.675
9,17,2,,,,,,,,,5.545
9,17,2,,,,,,,,,5.12
9,18,2,,,,,,,,,4.3425
9,18,2,,,,,,,,,4.54
9,18,2,,,,,,,,,3.8825
9,18,2,,,,,,,,,1.7325
9,19,2,,,,,,,,,2.07
9,19,2,,,,,,,,,2.0425
9,19,2,,,,,,,,,1.7025
9,19,2,,,,,,,,,1.2325
9,20,2,,,,,,,,,0.7875
9,20,2,,,,,,,,,0.495
9,20,2,,,,,,,,,0.3225
9,20,2,,,,,,,,,0.2075
9,21,2,,,,,,,,,0.08
9,21,2,,,,,,,,,0.005
9,21,2,,,,,,,,,0.0
9,21,2,,,,,,,,,0.0
9,22,2,,,,,,,,,0.0
9,22,2,,,,,,,,,0.0
9,22,2,,,,,,,,,0.0
9,22,2,,,,,,,,,0.0
9,23,2,,,,,,,,,0.0
9,23,2,,,,,,,,,0.0
9,23,2,,,,,,,,,0.0
9,23,2,,,,,,,,,0.0
9,24,2,,,,,,,,,0.0
9,24,2,,,,,,,,,0.0
9,24,2,,,,,,,,,0.0
9,24,2,,,,,,,,,0.0
9,1,3,,,,,,,,,0.0
9,1,3,,,,,,,,,0.0
9,1,3,,,,,,,,,0.0
9,1,3,,,,,,,,,0.0
9,2,3,,,,,,,,,0.0
9,2,3,,,,,,,,,0.0
9,2,3,,,,,,,,,0.0
9,2,3,,,,,,,,,0.0
9,3,3,,,,,,,,,0.0
9,3,3,,,,,,,,,0.0
9,3,3,,,,,,,,,0.0
9,3,3,,,,,,,,,0.0
9,4,3,,,,,,,,,0.0
9,4,3,,,,,,,,,0.0
9,4,3,,,,,,,,,0.0
9,4,3,,,,,,,,,0.0
9,5,3,,,,,,,,,0.0
9,5,3,,,,,,,,,0.0
9,5,3,,,,,,,,,0.0
9,5,3,,,,,,,,,0.0
9,6,3,,,,,,,,,0.0
9,6,3,,,,,,,,,0.0
9,6,3,,,,,,,,,0.0
9,6,3,,,,,,,,,0.0
9,7,3,,,,,,,,,0.0
9,7,3,,,,,,,,,0.0
9,7,3,,,,,,,,,0.0
9,7,3,,,,,,,,,0.0
9,8,3,,,,,,,,,0.0
9,8,3,,,,,,,,,0.0
9,8,3,,,,,,,,,0.0125
9,8,3,,,,,,,,,0.125
9,9,3,,,,,,,,,0.2425
9,9,3,,,,,,,,,0.53
9,9,3,,,,,,,,,1.025
9,9,3,,,,,,,,,0.665
9,10,3,,,,,,,,,1.22
9,10,3,,,,,,,,,2.12
9,10,3,,,,,,,,,2.075
9,10,3,,,,,,,,,2.24
9,11,3,,,,,,,,,2.97
9,11,3,,,,,,,,,2.0725
9,11,3,,,,,,,,,1.5525
9,11,3,,,,,,,,,1.585
9,12,3,,,,,,,,,3.2025
9,12,3,,,,,,,,,1.755
9,12,3,,,,,,,,,1.42
9,12,3,,,,,,,,,1.3725
9,13,3,,,,,,,,,1.7525
9,13,3,,,,,,,,,1.1675
9,13,3,,,,,,,,,1.7025
9,13,3,,,,,,,,,1.0975
9,14,3,,,,,,,,,0.48
9,14,3,,,,,,,,,1.09
9,14,3,,,,,,,,,1.38
9,14,3,,,,,,,,,1.6075
9,15,3,,,,,,,,,1.2775
9,15,3,,,,,,,,,1.73
9,15,3,,,,,,,,,1.6825
9,15,3,,,,,,,,,1.59
9,16,3,,,,,,,,,2.115
9,16,3,,,,,,,,,2.885
9,16,3,,,,,,,,,3.8075
9,16,3,,,,,,,,,3.47
9,17,3,,,,,,,,,3.6375
9,17,3,,,,,,,,,5.565
9,17,3,,,,,,,,,5.6975
9,17,3,,,,,,,,,5.375
9,18,3,,,,,,,,,3.965
9,18,3,,,,,,,,,4.115
9,18,3,,,,,,,,,3.425
9,18,3,,,,,,,,,3.63
9,19,3,,,,,,,,,2.795
9,19,3,,,,,,,,,2.2175
9,19,3,,,,,,,,,1.65
9,19,3,,,,,,,,,1.215
9,20,3,,,,,,,,,0.8475
9,20,3,,,,,,,,,0.595
9,20,3,,,,,,,,,0.3875
9,20,3,,,,,,,,,0.21
9,21,3,,,,,,,,,0.08
9,21,3,,,,,,,,,0.0025
9,21,3,,,,,,,,,0.0
9,21,3,,,,,,,,,0.0
9,22,3,,,,,,,,,0.0
9,22,3,,,,,,,,,0.0
9,22,3,,,,,,,,,0.0
9,22,3,,,,,,,,,0.0
9,23,3,,,,,,,,,0.0
9,23,3,,,,,,,,,0.0
9,23,3,,,,,,,,,0.0
9,23,3,,,,,,,,,0.0
9,24,3,,,,,,,,,0.0
9,24,3,,,,,,,,,0.0
9,24,3,,,,,,,,,0.0
9,24,3,,,,,,,,,0.0
9,1,4,,,,,,,,,0.0
9,1,4,,,,,,,,,0.0
9,1,4,,,,,,,,,0.0
9,1,4,,,,,,,,,0.0
9,2,4,,,,,,,,,0.0
9,2,4,,,,,,,,,0.0
9,2,4,,,,,,,,,0.0
9,2,4,,,,,,,,,0.0
9,3,4,,,,,,,,,0.0
9,3,4,,,,,,,,,0.0
9,3,4,,,,,,,,,0.0
9,3,4,,,,,,,,,0.0
9,4,4,,,,,,,,,0.0
9,4,4,,,,,,,,,0.0
9,4,4,,,,,,,,,0.0
9,4,4,,,,,,,,,0.0
9,5,4,,,,,,,,,0.0
9,5,4,,,,,,,,,0.0
9,5,4,,,,,,,,,0.0
9,5,4,,,,,,,,,0.0
9,6,4,,,,,,,,,0.0
9,6,4,,,,,,,,,0.0
9,6,4,,,,,,,,,0.0
9,6,4,,,,,,,,,0.0
9,7,4,,,,,,,,,0.0
9,7,4,,,,,,,,,0.0
9,7,4,,,,,,,,,0.0
9,7,4,,,,,,,,,0.0
9,8,4,,,,,,,,,0.0
9,8,4,,,,,,,,,0.0075
9,8,4,,,,,,,,,0.11
9,8,4,,,,,,,,,0.275
9,9,4,,,,,,,,,0.545
9,9,4,,,,,,,,,0.9175
9,9,4,,,,,,,,,1.4025
9,9,4,,,,,,,,,1.905
9,10,4,,,,,,,,,2.645
9,10,4,,,,,,,,,2.005
9,10,4,,,,,,,,,3.2825
9,10,4,,,,,,,,,4.025
9,11,4,,,,,,,,,4.4475
9,11,4,,,,,,,,,4.49
9,11,4,,,,,,,,,5.4425
9,11,4,,,,,,,,,5.765
9,12,4,,,,,,,,,6.075
9,12,4,,,,,,,,,6.105
9,12,4,,,,,,,,,6.86
9,12,4,,,,,,,,,7.0825
9,13,4,,,,,,,,,7.2975
9,13,4,,,,,,,,,7.4425
9,13,4,,,,,,,,,7.5675
9,13,4,,,,,,,,,7.71
9,14,4,,,,,,,,,7.77
9,14,4,,,,,,,,,7.8
9,14,4,,,,,,,,,7.81
9,14,4,,,,,,,,,7.825
9,15,4,,,,,,,,,7.4875
9,15,4,,,,,,,,,7.7625
9,15,4,,,,,,,,,7.655
9,15,4,,,,,,,,,7.5
9,16,4,,,,,,,,,7.3
9,16,4,,,,,,,,,7.0625
9,16,4,,,,,,,,,6.8225
9,16,4,,,,,,,,,6.5325
9,17,4,,,,,,,,,6.1775
9,17,4,,,,,,,,,5.835
9,17,4,,,,,,,,,5.4575
9,17,4,,,,,,,,,5.045
9,18,4,,,,,,,,,4.63
9,18,4,,,,,,,,,4.17
9,18,4,,,,,,,,,3.655
9,18,4,,,,,,,,,3.0875
9,19,4,,,,,,,,,2.59
9,19,4,,,,,,,,,2.215
9,19,4,,,,,,,,,1.6275
9,19,4,,,,,,,,,1.1675
9,20,4,,,,,,,,,0.75
9,20,4,,,,,,,,,0.5075
9,20,4,,,,,,,,,0.3225
9,20,4,,,,,,,,,0.1925
9,21,4,,,,,,,,,0.0625
9,21,4,,,,,,,,,0.0
9,21,4,,,,,,,,,0.0
9,21,4,,,,,,,,,0.0
9,22,4,,,,,,,,,0.0
9,22,4,,,,,,,,,0.0
9,22,4,,,,,,,,,0.0
9,22,4,,,,,,,,,0.0
9,23,4,,,,,,,,,0.0
9,23,4,,,,,,,,,0.0
9,23,4,,,,,,,,,0.0
9,23,4,,,,,,,,,0.0
9,24,4,,,,,,,,,0.0
9,24,4,,,,,,,,,0.0
9,24,4,,,,,,,,,0.0
9,24,4,,,,,,,,,0.0
9,1,5,,,,,,,,,0.0
9,1,5,,,,,,,,,0.0
9,1,5,,,,,,,,,0.0
9,1,5,,,,,,,,,0.0
9,2,5,,,,,,,,,0.0
9,2,5,,,,,,,,,0.0
9,2,5,,,,,,,,,0.0
9,2,5,,,,,,,,,0.0
9,3,5,,,,,,,,,0.0
9,3,5,,,,,,,,,0.0
9,3,5,,,,,,,,,0.0
9,3,5,,,,,,,,,0.0
9,4,5,,,,,,,,,0.0
9,4,5,,,,,,,,,0.0
9,4,5,,,,,,,,,0.0
9,4,5,,,,,,,,,0.0
9,5,5,,,,,,,,,0.0
9,5,5,,,,,,,,,0.0
9,5,5,,,,,,,,,0.0
9,5,5,,,,,,,,,0.0
9,6,5,,,,,,,,,0.0
9,6,5,,,,,,,,,0.0
9,6,5,,,,,,,,,0.0
9,6,5,,,,,,,,,0.0
9,7,5,,,,,,,,,0.0
9,7,5,,,,,,,,,0.0
9,7,5,,,,,,,,,0.0
9,7,5,,,,,,,,,0.0
9,8,5,,,,,,,,,0.0
9,8,5,,,,,,,,,0.005
9,8,5,,,,,,,,,0.0975
9,8,5,,,,,,,,,0.25
9,9,5,,,,,,,,,0.525
9,9,5,,,,,,,,,0.9275
9,9,5,,,,,,,,,1.4025
9,9,5,,,,,,,,,1.9475
9,10,5,,,,,,,,,2.525
9,10,5,,,,,,,,,3.105
9,10,5,,,,,,,,,3.4225
9,10,5,,,,,,,,,4.115
9,11,5,,,,,,,,,4.6925
9,11,5,,,,,,,,,5.1175
9,11,5,,,,,,,,,5.535
9,11,5,,,,,,,,,5.9525
9,12,5,,,,,,,,,6.335
9,12,5,,,,,,,,,6.675
9,12,5,,,,,,,,,6.935
9,12,5,,,,,,,,,7.255
9,13,5,,,,,,,,,7.51
9,13,5,,,,,,,,,7.6775
9,13,5,,,,,,,,,7.7725
9,13,5,,,,,,,,,7.825
9,14,5,,,,,,,,,7.8725
9,14,5,,,,,,,,,7.895
9,14,5,,,,,,,,,7.905
9,14,5,,,,,,,,,7.895
9,15,5,,,,,,,,,7.855
9,15,5,,,,,,,,,7.85
9,15,5,,,,,,,,,7.815
9,15,5,,,,,,,,,7.7525
9,16,5,,,,,,,,,7.5425
9,16,5,,,,,,,,,7.34
9,16,5,,,,,,,,,7.095
9,16,5,,,,,,,,,6.7375
9,17,5,,,,,,,,,6.445
9,17,5,,,,,,,,,6.055
9,17,5,,,,,,,,,5.695
9,17,5,,,,,,,,,5.29
9,18,5,,,,,,,,,4.83
9,18,5,,,,,,,,,4.325
9,18,5,,,,,,,,,3.8175
9,18,5,,,,,,,,,3.3
9,19,5,,,,,,,,,2.755
9,19,5,,,,,,,,,2.2175
9,19,5,,,,,,,,,1.6675
9,19,5,,,,,,,,,1.1725
9,20,5,,,,,,,,,0.72
9,20,5,,,,,,,,,0.355
9,20,5,,,,,,,,,0.235
9,20,5,,,,,,,,,0.145
9,21,5,,,,,,,,,0.0325
9,21,5,,,,,,,,,0.0
9,21,5,,,,,,,,,0.0
9,21,5,,,,,,,,,0.0
9,22,5,,,,,,,,,0.0
9,22,5,,,,,,,,,0.0
9,22,5,,,,,,,,,0.0
9,22,5,,,,,,,,,0.0
9,23,5,,,,,,,,,0.0
9,23,5,,,,,,,,,0.0
9,23,5,,,,,,,,,0.0
9,23,5,,,,,,,,,0.0
9,24,5,,,,,,,,,0.0
9,24,5,,,,,,,,,0.0
9,24,5,,,,,,,,,0.0
9,24,5,,,,,,,,,0.0
9,1,6,,,,,,,,,0.0
9,1,6,,,,,,,,,0.0
9,1,6,,,,,,,,,0.0
9,1,6,,,,,,,,,0.0
9,2,6,,,,,,,,,0.0
9,2,6,,,,,,,,,0.0
9,2,6,,,,,,,,,0.0
9,2,6,,,,,,,,,0.0
9,3,6,,,,,,,,,0.0
9,3,6,,,,,,,,,0.0
9,3,6,,,,,,,,,0.0
9,3,6,,,,,,,,,0.0
9,4,6,,,,,,,,,0.0
9,4,6,,,,,,,,,0.0
9,4,6,,,,,,,,,0.0
9,4,6,,,,,,,,,0.0
9,5,6,,,,,,,,,0.0
9,5,6,,,,,,,,,0.0
9,5,6,,,,,,,,,0.0
9,5,6,,,,,,,,,0.0
9,6,6,,,,,,,,,0.0
9,6,6,,,,,,,,,0.0
9,6,6,,,,,,,,,0.0
9,6,6,,,,,,,,,0.0
9,7,6,,,,,,,,,0.0
9,7,6,,,,,,,,,0.0
9,7,6,,,,,,,,,0.0
9,7,6,,,,,,,,,0.0
9,8,6,,,,,,,,,0.0
9,8,6,,,,,,,,,0.0
9,8,6,,,,,,,,,0.06
9,8,6,,,,,,,,,0.1325
9,9,6,,,,,,,,,0.2375
9,9,6,,,,,,,,,0.4925
9,9,6,,,,,,,,,0.795
9,9,6,,,,,,,,,1.06
9,10,6,,,,,,,,,1.4725
9,10,6,,,,,,,,,2.21
9,10,6,,,,,,,,,3.345
9,10,6,,,,,,,,,3.75
9,11,6,,,,,,,,,4.1
9,11,6,,,,,,,,,4.77
9,11,6,,,,,,,,,4.295
9,11,6,,,,,,,,,3.385
9,12,6,,,,,,,,,5.585
9,12,6,,,,,,,,,5.6725
9,12,6,,,,,,,,,5.7125
9,12,6,,,,,,,,,4.94
9,13,6,,,,,,,,,6.205
9,13,6,,,,,,,,,6.065
9,13,6,,,,,,,,,5.91
9,13,6,,,,,,,,,4.8025
9,14,6,,,,,,,,,4.635
9,14,6,,,,,,,,,4.73
9,14,6,,,,,,,,,5.765
9,14,6,,,,,,,,,6.955
9,15,6,,,,,,,,,7.9675
9,15,6,,,,,,,,,6.55
9,15,6,,,,,,,,,6.665
9,15,6,,,,,,,,,5.37
9,16,6,,,,,,,,,6.44
9,16,6,,,,,,,,,6.1125
9,16,6,,,,,,,,,4.39
9,16,6,,,,,,,,,4.025
9,17,6,,,,,,,,,3.5375
9,17,6,,,,,,,,,2.89
9,17,6,,,,,,,,,4.365
9,17,6,,,,,,,,,3.1025
9,18,6,,,,,,,,,2.205
9,18,6,,,,,,,,,2.08
9,18,6,,,,,,,,,2.935
9,18,6,,,,,,,,,1.5825
9,19,6,,,,,,,,,1.89
9,19,6,,,,,,,,,2.065
9,19,6,,,,,,,,,2.03
9,19,6,,,,,,,,,1.035
9,20,6,,,,,,,,,0.73
9,20,6,,,,,,,,,0.4575
9,20,6,,,,,,,,,0.2425
9,20,6,,,,,,,,,0.1275
9,21,6,,,,,,,,,0.0225
9,21,6,,,,,,,,,0.0
9,21,6,,,,,,,,,0.0
9,21,6,,,,,,,,,0.0
9,22,6,,,,,,,,,0.0
9,22,6,,,,,,,,,0.0
9,22,6,,,,,,,,,0.0
9,22,6,,,,,,,,,0.0
9,23,6,,,,,,,,,0.0
9,23,6,,,,,,,,,0.0
9,23,6,,,,,,,,,0.0
9,23,6,,,,,,,,,0.0
9,24,6,,,,,,,,,0.0
9,24,6,,,,,,,,,0.0
9,24,6,,,,,,,,,0.0
9,24,6,,,,,,,,,0.0
9,1,7,,,,,,,,,0.0
9,1,7,,,,,,,,,0.0
9,1,7,,,,,,,,,0.0
9,1,7,,,,,,,,,0.0
9,2,7,,,,,,,,,0.0
9,2,7,,,,,,,,,0.0
9,2,7,,,,,,,,,0.0
9,2,7,,,,,,,,,0.0
9,3,7,,,,,,,,,0.0
9,3,7,,,,,,,,,0.0
9,3,7,,,,,,,,,0.0
9,3,7,,,,,,,,,0.0
9,4,7,,,,,,,,,0.0
9,4,7,,,,,,,,,0.0
9,4,7,,,,,,,,,0.0
9,4,7,,,,,,,,,0.0
9,5,7,,,,,,,,,0.0
9,5,7,,,,,,,,,0.0
9,5,7,,,,,,,,,0.0
9,5,7,,,,,,,,,0.0
9,6,7,,,,,,,,,0.0
9,6,7,,,,,,,,,0.0
9,6,7,,,,,,,,,0.0
9,6,7,,,,,,,,,0.0
9,7,7,,,,,,,,,0.0
9,7,7,,,,,,,,,0.0
9,7,7,,,,,,,,,0.0
9,7,7,,,,,,,,,0.0
9,8,7,,,,,,,,,0.0
9,8,7,,,,,,,,,0.0
9,8,7,,,,,,,,,0.0
9,8,7,,,,,,,,,0.0
9,9,7,,,,,,,,,0.0
9,9,7,,,,,,,,,0.105
9,9,7,,,,,,,,,0.275
9,9,7,,,,,,,,,0.3275
9,10,7,,,,,,,,,0.3
9,10,7,,,,,,,,,0.26
9,10,7,,,,,,,,,0.2075
9,10,7,,,,,,,,,1.45
9,11,7,,,,,,,,,2.39
9,11,7,,,,,,,,,2.8875
9,11,7,,,,,,,,,3.43
9,11,7,,,,,,,,,3.73
9,12,7,,,,,,,,,2.8125
9,12,7,,,,,,,,,4.2575
9,12,7,,,,,,,,,7.215
9,12,7,,,,,,,,,6.7425
9,13,7,,,,,,,,,7.235
9,13,7,,,,,,,,,7.685
9,13,7,,,,,,,,,7.6875
9,13,7,,,,,,,,,7.7725
9,14,7,,,,,,,,,7.6425
9,14,7,,,,,,,,,6.9825
9,14,7,,,,,,,,,7.45
9,14,7,,,,,,,,,6.9775
9,15,7,,,,,,,,,7.76
9,15,7,,,,,,,,,7.755
9,15,7,,,,,,,,,7.8075
9,15,7,,,,,,,,,7.475
9,16,7,,,,,,,,,6.9425
9,16,7,,,,,,,,,7.3225
9,16,7,,,,,,,,,6.625
9,16,7,,,,,,,,,6.385
9,17,7,,,,,,,,,6.2925
9,17,7,,,,,,,,,5.5025
9,17,7,,,,,,,,,4.87
9,17,7,,,,,,,,,5.22
9,18,7,,,,,,,,,4.7125
9,18,7,,,,,,,,,4.29
9,18,7,,,,,,,,,3.7575
9,18,7,,,,,,,,,3.215
9,19,7,,,,,,,,,2.67
9,19,7,,,,,,,,,2.14
9,19,7,,,,,,,,,1.58
9,19,7,,,,,,,,,1.0675
9,20,7,,,,,,,,,0.6575
9,20,7,,,,,,,,,0.395
9,20,7,,,,,,,,,0.245
9,20,7,,,,,,,,,0.1225
9,21,7,,,,,,,,,0.025
9,21,7,,,,,,,,,0.0
9,21,7,,,,,,,,,0.0
9,21,7,,,,,,,,,0.0
9,22,7,,,,,,,,,0.0
9,22,7,,,,,,,,,0.0
9,22,7,,,,,,,,,0.0
9,22,7,,,,,,,,,0.0
9,23,7,,,,,,,,,0.0
9,23,7,,,,,,,,,0.0
9,23,7,,,,,,,,,0.0
9,23,7,,,,,,,,,0.0
9,24,7,,,,,,,,,0.0
9,24,7,,,,,,,,,0.0
9,24,7,,,,,,,,,0.0
9,24,7,,,,,,,,,0.0
9,1,1,,,,,,,,,0.0
9,1,1,,,,,,,,,0.0
9,1,1,,,,,,,,,0.0
9,1,1,,,,,,,,,0.0
9,2,1,,,,,,,,,0.0
9,2,1,,,,,,,,,0.0
9,2,1,,,,,,,,,0.0
9,2,1,,,,,,,,,0.0
9,3,1,,,,,,,,,0.0
9,3,1,,,,,,,,,0.0
9,3,1,,,,,,,,,0.0
9,3,1,,,,,,,,,0.0
9,4,1,,,,,,,,,0.0
9,4,1,,,,,,,,,0.0
9,4,1,,,,,,,,,0.0
9,4,1,,,,,,,,,0.0
9,5,1,,,,,,,,,0.0
9,5,1,,,,,,,,,0.0
9,5,1,,,,,,,,,0.0
9,5,1,,,,,,,,,0.0
9,6,1,,,,,,,,,0.0
9,6,1,,,,,,,,,0.0
9,6,1,,,,,,,,,0.0
9,6,1,,,,,,,,,0.0
9,7,1,,,,,,,,,0.0
9,7,1,,,,,,,,,0.0
9,7,1,,,,,,,,,0.0
9,7,1,,,,,,,,,0.0
9,8,1,,,,,,,,,0.0
9,8,1,,,,,,,,,0.0
9,8,1,,,,,,,,,0.06
9,8,1,,,,,,,,,0.21
9,9,1,,,,,,,,,0.52
9,9,1,,,,,,,,,0.945
9,9,1,,,,,,,,,1.4625
9,9,1,,,,,,,,,2.07
9,10,1,,,,,,,,,2.6675
9,10,1,,,,,,,,,3.2525
9,10,1,,,,,,,,,3.8075
9,10,1,,,,,,,,,4.3725
9,11,1,,,,,,,,,4.875
9,11,1,,,,,,,,,5.37
9,11,1,,,,,,,,,5.86
9,11,1,,,,,,,,,6.3775
9,12,1,,,,,,,,,6.9
9,12,1,,,,,,,,,6.9525
9,12,1,,,,,,,,,6.0225
9,12,1,,,,,,,,,6.375
9,13,1,,,,,,,,,7.81
9,13,1,,,,,,,,,7.865
9,13,1,,,,,,,,,7.8975
9,13,1,,,,,,,,,7.9375
9,14,1,,,,,,,,,7.9725
9,14,1,,,,,,,,,7.98
9,14,1,,,,,,,,,7.98
9,14,1,,,,,,,,,7.98
9,15,1,,,,,,,,,7.96
9,15,1,,,,,,,,,7.935
9,15,1,,,,,,,,,7.895
9,15,1,,,,,,,,,7.8225
9,16,1,,,,,,,,,7.75
9,16,1,,,,,,,,,7.515
9,16,1,,,,,,,,,7.2325
9,16,1,,,,,,,,,6.9525
9,17,1,,,,,,,,,6.625
9,17,1,,,,,,,,,6.235
9,17,1,,,,,,,,,5.8225
9,17,1,,,,,,,,,5.375
9,18,1,,,,,,,,,4.895
9,18,1,,,,,,,,,4.39
9,18,1,,,,,,,,,3.88
9,18,1,,,,,,,,,3.32
9,19,1,,,,,,,,,2.7625
9,19,1,,,,,,,,,2.21
9,19,1,,,,,,,,,1.62
9,19,1,,,,,,,,,1.0525
9,20,1,,,,,,,,,0.62
9,20,1,,,,,,,,,0.3425
9,20,1,,,,,,,,,0.2
9,20,1,,,,,,,,,0.105
9,21,1,,,,,,,,,0.0175
9,21,1,,,,,,,,,0.0
9,21,1,,,,,,,,,0.0
9,21,1,,,,,,,,,0.0
9,22,1,,,,,,,,,0.0
9,22,1,,,,,,,,,0.0
9,22,1,,,,,,,,,0.0
9,22,1,,,,,,,,,0.0
9,23,1,,,,,,,,,0.0
9,23,1,,,,,,,,,0.0
9,23,1,,,,,,,,,0.0
9,23,1,,,,,,,,,0.0
9,24,1,,,,,,,,,0.0
9,24,1,,,,,,,,,0.0
9,24,1,,,,,,,,,0.0
9,24,1,,,,,,,,,0.0
9,1,2,,,,,,,,,0.0
9,1,2,,,,,,,,,0.0
9,1,2,,,,,,,,,0.0
9,1,2,,,,,,,,,0.0
9,2,2,,,,,,,,,0.0
9,2,2,,,,,,,,,0.0
9,2,2,,,,,,,,,0.0
9,2,2,,,,,,,,,0.0
9,3,2,,,,,,,,,0.0
9,3,2,,,,,,,,,0.0
9,3,2,,,,,,,,,0.0
9,3,2,,,,,,,,,0.0
9,4,2,,,,,,,,,0.0
9,4,2,,,,,,,,,0.0
9,4,2,,,,,,,,,0.0
9,4,2,,,,,,,,,0.0
9,5,2,,,,,,,,,0.0
9,5,2,,,,,,,,,0.0
9,5,2,,,,,,,,,0.0
9,5,2,,,,,,,,,0.0
9,6,2,,,,,,,,,0.0
9,6,2,,,,,,,,,0.0
9,6,2,,,,,,,,,0.0
9,6,2,,,,,,,,,0.0
9,7,2,,,,,,,,,0.0
9,7,2,,,,,,,,,0.0
9,7,2,,,,,,,,,0.0
9,7,2,,,,,,,,,0.0
9,8,2,,,,,,,,,0.0
9,8,2,,,,,,,,,0.0
9,8,2,,,,,,,,,0.0475
9,8,2,,,,,,,,,0.21
9,9,2,,,,,,,,,0.4925
9,9,2,,,,,,,,,0.935
9,9,2,,,,,,,,,1.4675
9,9,2,,,,,,,,,2.23
9,10,2,,,,,,,,,2.555
9,10,2,,,,,,,,,2.8625
9,10,2,,,,,,,,,3.46
9,10,2,,,,,,,,,3.73
9,11,2,,,,,,,,,4.245
9,11,2,,,,,,,,,4.8925
9,11,2,,,,,,,,,5.5675
9,11,2,,,,,,,,,6.115
9,12,2,,,,,,,,,4.92
9,12,2,,,,,,,,,5.1375
9,12,2,,,,,,,,,5.525
9,12,2,,,,,,,,,5.8725
9,13,2,,,,,,,,,6.745
9,13,2,,,,,,,,,7.0675
9,13,2,,,,,,,,,7.325
9,13,2,,,,,,,,,7.8775
9,14,2,,,,,,,,,7.3275
9,14,2,,,,,,,,,6.58
9,14,2,,,,,,,,,5.545
9,14,2,,,,,,,,,3.9
9,15,2,,,,,,,,,4.795
9,15,2,,,,,,,,,4.775
9,15,2,,,,,,,,,4.2
9,15,2,,,,,,,,,2.7975
9,16,2,,,,,,,,,1.585
9,16,2,,,,,,,,,1.335
9,16,2,,,,,,,,,1.595
9,16,2,,,,,,,,,2.735
9,17,2,,,,,,,,,2.06
9,17,2,,,,,,,,,2.275
9,17,2,,,,,,,,,1.715
9,17,2,,,,,,,,,1.525
9,18,2,,,,,,,,,1.4875
9,18,2,,,,,,,,,1.4425
9,18,2,,,,,,,,,0.73
9,18,2,,,,,,,,,0.86
9,19,2,,,,,,,,,0.705
9,19,2,,,,,,,,,0.45
9,19,2,,,,,,,,,0.505
9,19,2,,,,,,,,,0.36
9,20,2,,,,,,,,,0.19
9,20,2,,,,,,,,,0.0625
9,20,2,,,,,,,,,0.005
9,20,2,,,,,,,,,0.0
9,21,2,,,,,,,,,0.0
9,21,2,,,,,,,,,0.0
9,21,2,,,,,,,,,0.0
9,21,2,,,,,,,,,0.0
9,22,2,,,,,,,,,0.0
9,22,2,,,,,,,,,0.0
9,22,2,,,,,,,,,0.0
9,22,2,,,,,,,,,0.0
9,23,2,,,,,,,,,0.0
9,23,2,,,,,,,,,0.0
9,23,2,,,,,,,,,0.0
9,23,2,,,,,,,,,0.0
9,24,2,,,,,,,,,0.0
9,24,2,,,,,,,,,0.0
9,24,2,,,,,,,,,0.0
9,24,2,,,,,,,,,0.0
9,1,3,,,,,,,,,0.0
9,1,3,,,,,,,,,0.0
9,1,3,,,,,,,,,0.0
9,1,3,,,,,,,,,0.0
9,2,3,,,,,,,,,0.0
9,2,3,,,,,,,,,0.0
9,2,3,,,,,,,,,0.0
9,2,3,,,,,,,,,0.0
9,3,3,,,,,,,,,0.0
9,3,3,,,,,,,,,0.0
9,3,3,,,,,,,,,0.0
9,3,3,,,,,,,,,0.0
9,4,3,,,,,,,,,0.0
9,4,3,,,,,,,,,0.0
9,4,3,,,,,,,,,0.0
9,4,3,,,,,,,,,0.0
9,5,3,,,,,,,,,0.0
9,5,3,,,,,,,,,0.0
9,5,3,,,,,,,,,0.0
9,5,3,,,,,,,,,0.0
9,6,3,,,,,,,,,0.0
9,6,3,,,,,,,,,0.0
9,6,3,,,,,,,,,0.0
9,6,3,,,,,,,,,0.0
9,7,3,,,,,,,,,0.0
9,7,3,,,,,,,,,0.0
9,7,3,,,,,,,,,0.0
9,7,3,,,,,,,,,0.0
9,8,3,,,,,,,,,0.0
9,8,3,,,,,,,,,0.0
9,8,3,,,,,,,,,0.0
9,8,3,,,,,,,,,0.03
9,9,3,,,,,,,,,0.0775
9,9,3,,,,,,,,,0.13
9,9,3,,,,,,,,,0.135
9,9,3,,,,,,,,,0.21
9,10,3,,,,,,,,,0.2375
9,10,3,,,,,,,,,0.4025
9,10,3,,,,,,,,,0.4375
9,10,3,,,,,,,,,0.3475
9,11,3,,,,,,,,,0.59
9,11,3,,,,,,,,,0.58
9,11,3,,,,,,,,,0.6725
9,11,3,,,,,,,,,0.7875
9,12,3,,,,,,,,,1.3825
9,12,3,,,,,,,,,1.3825
9,12,3,,,,,,,,,0.965
9,12,3,,,,,,,,,1.8025
9,13,3,,,,,,,,,1.805
9,13,3,,,,,,,,,1.8675
9,13,3,,,,,,,,,3.115
9,13,3,,,,,,,,,4.09
9,14,3,,,,,,,,,5.58
9,14,3,,,,,,,,,6.85
9,14,3,,,,,,,,,4.275
9,14,3,,,,,,,,,3.59
9,15,3,,,,,,,,,3.7325
9,15,3,,,,,,,,,4.3725
9,15,3,,,,,,,,,5.815
9,15,3,,,,,,,,,7.07
9,16,3,,,,,,,,,6.4575
9,16,3,,,,,,,,,6.745
9,16,3,,,,,,,,,6.695
9,16,3,,,,,,,,,6.19
9,17,3,,,,,,,,,3.645
9,17,3,,,,,,,,,4.1025
9,17,3,,,,,,,,,4.9225
9,17,3,,,,,,,,,4.7425
9,18,3,,,,,,,,,2.585
9,18,3,,,,,,,,,2.8675
9,18,3,,,,,,,,,3.425
9,18,3,,,,,,,,,1.81
9,19,3,,,,,,,,,1.125
9,19,3,,,,,,,,,0.625
9,19,3,,,,,,,,,0.715
9,19,3,,,,,,,,,0.72
9,20,3,,,,,,,,,0.6625
9,20,3,,,,,,,,,0.4725
9,20,3,,,,,,,,,0.2175
9,20,3,,,,,,,,,0.0875
9,21,3,,,,,,,,,0.01
9,21,3,,,,,,,,,0.0
9,21,3,,,,,,,,,0.0
9,21,3,,,,,,,,,0.0
9,22,3,,,,,,,,,0.0
9,22,3,,,,,,,,,0.0
9,22,3,,,,,,,,,0.0
9,22,3,,,,,,,,,0.0
9,23,3,,,,,,,,,0.0
9,23,3,,,,,,,,,0.0
9,23,3,,,,,,,,,0.0
9,23,3,,,,,,,,,0.0
9,24,3,,,,,,,,,0.0
9,24,3,,,,,,,,,0.0
9,24,3,,,,,,,,,0.0
9,24,3,,,,,,,,,0.0
9,1,4,,,,,,,,,0.0
9,1,4,,,,,,,,,0.0
9,1,4,,,,,,,,,0.0
9,1,4,,,,,,,,,0.0
9,2,4,,,,,,,,,0.0
9,2,4,,,,,,,,,0.0
9,2,4,,,,,,,,,0.0
9,2,4,,,,,,,,,0.0
9,3,4,,,,,,,,,0.0
9,3,4,,,,,,,,,0.0
9,3,4,,,,,,,,,0.0
9,3,4,,,,,,,,,0.0
9,4,4,,,,,,,,,0.0
9,4,4,,,,,,,,,0.0
9,4,4,,,,,,,,,0.0
9,4,4,,,,,,,,,0.0
9,5,4,,,,,,,,,0.0
9,5,4,,,,,,,,,0.0
9,5,4,,,,,,,,,0.0
9,5,4,,,,,,,,,0.0
9,6,4,,,,,,,,,0.0
9,6,4,,,,,,,,,0.0
9,6,4,,,,,,,,,0.0
9,6,4,,,,,,,,,0.0
9,7,4,,,,,,,,,0.0
9,7,4,,,,,,,,,0.0
9,7,4,,,,,,,,,0.0
9,7,4,,,,,,,,,0.0
9,8,4,,,,,,,,,0.0
9,8,4,,,,,,,,,0.0
9,8,4,,,,,,,,,0.035
9,8,4,,,,,,,,,0.2075
9,9,4,,,,,,,,,0.46
9,9,4,,,,,,,,,0.61
9,9,4,,,,,,,,,0.79
9,9,4,,,,,,,,,1.5875
9,10,4,,,,,,,,,1.0575
9,10,4,,,,,,,,,1.2725
9,10,4,,,,,,,,,1.565
9,10,4,,,,,,,,,1.655
9,11,4,,,,,,,,,2.11
9,11,4,,,,,,,,,2.27
9,11,4,,,,,,,,,2.365
9,11,4,,,,,,,,,2.285
9,12,4,,,,,,,,,2.36
9,12,4,,,,,,,,,2.6225
9,12,4,,,,,,,,,3.2925
9,12,4,,,,,,,,,3.62
9,13,4,,,,,,,,,4.715
9,13,4,,,,,,,,,5.5275
9,13,4,,,,,,,,,4.3125
9,13,4,,,,,,,,,3.17
9,14,4,,,,,,,,,4.3
9,14,4,,,,,,,,,4.08
9,14,4,,,,,,,,,4.1125
9,14,4,,,,,,,,,2.5275
9,15,4,,,,,,,,,2.805
9,15,4,,,,,,,,,3.245
9,15,4,,,,,,,,,2.8575
9,15,4,,,,,,,,,2.5525
9,16,4,,,,,,,,,2.4025
9,16,4,,,,,,,,,1.865
9,16,4,,,,,,,,,1.4275
9,16,4,,,,,,,,,1.5275
9,17,4,,,,,,,,,1.965
9,17,4,,,,,,,,,3.265
9,17,4,,,,,,,,,1.835
9,17,4,,,,,,,,,1.5025
9,18,4,,,,,,,,,1.2775
9,18,4,,,,,,,,,1.74
9,18,4,,,,,,,,,1.5125
9,18,4,,,,,,,,,1.2275
9,19,4,,,,,,,,,1.2525
9,19,4,,,,,,,,,0.895
9,19,4,,,,,,,,,0.7525
9,19,4,,,,,,,,,0.6425
9,20,4,,,,,,,,,0.62
9,20,4,,,,,,,,,0.3475
9,20,4,,,,,,,,,0.17
9,20,4,,,,,,,,,0.07
9,21,4,,,,,,,,,0.0025
9,21,4,,,,,,,,,0.0
9,21,4,,,,,,,,,0.0
9,21,4,,,,,,,,,0.0
9,22,4,,,,,,,,,0.0
9,22,4,,,,,,,,,0.0
9,22,4,,,,,,,,,0.0
9,22,4,,,,,,,,,0.0
9,23,4,,,,,,,,,0.0
9,23,4,,,,,,,,,0.0
9,23,4,,,,,,,,,0.0
9,23,4,,,,,,,,,0.0
9,24,4,,,,,,,,,0.0
9,24,4,,,,,,,,,0.0
9,24,4,,,,,,,,,0.0
9,24,4,,,,,,,,,0.0
9,1,5,,,,,,,,,0.0
9,1,5,,,,,,,,,0.0
9,1,5,,,,,,,,,0.0
9,1,5,,,,,,,,,0.0
9,2,5,,,,,,,,,0.0
9,2,5,,,,,,,,,0.0
9,2,5,,,,,,,,,0.0
9,2,5,,,,,,,,,0.0
9,3,5,,,,,,,,,0.0
9,3,5,,,,,,,,,0.0
9,3,5,,,,,,,,,0.0
9,3,5,,,,,,,,,0.0
9,4,5,,,,,,,,,0.0
9,4,5,,,,,,,,,0.0
9,4,5,,,,,,,,,0.0
9,4,5,,,,,,,,,0.0
9,5,5,,,,,,,,,0.0
9,5,5,,,,,,,,,0.0
9,5,5,,,,,,,,,0.0
9,5,5,,,,,,,,,0.0
9,6,5,,,,,,,,,0.0
9,6,5,,,,,,,,,0.0
9,6,5,,,,,,,,,0.0
9,6,5,,,,,,,,,0.0
9,7,5,,,,,,,,,0.0
9,7,5,,,,,,,,,0.0
9,7,5,,,,,,,,,0.0
9,7,5,,,,,,,,,0.0
9,8,5,,,,,,,,,0.0
9,8,5,,,,,,,,,0.0
9,8,5,,,,,,,,,0.0025
9,8,5,,,,,,,,,0.03
9,9,5,,,,,,,,,0.1225
9,9,5,,,,,,,,,0.33
9,9,5,,,,,,,,,0.725
9,9,5,,,,,,,,,1.3025
9,10,5,,,,,,,,,0.9525
9,10,5,,,,,,,,,2.36
9,10,5,,,,,,,,,2.775
9,10,5,,,,,,,,,1.4275
9,11,5,,,,,,,,,2.4275
9,11,5,,,,,,,,,2.82
9,11,5,,,,,,,,,2.9475
9,11,5,,,,,,,,,1.9675
9,12,5,,,,,,,,,3.9675
9,12,5,,,,,,,,,4.7125
9,12,5,,,,,,,,,7.165
9,12,5,,,,,,,,,5.2275
9,13,5,,,,,,,,,6.705
9,13,5,,,,,,,,,7.4125
9,13,5,,,,,,,,,7.655
9,13,5,,,,,,,,,6.78
9,14,5,,,,,,,,,7.55
9,14,5,,,,,,,,,7.745
9,14,5,,,,,,,,,7.725
9,14,5,,,,,,,,,7.7025
9,15,5,,,,,,,,,7.705
9,15,5,,,,,,,,,7.645
9,15,5,,,,,,,,,7.575
9,15,5,,,,,,,,,7.3975
9,16,5,,,,,,,,,7.1725
9,16,5,,,,,,,,,6.9875
9,16,5,,,,,,,,,6.5525
9,16,5,,,,,,,,,6.455
9,17,5,,,,,,,,,6.0675
9,17,5,,,,,,,,,5.6575
9,17,5,,,,,,,,,5.29
9,17,5,,,,,,,,,4.6725
9,18,5,,,,,,,,,4.4075
9,18,5,,,,,,,,,3.7575
9,18,5,,,,,,,,,2.21
9,18,5,,,,,,,,,1.945
9,19,5,,,,,,,,,1.585
9,19,5,,,,,,,,,1.4075
9,19,5,,,,,,,,,1.4225
9,19,5,,,,,,,,,1.0975
9,20,5,,,,,,,,,0.495
9,20,5,,,,,,,,,0.4475
9,20,5,,,,,,,,,0.2175
9,20,5,,,,,,,,,0.075
9,21,5,,,,,,,,,0.0
9,21,5,,,,,,,,,0.0
9,21,5,,,,,,,,,0.0
9,21,5,,,,,,,,,0.0
9,22,5,,,,,,,,,0.0
9,22,5,,,,,,,,,0.0
9,22,5,,,,,,,,,0.0
9,22,5,,,,,,,,,0.0
9,23,5,,,,,,,,,0.0
9,23,5,,,,,,,,,0.0
9,23,5,,,,,,,,,0.0
9,23,5,,,,,,,,,0.0
9,24,5,,,,,,,,,0.0
9,24,5,,,,,,,,,0.0
9,24,5,,,,,,,,,0.0
9,24,5,,,,,,,,,0.0
9,1,6,,,,,,,,,0.0
9,1,6,,,,,,,,,0.0
9,1,6,,,,,,,,,0.0
9,1,6,,,,,,,,,0.0
9,2,6,,,,,,,,,0.0
9,2,6,,,,,,,,,0.0
9,2,6,,,,,,,,,0.0
9,2,6,,,,,,,,,0.0
9,3,6,,,,,,,,,0.0
9,3,6,,,,,,,,,0.0
9,3,6,,,,,,,,,0.0
9,3,6,,,,,,,,,0.0
9,4,6,,,,,,,,,0.0
9,4,6,,,,,,,,,0.0
9,4,6,,,,,,,,,0.0
9,4,6,,,,,,,,,0.0
9,5,6,,,,,,,,,0.0
9,5,6,,,,,,,,,0.0
9,5,6,,,,,,,,,0.0
9,5,6,,,,,,,,,0.0
9,6,6,,,,,,,,,0.0
9,6,6,,,,,,,,,0.0
9,6,6,,,,,,,,,0.0
9,6,6,,,,,,,,,0.0
9,7,6,,,,,,,,,0.0
9,7,6,,,,,,,,,0.0
9,7,6,,,,,,,,,0.0
9,7,6,,,,,,,,,0.0
9,8,6,,,,,,,,,0.0
9,8,6,,,,,,,,,0.0
9,8,6,,,,,,,,,0.015
9,8,6,,,,,,,,,0.125
9,9,6,,,,,,,,,0.3125
9,9,6,,,,,,,,,0.685
9,9,6,,,,,,,,,1.125
9,9,6,,,,,,,,,1.4925
9,10,6,,,,,,,,,2.045
9,10,6,,,,,,,,,2.6175
9,10,6,,,,,,,,,3.2625
9,10,6,,,,,,,,,3.8825
9,11,6,,,,,,,,,4.375
9,11,6,,,,,,,,,4.965
9,11,6,,,,,,,,,5.2
9,11,6,,,,,,,,,5.645
9,12,6,,,,,,,,,5.98
9,12,6,,,,,,,,,6.0125
9,12,6,,,,,,,,,6.535
9,12,6,,,,,,,,,6.81
9,13,6,,,,,,,,,6.96
9,13,6,,,,,,,,,6.6
9,13,6,,,,,,,,,6.9975
9,13,6,,,,,,,,,7.28
9,14,6,,,,,,,,,7.5675
9,14,6,,,,,,,,,7.535
9,14,6,,,,,,,,,7.4575
9,14,6,,,,,,,,,7.4225
9,15,6,,,,,,,,,7.25
9,15,6,,,,,,,,,7.4175
9,15,6,,,,,,,,,7.225
9,15,6,,,,,,,,,7.2525
9,16,6,,,,,,,,,6.925
9,16,6,,,,,,,,,6.685
9,16,6,,,,,,,,,6.42
9,16,6,,,,,,,,,6.3225
9,17,6,,,,,,,,,6.0975
9,17,6,,,,,,,,,5.745
9,17,6,,,,,,,,,5.365
9,17,6,,,,,,,,,4.535
9,18,6,,,,,,,,,3.14
9,18,6,,,,,,,,,3.3925
9,18,6,,,,,,,,,2.2475
9,18,6,,,,,,,,,1.6325
9,19,6,,,,,,,,,1.905
9,19,6,,,,,,,,,1.1975
9,19,6,,,,,,,,,0.9125
9,19,6,,,,,,,,,0.6975
9,20,6,,,,,,,,,0.6275
9,20,6,,,,,,,,,0.2875
9,20,6,,,,,,,,,0.1575
9,20,6,,,,,,,,,0.0175
9,21,6,,,,,,,,,0.0
9,21,6,,,,,,,,,0.0
9,21,6,,,,,,,,,0.0
9,21,6,,,,,,,,,0.0
9,22,6,,,,,,,,,0.0
9,22,6,,,,,,,,,0.0
9,22,6,,,,,,,,,0.0
9,22,6,,,,,,,,,0.0
9,23,6,,,,,,,,,0.0
9,23,6,,,,,,,,,0.0
9,23,6,,,,,,,,,0.0
9,23,6,,,,,,,,,0.0
9,24,6,,,,,,,,,0.0
9,24,6,,,,,,,,,0.0
9,24,6,,,,,,,,,0.0
9,24,6,,,,,,,,,0.0
9,1,7,,,,,,,,,0.0
9,1,7,,,,,,,,,0.0
9,1,7,,,,,,,,,0.0
9,1,7,,,,,,,,,0.0
9,2,7,,,,,,,,,0.0
9,2,7,,,,,,,,,0.0
9,2,7,,,,,,,,,0.0
9,2,7,,,,,,,,,0.0
9,3,7,,,,,,,,,0.0
9,3,7,,,,,,,,,0.0
9,3,7,,,,,,,,,0.0
9,3,7,,,,,,,,,0.0
9,4,7,,,,,,,,,0.0
9,4,7,,,,,,,,,0.0
9,4,7,,,,,,,,,0.0
9,4,7,,,,,,,,,0.0
9,5,7,,,,,,,,,0.0
9,5,7,,,,,,,,,0.0
9,5,7,,,,,,,,,0.0
9,5,7,,,,,,,,,0.0
9,6,7,,,,,,,,,0.0
9,6,7,,,,,,,,,0.0
9,6,7,,,,,,,,,0.0
9,6,7,,,,,,,,,0.0
9,7,7,,,,,,,,,0.0
9,7,7,,,,,,,,,0.0
9,7,7,,,,,,,,,0.0
9,7,7,,,,,,,,,0.0
9,8,7,,,,,,,,,0.0
9,8,7,,,,,,,,,0.0
9,8,7,,,,,,,,,0.02
9,8,7,,,,,,,,,0.1575
9,9,7,,,,,,,,,0.28
9,9,7,,,,,,,,,0.4375
9,9,7,,,,,,,,,0.585
9,9,7,,,,,,,,,0.965
9,10,7,,,,,,,,,0.9775
9,10,7,,,,,,,,,1.0625
9,10,7,,,,,,,,,1.27
9,10,7,,,,,,,,,1.5825
9,11,7,,,,,,,,,2.1275
9,11,7,,,,,,,,,3.475
9,11,7,,,,,,,,,2.6825
9,11,7,,,,,,,,,4.88
9,12,7,,,,,,,,,6.4475
9,12,7,,,,,,,,,6.65
9,12,7,,,,,,,,,5.8375
9,12,7,,,,,,,,,7.8975
9,13,7,,,,,,,,,6.31
9,13,7,,,,,,,,,5.095
9,13,7,,,,,,,,,4.975
9,13,7,,,,,,,,,5.125
9,14,7,,,,,,,,,6.17
9,14,7,,,,,,,,,7.2
9,14,7,,,,,,,,,7.44
9,14,7,,,,,,,,,7.8175
9,15,7,,,,,,,,,7.7925
9,15,7,,,,,,,,,7.79
9,15,7,,,,,,,,,7.6725
9,15,7,,,,,,,,,7.3925
9,16,7,,,,,,,,,7.1175
9,16,7,,,,,,,,,7.045
9,16,7,,,,,,,,,7.0125
9,16,7,,,,,,,,,6.455
9,17,7,,,,,,,,,5.7875
9,17,7,,,,,,,,,4.545
9,17,7,,,,,,,,,5.105
9,17,7,,,,,,,,,4.75
9,18,7,,,,,,,,,4.445
9,18,7,,,,,,,,,4.0075
9,18,7,,,,,,,,,3.5225
9,18,7,,,,,,,,,3.0125
9,19,7,,,,,,,,,2.535
9,19,7,,,,,,,,,1.955
9,19,7,,,,,,,,,1.36
9,19,7,,,,,,,,,0.8325
9,20,7,,,,,,,,,0.4725
9,20,7,,,,,,,,,0.2625
9,20,7,,,,,,,,,0.135
9,20,7,,,,,,,,,0.035
9,21,7,,,,,,,,,0.0
9,21,7,,,,,,,,,0.0
9,21,7,,,,,,,,,0.0
9,21,7,,,,,,,,,0.0
9,22,7,,,,,,,,,0.0
9,22,7,,,,,,,,,0.0
9,22,7,,,,,,,,,0.0
9,22,7,,,,,,,,,0.0
9,23,7,,,,,,,,,0.0
9,23,7,,,,,,,,,0.0
9,23,7,,,,,,,,,0.0
9,23,7,,,,,,,,,0.0
9,24,7,,,,,,,,,0.0
9,24,7,,,,,,,,,0.0
9,24,7,,,,,,,,,0.0
9,24,7,,,,,,,,,0.0
9,1,1,,,,,,,,,0.0
9,1,1,,,,,,,,,0.0
9,1,1,,,,,,,,,0.0
9,1,1,,,,,,,,,0.0
9,2,1,,,,,,,,,0.0
9,2,1,,,,,,,,,0.0
9,2,1,,,,,,,,,0.0
9,2,1,,,,,,,,,0.0
9,3,1,,,,,,,,,0.0
9,3,1,,,,,,,,,0.0
9,3,1,,,,,,,,,0.0
9,3,1,,,,,,,,,0.0
9,4,1,,,,,,,,,0.0
9,4,1,,,,,,,,,0.0
9,4,1,,,,,,,,,0.0
9,4,1,,,,,,,,,0.0
9,5,1,,,,,,,,,0.0
9,5,1,,,,,,,,,0.0
9,5,1,,,,,,,,,0.0
9,5,1,,,,,,,,,0.0
9,6,1,,,,,,,,,0.0
9,6,1,,,,,,,,,0.0
9,6,1,,,,,,,,,0.0
9,6,1,,,,,,,,,0.0
9,7,1,,,,,,,,,0.0
9,7,1,,,,,,,,,0.0
9,7,1,,,,,,,,,0.0
9,7,1,,,,,,,,,0.0
9,8,1,,,,,,,,,0.0
9,8,1,,,,,,,,,0.0
9,8,1,,,,,,,,,0.0225
9,8,1,,,,,,,,,0.15
9,9,1,,,,,,,,,0.3725
9,9,1,,,,,,,,,0.77
9,9,1,,,,,,,,,1.275
9,9,1,,,,,,,,,1.825
9,10,1,,,,,,,,,2.48
9,10,1,,,,,,,,,3.06
9,10,1,,,,,,,,,3.555
9,10,1,,,,,,,,,3.445
9,11,1,,,,,,,,,2.2475
9,11,1,,,,,,,,,3.21
9,11,1,,,,,,,,,3.855
9,11,1,,,,,,,,,5.3875
9,12,1,,,,,,,,,6.215
9,12,1,,,,,,,,,5.54
9,12,1,,,,,,,,,7.0425
9,12,1,,,,,,,,,7.25
9,13,1,,,,,,,,,7.55
9,13,1,,,,,,,,,7.72
9,13,1,,,,,,,,,7.81
9,13,1,,,,,,,,,7.8425
9,14,1,,,,,,,,,7.885
9,14,1,,,,,,,,,7.92
9,14,1,,,,,,,,,7.9025
9,14,1,,,,,,,,,7.885
9,15,1,,,,,,,,,7.9
9,15,1,,,,,,,,,7.8675
9,15,1,,,,,,,,,7.8275
9,15,1,,,,,,,,,7.7375
9,16,1,,,,,,,,,7.505
9,16,1,,,,,,,,,7.34
9,16,1,,,,,,,,,7.0625
9,16,1,,,,,,,,,6.76
9,17,1,,,,,,,,,6.41
9,17,1,,,,,,,,,6.0375
9,17,1,,,,,,,,,5.62
9,17,1,,,,,,,,,5.135
9,18,1,,,,,,,,,4.655
9,18,1,,,,,,,,,4.1175
9,18,1,,,,,,,,,3.58
9,18,1,,,,,,,,,3.0425
9,19,1,,,,,,,,,2.5425
9,19,1,,,,,,,,,1.965
9,19,1,,,,,,,,,1.35
9,19,1,,,,,,,,,0.82
9,20,1,,,,,,,,,0.4775
9,20,1,,,,,,,,,0.265
9,20,1,,,,,,,,,0.15
9,20,1,,,,,,,,,0.0425
9,21,1,,,,,,,,,0.0
9,21,1,,,,,,,,,0.0
9,21,1,,,,,,,,,0.0
9,21,1,,,,,,,,,0.0
9,22,1,,,,,,,,,0.0
9,22,1,,,,,,,,,0.0
9,22,1,,,,,,,,,0.0
9,22,1,,,,,,,,,0.0
9,23,1,,,,,,,,,0.0
9,23,1,,,,,,,,,0.0
9,23,1,,,,,,,,,0.0
9,23,1,,,,,,,,,0.0
9,24,1,,,,,,,,,0.0
9,24,1,,,,,,,,,0.0
9,24,1,,,,,,,,,0.0
9,24,1,,,,,,,,,0.0
9,1,2,,,,,,,,,0.0
9,1,2,,,,,,,,,0.0
9,1,2,,,,,,,,,0.0
9,1,2,,,,,,,,,0.0
9,2,2,,,,,,,,,0.0
9,2,2,,,,,,,,,0.0
9,2,2,,,,,,,,,0.0
9,2,2,,,,,,,,,0.0
9,3,2,,,,,,,,,0.0
9,3,2,,,,,,,,,0.0
9,3,2,,,,,,,,,0.0
9,3,2,,,,,,,,,0.0
9,4,2,,,,,,,,,0.0
9,4,2,,,,,,,,,0.0
9,4,2,,,,,,,,,0.0
9,4,2,,,,,,,,,0.0
9,5,2,,,,,,,,,0.0
9,5,2,,,,,,,,,0.0
9,5,2,,,,,,,,,0.0
9,5,2,,,,,,,,,0.0
9,6,2,,,,,,,,,0.0
9,6,2,,,,,,,,,0.0
9,6,2,,,,,,,,,0.0
9,6,2,,,,,,,,,0.0
9,7,2,,,,,,,,,0.0
9,7,2,,,,,,,,,0.0
9,7,2,,,,,,,,,0.0
9,7,2,,,,,,,,,0.0
9,8,2,,,,,,,,,0.0
9,8,2,,,,,,,,,0.0
9,8,2,,,,,,,,,0.025
9,8,2,,,,,,,,,0.1725
9,9,2,,,,,,,,,0.3775
9,9,2,,,,,,,,,0.805
9,9,2,,,,,,,,,1.29
9,9,2,,,,,,,,,1.855
9,10,2,,,,,,,,,2.5125
9,10,2,,,,,,,,,3.1375
9,10,2,,,,,,,,,3.6925
9,10,2,,,,,,,,,4.2475
9,11,2,,,,,,,,,4.6875
9,11,2,,,,,,,,,5.1775
9,11,2,,,,,,,,,5.635
9,11,2,,,,,,,,,6.06
9,12,2,,,,,,,,,6.53
9,12,2,,,,,,,,,6.915
9,12,2,,,,,,,,,7.2125
9,12,2,,,,,,,,,7.4475
9,13,2,,,,,,,,,7.6325
9,13,2,,,,,,,,,7.765
9,13,2,,,,,,,,,7.8325
9,13,2,,,,,,,,,7.8725
9,14,2,,,,,,,,,7.915
9,14,2,,,,,,,,,7.9475
9,14,2,,,,,,,,,7.9475
9,14,2,,,,,,,,,7.9375
9,15,2,,,,,,,,,7.88
9,15,2,,,,,,,,,7.8725
9,15,2,,,,,,,,,7.8125
9,15,2,,,,,,,,,7.755
9,16,2,,,,,,,,,7.5725
9,16,2,,,,,,,,,7.39
9,16,2,,,,,,,,,7.1125
9,16,2,,,,,,,,,6.82
9,17,2,,,,,,,,,6.455
9,17,2,,,,,,,,,6.0625
9,17,2,,,,,,,,,5.64
9,17,2,,,,,,,,,5.1975
9,18,2,,,,,,,,,4.72
9,18,2,,,,,,,,,4.225
9,18,2,,,,,,,,,3.6875
9,18,2,,,,,,,,,3.135
9,19,2,,,,,,,,,2.56
9,19,2,,,,,,,,,1.975
9,19,2,,,,,,,,,1.345
9,19,2,,,,,,,,,0.805
9,20,2,,,,,,,,,0.455
9,20,2,,,,,,,,,0.2425
9,20,2,,,,,,,,,0.125
9,20,2,,,,,,,,,0.03
9,21,2,,,,,,,,,0.0
9,21,2,,,,,,,,,0.0
9,21,2,,,,,,,,,0.0
9,21,2,,,,,,,,,0.0
9,22,2,,,,,,,,,0.0
9,22,2,,,,,,,,,0.0
9,22,2,,,,,,,,,0.0
9,22,2,,,,,,,,,0.0
9,23,2,,,,,,,,,0.0
9,23,2,,,,,,,,,0.0
9,23,2,,,,,,,,,0.0
9,23,2,,,,,,,,,0.0
9,24,2,,,,,,,,,0.0
9,24,2,,,,,,,,,0.0
9,24,2,,,,,,,,,0.0
9,24,2,,,,,,,,,0.0
9,1,3,,,,,,,,,0.0
9,1,3,,,,,,,,,0.0
9,1,3,,,,,,,,,0.0
9,1,3,,,,,,,,,0.0
9,2,3,,,,,,,,,0.0
9,2,3,,,,,,,,,0.0
9,2,3,,,,,,,,,0.0
9,2,3,,,,,,,,,0.0
9,3,3,,,,,,,,,0.0
9,3,3,,,,,,,,,0.0
9,3,3,,,,,,,,,0.0
9,3,3,,,,,,,,,0.0
9,4,3,,,,,,,,,0.0
9,4,3,,,,,,,,,0.0
9,4,3,,,,,,,,,0.0
9,4,3,,,,,,,,,0.0
9,5,3,,,,,,,,,0.0
9,5,3,,,,,,,,,0.0
9,5,3,,,,,,,,,0.0
9,5,3,,,,,,,,,0.0
9,6,3,,,,,,,,,0.0
9,6,3,,,,,,,,,0.0
9,6,3,,,,,,,,,0.0
9,6,3,,,,,,,,,0.0
9,7,3,,,,,,,,,0.0
9,7,3,,,,,,,,,0.0
9,7,3,,,,,,,,,0.0
9,7,3,,,,,,,,,0.0
9,8,3,,,,,,,,,0.0
9,8,3,,,,,,,,,0.0
9,8,3,,,,,,,,,0.015
9,8,3,,,,,,,,,0.1325
9,9,3,,,,,,,,,0.325
9,9,3,,,,,,,,,0.715
9,9,3,,,,,,,,,1.27
9,9,3,,,,,,,,,1.8625
9,10,3,,,,,,,,,2.0175
9,10,3,,,,,,,,,2.06
9,10,3,,,,,,,,,2.4625
9,10,3,,,,,,,,,3.22
9,11,3,,,,,,,,,3.49
9,11,3,,,,,,,,,4.78
9,11,3,,,,,,,,,5.59
9,11,3,,,,,,,,,6.005
9,12,3,,,,,,,,,6.415
9,12,3,,,,,,,,,6.76
9,12,3,,,,,,,,,6.7425
9,12,3,,,,,,,,,6.355
9,13,3,,,,,,,,,6.1825
9,13,3,,,,,,,,,6.135
9,13,3,,,,,,,,,5.9475
9,13,3,,,,,,,,,6.435
9,14,3,,,,,,,,,7.1425
9,14,3,,,,,,,,,7.625
9,14,3,,,,,,,,,7.815
9,14,3,,,,,,,,,7.81
9,15,3,,,,,,,,,7.7975
9,15,3,,,,,,,,,7.7925
9,15,3,,,,,,,,,7.7575
9,15,3,,,,,,,,,7.6225
9,16,3,,,,,,,,,7.4
9,16,3,,,,,,,,,7.155
9,16,3,,,,,,,,,6.905
9,16,3,,,,,,,,,6.615
9,17,3,,,,,,,,,6.3075
9,17,3,,,,,,,,,5.97
9,17,3,,,,,,,,,5.56
9,17,3,,,,,,,,,5.125
9,18,3,,,,,,,,,4.6375
9,18,3,,,,,,,,,4.13
9,18,3,,,,,,,,,3.6
9,18,3,,,,,,,,,3.06
9,19,3,,,,,,,,,2.5025
9,19,3,,,,,,,,,1.9125
9,19,3,,,,,,,,,1.2925
9,19,3,,,,,,,,,0.7625
9,20,3,,,,,,,,,0.4275
9,20,3,,,,,,,,,0.225
9,20,3,,,,,,,,,0.1125
9,20,3,,,,,,,,,0.025
9,21,3,,,,,,,,,0.0
9,21,3,,,,,,,,,0.0
9,21,3,,,,,,,,,0.0
9,21,3,,,,,,,,,0.0
9,22,3,,,,,,,,,0.0
9,22,3,,,,,,,,,0.0
9,22,3,,,,,,,,,0.0
9,22,3,,,,,,,,,0.0
9,23,3,,,,,,,,,0.0
9,23,3,,,,,,,,,0.0
9,23,3,,,,,,,,,0.0
9,23,3,,,,,,,,,0.0
9,24,3,,,,,,,,,0.0
9,24,3,,,,,,,,,0.0
9,24,3,,,,,,,,,0.0
9,24,3,,,,,,,,,0.0
9,1,4,,,,,,,,,0.0
9,1,4,,,,,,,,,0.0
9,1,4,,,,,,,,,0.0
9,1,4,,,,,,,,,0.0
9,2,4,,,,,,,,,0.0
9,2,4,,,,,,,,,0.0
9,2,4,,,,,,,,,0.0
9,2,4,,,,,,,,,0.0
9,3,4,,,,,,,,,0.0
9,3,4,,,,,,,,,0.0
9,3,4,,,,,,,,,0.0
9,3,4,,,,,,,,,0.0
9,4,4,,,,,,,,,0.0
9,4,4,,,,,,,,,0.0
9,4,4,,,,,,,,,0.0
9,4,4,,,,,,,,,0.0
9,5,4,,,,,,,,,0.0
9,5,4,,,,,,,,,0.0
9,5,4,,,,,,,,,0.0
9,5,4,,,,,,,,,0.0
9,6,4,,,,,,,,,0.0
9,6,4,,,,,,,,,0.0
9,6,4,,,,,,,,,0.0
9,6,4,,,,,,,,,0.0
9,7,4,,,,,,,,,0.0
9,7,4,,,,,,,,,0.0
9,7,4,,,,,,,,,0.0
9,7,4,,,,,,,,,0.0
9,8,4,,,,,,,,,0.0
9,8,4,,,,,,,,,0.0
9,8,4,,,,,,,,,0.0075
9,8,4,,,,,,,,,0.165
9,9,4,,,,,,,,,0.39
9,9,4,,,,,,,,,0.825
9,9,4,,,,,,,,,1.325
9,9,4,,,,,,,,,1.6475
9,10,4,,,,,,,,,2.6
9,10,4,,,,,,,,,2.895
9,10,4,,,,,,,,,3.455
9,10,4,,,,,,,,,3.52
9,11,4,,,,,,,,,4.2075
9,11,4,,,,,,,,,4.84
9,11,4,,,,,,,,,5.8125
9,11,4,,,,,,,,,5.8725
9,12,4,,,,,,,,,6.6825
9,12,4,,,,,,,,,4.87
9,12,4,,,,,,,,,3.0
9,12,4,,,,,,,,,2.365
9,13,4,,,,,,,,,2.565
9,13,4,,,,,,,,,3.4375
9,13,4,,,,,,,,,3.115
9,13,4,,,,,,,,,3.695
9,14,4,,,,,,,,,5.2325
9,14,4,,,,,,,,,6.065
9,14,4,,,,,,,,,6.3
9,14,4,,,,,,,,,3.85
9,15,4,,,,,,,,,2.9075
9,15,4,,,,,,,,,2.74
9,15,4,,,,,,,,,1.56
9,15,4,,,,,,,,,1.2225
9,16,4,,,,,,,,,1.7125
9,16,4,,,,,,,,,1.625
9,16,4,,,,,,,,,1.0425
9,16,4,,,,,,,,,1.3025
9,17,4,,,,,,,,,3.82
9,17,4,,,,,,,,,2.5425
9,17,4,,,,,,,,,2.6625
9,17,4,,,,,,,,,4.685
9,18,4,,,,,,,,,1.9825
9,18,4,,,,,,,,,4.315
9,18,4,,,,,,,,,3.68
9,18,4,,,,,,,,,3.3025
9,19,4,,,,,,,,,2.455
9,19,4,,,,,,,,,1.695
9,19,4,,,,,,,,,1.5075
9,19,4,,,,,,,,,1.145
9,20,4,,,,,,,,,0.6375
9,20,4,,,,,,,,,0.325
9,20,4,,,,,,,,,0.125
9,20,4,,,,,,,,,0.015
9,21,4,,,,,,,,,0.0
9,21,4,,,,,,,,,0.0
9,21,4,,,,,,,,,0.0
9,21,4,,,,,,,,,0.0
9,22,4,,,,,,,,,0.0
9,22,4,,,,,,,,,0.0
9,22,4,,,,,,,,,0.0
9,22,4,,,,,,,,,0.0
9,23,4,,,,,,,,,0.0
9,23,4,,,,,,,,,0.0
9,23,4,,,,,,,,,0.0
9,23,4,,,,,,,,,0.0
9,24,4,,,,,,,,,0.0
9,24,4,,,,,,,,,0.0
9,24,4,,,,,,,,,0.0
9,24,4,,,,,,,,,0.0
9,1,5,,,,,,,,,0.0
9,1,5,,,,,,,,,0.0
9,1,5,,,,,,,,,0.0
9,1,5,,,,,,,,,0.0
9,2,5,,,,,,,,,0.0
9,2,5,,,,,,,,,0.0
9,2,5,,,,,,,,,0.0
9,2,5,,,,,,,,,0.0
9,3,5,,,,,,,,,0.0
9,3,5,,,,,,,,,0.0
9,3,5,,,,,,,,,0.0
9,3,5,,,,,,,,,0.0
9,4,5,,,,,,,,,0.0
9,4,5,,,,,,,,,0.0
9,4,5,,,,,,,,,0.0
9,4,5,,,,,,,,,0.0
9,5,5,,,,,,,,,0.0
9,5,5,,,,,,,,,0.0
9,5,5,,,,,,,,,0.0
9,5,5,,,,,,,,,0.0
9,6,5,,,,,,,,,0.0
9,6,5,,,,,,,,,0.0
9,6,5,,,,,,,,,0.0
9,6,5,,,,,,,,,0.0
9,7,5,,,,,,,,,0.0
9,7,5,,,,,,,,,0.0
9,7,5,,,,,,,,,0.0
9,7,5,,,,,,,,,0.0
9,8,5,,,,,,,,,0.0
9,8,5,,,,,,,,,0.0
9,8,5,,,,,,,,,0.005
9,8,5,,,,,,,,,0.11
9,9,5,,,,,,,,,0.285
9,9,5,,,,,,,,,0.5725
9,9,5,,,,,,,,,1.02
9,9,5,,,,,,,,,1.6125
9,10,5,,,,,,,,,2.23
9,10,5,,,,,,,,,2.73
9,10,5,,,,,,,,,3.24
9,10,5,,,,,,,,,3.7325
9,11,5,,,,,,,,,4.26
9,11,5,,,,,,,,,4.785
9,11,5,,,,,,,,,5.19
9,11,5,,,,,,,,,5.6525
9,12,5,,,,,,,,,4.84
9,12,5,,,,,,,,,2.795
9,12,5,,,,,,,,,3.56
9,12,5,,,,,,,,,3.2475
9,13,5,,,,,,,,,3.53
9,13,5,,,,,,,,,4.4375
9,13,5,,,,,,,,,5.515
9,13,5,,,,,,,,,7.1425
9,14,5,,,,,,,,,6.7375
9,14,5,,,,,,,,,6.2075
9,14,5,,,,,,,,,5.3125
9,14,5,,,,,,,,,5.525
9,15,5,,,,,,,,,7.065
9,15,5,,,,,,,,,7.07
9,15,5,,,,,,,,,5.1675
9,15,5,,,,,,,,,5.5225
9,16,5,,,,,,,,,6.26
9,16,5,,,,,,,,,6.6725
9,16,5,,,,,,,,,5.045
9,16,5,,,,,,,,,6.1475
9,17,5,,,,,,,,,5.7125
9,17,5,,,,,,,,,4.53
9,17,5,,,,,,,,,2.7925
9,17,5,,,,,,,,,2.4975
9,18,5,,,,,,,,,2.4675
9,18,5,,,,,,,,,2.8925
9,18,5,,,,,,,,,1.9675
9,18,5,,,,,,,,,1.44
9,19,5,,,,,,,,,0.9525
9,19,5,,,,,,,,,0.885
9,19,5,,,,,,,,,1.0075
9,19,5,,,,,,,,,0.6575
9,20,5,,,,,,,,,0.72
9,20,5,,,,,,,,,0.4825
9,20,5,,,,,,,,,0.1775
9,20,5,,,,,,,,,0.015
9,21,5,,,,,,,,,0.0
9,21,5,,,,,,,,,0.0
9,21,5,,,,,,,,,0.0
9,21,5,,,,,,,,,0.0
9,22,5,,,,,,,,,0.0
9,22,5,,,,,,,,,0.0
9,22,5,,,,,,,,,0.0
9,22,5,,,,,,,,,0.0
9,23,5,,,,,,,,,0.0
9,23,5,,,,,,,,,0.0
9,23,5,,,,,,,,,0.0
9,23,5,,,,,,,,,0.0
9,24,5,,,,,,,,,0.0
9,24,5,,,,,,,,,0.0
9,24,5,,,,,,,,,0.0
9,24,5,,,,,,,,,0.0
9,1,6,,,,,,,,,0.0
9,1,6,,,,,,,,,0.0
9,1,6,,,,,,,,,0.0
9,1,6,,,,,,,,,0.0
9,2,6,,,,,,,,,0.0
9,2,6,,,,,,,,,0.0
9,2,6,,,,,,,,,0.0
9,2,6,,,,,,,,,0.0
9,3,6,,,,,,,,,0.0
9,3,6,,,,,,,,,0.0
9,3,6,,,,,,,,,0.0
9,3,6,,,,,,,,,0.0
9,4,6,,,,,,,,,0.0
9,4,6,,,,,,,,,0.0
9,4,6,,,,,,,,,0.0
9,4,6,,,,,,,,,0.0
9,5,6,,,,,,,,,0.0
9,5,6,,,,,,,,,0.0
9,5,6,,,,,,,,,0.0
9,5,6,,,,,,,,,0.0
9,6,6,,,,,,,,,0.0
9,6,6,,,,,,,,,0.0
9,6,6,,,,,,,,,0.0
9,6,6,,,,,,,,,0.0
9,7,6,,,,,,,,,0.0
9,7,6,,,,,,,,,0.0
9,7,6,,,,,,,,,0.0
9,7,6,,,,,,,,,0.0
9,8,6,,,,,,,,,0.0
9,8,6,,,,,,,,,0.0
9,8,6,,,,,,,,,0.0
9,8,6,,,,,,,,,0.0
9,9,6,,,,,,,,,0.005
9,9,6,,,,,,,,,0.165
9,9,6,,,,,,,,,0.3325
9,9,6,,,,,,,,,0.06
9,10,6,,,,,,,,,0.03
9,10,6,,,,,,,,,0.085
9,10,6,,,,,,,,,0.185
9,10,6,,,,,,,,,0.27
9,11,6,,,,,,,,,0.36
9,11,6,,,,,,,,,0.525
9,11,6,,,,,,,,,0.585
9,11,6,,,,,,,,,0.6725
9,12,6,,,,,,,,,0.87
9,12,6,,,,,,,,,1.2075
9,12,6,,,,,,,,,1.455
9,12,6,,,,,,,,,1.67
9,13,6,,,,,,,,,1.96
9,13,6,,,,,,,,,1.315
9,13,6,,,,,,,,,1.6925
9,13,6,,,,,,,,,1.89
9,14,6,,,,,,,,,2.6825
9,14,6,,,,,,,,,3.975
9,14,6,,,,,,,,,2.98
9,14,6,,,,,,,,,3.0925
9,15,6,,,,,,,,,3.435
9,15,6,,,,,,,,,2.9475
9,15,6,,,,,,,,,2.875
9,15,6,,,,,,,,,3.2
9,16,6,,,,,,,,,3.2225
9,16,6,,,,,,,,,3.7225
9,16,6,,,,,,,,,5.5275
9,16,6,,,,,,,,,6.0875
9,17,6,,,,,,,,,6.155
9,17,6,,,,,,,,,5.6975
9,17,6,,,,,,,,,5.3025
9,17,6,,,,,,,,,4.92
9,18,6,,,,,,,,,4.455
9,18,6,,,,,,,,,3.9375
9,18,6,,,,,,,,,3.405
9,18,6,,,,,,,,,2.92
9,19,6,,,,,,,,,2.395
9,19,6,,,,,,,,,1.8075
9,19,6,,,,,,,,,1.195
9,19,6,,,,,,,,,0.685
9,20,6,,,,,,,,,0.3725
9,20,6,,,,,,,,,0.185
9,20,6,,,,,,,,,0.0825
9,20,6,,,,,,,,,0.0075
9,21,6,,,,,,,,,0.0
9,21,6,,,,,,,,,0.0
9,21,6,,,,,,,,,0.0
9,21,6,,,,,,,,,0.0
9,22,6,,,,,,,,,0.0
9,22,6,,,,,,,,,0.0
9,22,6,,,,,,,,,0.0
9,22,6,,,,,,,,,0.0
9,23,6,,,,,,,,,0.0
9,23,6,,,,,,,,,0.0
9,23,6,,,,,,,,,0.0
9,23,6,,,,,,,,,0.0
9,24,6,,,,,,,,,0.0
9,24,6,,,,,,,,,0.0
9,24,6,,,,,,,,,0.0
9,24,6,,,,,,,,,0.0
9,1,7,,,,,,,,,0.0
9,1,7,,,,,,,,,0.0
9,1,7,,,,,,,,,0.0
9,1,7,,,,,,,,,0.0
9,2,7,,,,,,,,,0.0
9,2,7,,,,,,,,,0.0
9,2,7,,,,,,,,,0.0
9,2,7,,,,,,,,,0.0
9,3,7,,,,,,,,,0.0
9,3,7,,,,,,,,,0.0
9,3,7,,,,,,,,,0.0
9,3,7,,,,,,,,,0.0
9,4,7,,,,,,,,,0.0
9,4,7,,,,,,,,,0.0
9,4,7,,,,,,,,,0.0
9,4,7,,,,,,,,,0.0
9,5,7,,,,,,,,,0.0
9,5,7,,,,,,,,,0.0
9,5,7,,,,,,,,,0.0
9,5,7,,,,,,,,,0.0
9,6,7,,,,,,,,,0.0
9,6,7,,,,,,,,,0.0
9,6,7,,,,,,,,,0.0
9,6,7,,,,,,,,,0.0
9,7,7,,,,,,,,,0.0
9,7,7,,,,,,,,,0.0
9,7,7,,,,,,,,,0.0
9,7,7,,,,,,,,,0.0
9,8,7,,,,,,,,,0.0
9,8,7,,,,,,,,,0.0
9,8,7,,,,,,,,,0.0075
9,8,7,,,,,,,,,0.1
9,9,7,,,,,,,,,0.2925
9,9,7,,,,,,,,,0.71
9,9,7,,,,,,,,,1.2875
9,9,7,,,,,,,,,1.97
9,10,7,,,,,,,,,2.6425
9,10,7,,,,,,,,,3.2275
9,10,7,,,,,,,,,3.7825
9,10,7,,,,,,,,,4.2925
9,11,7,,,,,,,,,4.7675
9,11,7,,,,,,,,,5.22
9,11,7,,,,,,,,,5.6775
9,11,7,,,,,,,,,6.1125
9,12,7,,,,,,,,,6.4425
9,12,7,,,,,,,,,6.835
9,12,7,,,,,,,,,7.1875
9,12,7,,,,,,,,,7.4475
9,13,7,,,,,,,,,7.6625
9,13,7,,,,,,,,,7.7825
9,13,7,,,,,,,,,7.835
9,13,7,,,,,,,,,7.865
9,14,7,,,,,,,,,7.9175
9,14,7,,,,,,,,,7.9425
9,14,7,,,,,,,,,7.945
9,14,7,,,,,,,,,7.945
9,15,7,,,,,,,,,7.9325
9,15,7,,,,,,,,,7.9
9,15,7,,,,,,,,,7.87
9,15,7,,,,,,,,,7.8
9,16,7,,,,,,,,,7.595
9,16,7,,,,,,,,,7.38
9,16,7,,,,,,,,,7.06
9,16,7,,,,,,,,,6.7225
9,17,7,,,,,,,,,6.355
9,17,7,,,,,,,,,5.96
9,17,7,,,,,,,,,5.515
9,17,7,,,,,,,,,5.1075
9,18,7,,,,,,,,,4.645
9,18,7,,,,,,,,,4.095
9,18,7,,,,,,,,,3.5425
9,18,7,,,,,,,,,2.98
9,19,7,,,,,,,,,2.3975
9,19,7,,,,,,,,,1.7875
9,19,7,,,,,,,,,1.1625
9,19,7,,,,,,,,,0.66
9,20,7,,,,,,,,,0.355
9,20,7,,,,,,,,,0.1825
9,20,7,,,,,,,,,0.0725
9,20,7,,,,,,,,,0.005
9,21,7,,,,,,,,,0.0
9,21,7,,,,,,,,,0.0
9,21,7,,,,,,,,,0.0
9,21,7,,,,,,,,,0.0
9,22,7,,,,,,,,,0.0
9,22,7,,,,,,,,,0.0
9,22,7,,,,,,,,,0.0
9,22,7,,,,,,,,,0.0
9,23,7,,,,,,,,,0.0
9,23,7,,,,,,,,,0.0
9,23,7,,,,,,,,,0.0
9,23,7,,,,,,,,,0.0
9,24,7,,,,,,,,,0.0
9,24,7,,,,,,,,,0.0
9,24,7,,,,,,,,,0.0
9,24,7,,,,,,,,,0.0
9,1,1,,,,,,,,,0.0
9,1,1,,,,,,,,,0.0
9,1,1,,,,,,,,,0.0
9,1,1,,,,,,,,,0.0
9,2,1,,,,,,,,,0.0
9,2,1,,,,,,,,,0.0
9,2,1,,,,,,,,,0.0
9,2,1,,,,,,,,,0.0
9,3,1,,,,,,,,,0.0
9,3,1,,,,,,,,,0.0
9,3,1,,,,,,,,,0.0
9,3,1,,,,,,,,,0.0
9,4,1,,,,,,,,,0.0
9,4,1,,,,,,,,,0.0
9,4,1,,,,,,,,,0.0
9,4,1,,,,,,,,,0.0
9,5,1,,,,,,,,,0.0
9,5,1,,,,,,,,,0.0
9,5,1,,,,,,,,,0.0
9,5,1,,,,,,,,,0.0
9,6,1,,,,,,,,,0.0
9,6,1,,,,,,,,,0.0
9,6,1,,,,,,,,,0.0
9,6,1,,,,,,,,,0.0
9,7,1,,,,,,,,,0.0
9,7,1,,,,,,,,,0.0
9,7,1,,,,,,,,,0.0
9,7,1,,,,,,,,,0.0
9,8,1,,,,,,,,,0.0
9,8,1,,,,,,,,,0.0
9,8,1,,,,,,,,,0.0025
9,8,1,,,,,,,,,0.0875
9,9,1,,,,,,,,,0.285
9,9,1,,,,,,,,,0.7025
9,9,1,,,,,,,,,1.265
9,9,1,,,,,,,,,1.925
9,10,1,,,,,,,,,2.62
9,10,1,,,,,,,,,3.21
9,10,1,,,,,,,,,3.85
9,10,1,,,,,,,,,4.3975
9,11,1,,,,,,,,,4.89
9,11,1,,,,,,,,,5.4
9,11,1,,,,,,,,,5.3475
9,11,1,,,,,,,,,6.1325
9,12,1,,,,,,,,,6.625
9,12,1,,,,,,,,,6.985
9,12,1,,,,,,,,,7.2675
9,12,1,,,,,,,,,7.5225
9,13,1,,,,,,,,,7.75
9,13,1,,,,,,,,,7.82
9,13,1,,,,,,,,,7.8775
9,13,1,,,,,,,,,7.84
9,14,1,,,,,,,,,7.9675
9,14,1,,,,,,,,,7.975
9,14,1,,,,,,,,,7.97
9,14,1,,,,,,,,,7.98
9,15,1,,,,,,,,,7.9375
9,15,1,,,,,,,,,7.8975
9,15,1,,,,,,,,,7.84
9,15,1,,,,,,,,,7.78
9,16,1,,,,,,,,,7.5475
9,16,1,,,,,,,,,7.3275
9,16,1,,,,,,,,,6.98
9,16,1,,,,,,,,,6.66
9,17,1,,,,,,,,,6.2875
9,17,1,,,,,,,,,5.9
9,17,1,,,,,,,,,5.4675
9,17,1,,,,,,,,,4.9975
9,18,1,,,,,,,,,4.515
9,18,1,,,,,,,,,4.0
9,18,1,,,,,,,,,3.455
9,18,1,,,,,,,,,2.9
9,19,1,,,,,,,,,2.3225
9,19,1,,,,,,,,,1.7225
9,19,1,,,,,,,,,1.115
9,19,1,,,,,,,,,0.6175
9,20,1,,,,,,,,,0.3125
9,20,1,,,,,,,,,0.1475
9,20,1,,,,,,,,,0.0575
9,20,1,,,,,,,,,0.0025
9,21,1,,,,,,,,,0.0
9,21,1,,,,,,,,,0.0
9,21,1,,,,,,,,,0.0
9,21,1,,,,,,,,,0.0
9,22,1,,,,,,,,,0.0
9,22,1,,,,,,,,,0.0
9,22,1,,,,,,,,,0.0
9,22,1,,,,,,,,,0.0
9,23,1,,,,,,,,,0.0
9,23,1,,,,,,,,,0.0
9,23,1,,,,,,,,,0.0
9,23,1,,,,,,,,,0.0
9,24,1,,,,,,,,,0.0
9,24,1,,,,,,,,,0.0
9,24,1,,,,,,,,,0.0
9,24,1,,,,,,,,,0.0
9,1,2,,,,,,,,,0.0
9,1,2,,,,,,,,,0.0
9,1,2,,,,,,,,,0.0
9,1,2,,,,,,,,,0.0
9,2,2,,,,,,,,,0.0
9,2,2,,,,,,,,,0.0
9,2,2,,,,,,,,,0.0
9,2,2,,,,,,,,,0.0
9,3,2,,,,,,,,,0.0
9,3,2,,,,,,,,,0.0
9,3,2,,,,,,,,,0.0
9,3,2,,,,,,,,,0.0
9,4,2,,,,,,,,,0.0
9,4,2,,,,,,,,,0.0
9,4,2,,,,,,,,,0.0
9,4,2,,,,,,,,,0.0
9,5,2,,,,,,,,,0.0
9,5,2,,,,,,,,,0.0
9,5,2,,,,,,,,,0.0
9,5,2,,,,,,,,,0.0
9,6,2,,,,,,,,,0.0
9,6,2,,,,,,,,,0.0
9,6,2,,,,,,,,,0.0
9,6,2,,,,,,,,,0.0
9,7,2,,,,,,,,,0.0
9,7,2,,,,,,,,,0.0
9,7,2,,,,,,,,,0.0
9,7,2,,,,,,,,,0.0
9,8,2,,,,,,,,,0.0
9,8,2,,,,,,,,,0.0
9,8,2,,,,,,,,,0.0
9,8,2,,,,,,,,,0.065
9,9,2,,,,,,,,,0.265
9,9,2,,,,,,,,,0.7075
9,9,2,,,,,,,,,1.275
9,9,2,,,,,,,,,1.955
9,10,2,,,,,,,,,2.63
9,10,2,,,,,,,,,3.24
9,10,2,,,,,,,,,3.81
9,10,2,,,,,,,,,4.3275
9,11,2,,,,,,,,,4.8
9,11,2,,,,,,,,,5.225
9,11,2,,,,,,,,,5.6275
9,11,2,,,,,,,,,6.0225
9,12,2,,,,,,,,,6.405
9,12,2,,,,,,,,,6.71
9,12,2,,,,,,,,,7.01
9,12,2,,,,,,,,,7.235
9,13,2,,,,,,,,,7.4625
9,13,2,,,,,,,,,7.5975
9,13,2,,,,,,,,,7.715
9,13,2,,,,,,,,,7.74
9,14,2,,,,,,,,,7.7625
9,14,2,,,,,,,,,7.825
9,14,2,,,,,,,,,7.87
9,14,2,,,,,,,,,7.86
9,15,2,,,,,,,,,7.845
9,15,2,,,,,,,,,7.84
9,15,2,,,,,,,,,7.7925
9,15,2,,,,,,,,,7.695
9,16,2,,,,,,,,,7.455
9,16,2,,,,,,,,,7.2
9,16,2,,,,,,,,,6.895
9,16,2,,,,,,,,,6.615
9,17,2,,,,,,,,,6.2325
9,17,2,,,,,,,,,5.8675
9,17,2,,,,,,,,,5.4275
9,17,2,,,,,,,,,4.885
9,18,2,,,,,,,,,4.355
9,18,2,,,,,,,,,3.445
9,18,2,,,,,,,,,3.04
9,18,2,,,,,,,,,2.635
9,19,2,,,,,,,,,2.48
9,19,2,,,,,,,,,1.7275
9,19,2,,,,,,,,,0.8375
9,19,2,,,,,,,,,0.32
9,20,2,,,,,,,,,0.14
9,20,2,,,,,,,,,0.08
9,20,2,,,,,,,,,0.025
9,20,2,,,,,,,,,0.0
9,21,2,,,,,,,,,0.0
9,21,2,,,,,,,,,0.0
9,21,2,,,,,,,,,0.0
9,21,2,,,,,,,,,0.0
9,22,2,,,,,,,,,0.0
9,22,2,,,,,,,,,0.0
9,22,2,,,,,,,,,0.0
9,22,2,,,,,,,,,0.0
9,23,2,,,,,,,,,0.0
9,23,2,,,,,,,,,0.0
9,23,2,,,,,,,,,0.0
9,23,2,,,,,,,,,0.0
9,24,2,,,,,,,,,0.0
9,24,2,,,,,,,,,0.0
9,24,2,,,,,,,,,0.0
9,24,2,,,,,,,,,0.0
9,1,3,,,,,,,,,0.0
9,1,3,,,,,,,,,0.0
9,1,3,,,,,,,,,0.0
9,1,3,,,,,,,,,0.0
9,2,3,,,,,,,,,0.0
9,2,3,,,,,,,,,0.0
9,2,3,,,,,,,,,0.0
9,2,3,,,,,,,,,0.0
9,3,3,,,,,,,,,0.0
9,3,3,,,,,,,,,0.0
9,3,3,,,,,,,,,0.0
9,3,3,,,,,,,,,0.0
9,4,3,,,,,,,,,0.0
9,4,3,,,,,,,,,0.0
9,4,3,,,,,,,,,0.0
9,4,3,,,,,,,,,0.0
9,5,3,,,,,,,,,0.0
9,5,3,,,,,,,,,0.0
9,5,3,,,,,,,,,0.0
9,5,3,,,,,,,,,0.0
9,6,3,,,,,,,,,0.0
9,6,3,,,,,,,,,0.0
9,6,3,,,,,,,,,0.0
9,6,3,,,,,,,,,0.0
9,7,3,,,,,,,,,0.0
9,7,3,,,,,,,,,0.0
9,7,3,,,,,,,,,0.0
9,7,3,,,,,,,,,0.0
9,8,3,,,,,,,,,0.0
9,8,3,,,,,,,,,0.0
9,8,3,,,,,,,,,0.0025
9,8,3,,,,,,,,,0.0825
9,9,3,,,,,,,,,0.2625
9,9,3,,,,,,,,,0.37
9,9,3,,,,,,,,,0.73
9,9,3,,,,,,,,,1.235
9,10,3,,,,,,,,,1.92
9,10,3,,,,,,,,,3.135
9,10,3,,,,,,,,,2.665
9,10,3,,,,,,,,,4.34
9,11,3,,,,,,,,,4.84
9,11,3,,,,,,,,,5.49
9,11,3,,,,,,,,,5.3025
9,11,3,,,,,,,,,5.175
9,12,3,,,,,,,,,4.775
9,12,3,,,,,,,,,6.61
9,12,3,,,,,,,,,6.55
9,12,3,,,,,,,,,6.105
9,13,3,,,,,,,,,6.995
9,13,3,,,,,,,,,7.6525
9,13,3,,,,,,,,,7.7375
9,13,3,,,,,,,,,7.755
9,14,3,,,,,,,,,7.79
9,14,3,,,,,,,,,7.175
9,14,3,,,,,,,,,7.7925
9,14,3,,,,,,,,,7.665
9,15,3,,,,,,,,,7.3025
9,15,3,,,,,,,,,7.625
9,15,3,,,,,,,,,7.79
9,15,3,,,,,,,,,7.6725
9,16,3,,,,,,,,,6.075
9,16,3,,,,,,,,,4.515
9,16,3,,,,,,,,,4.935
9,16,3,,,,,,,,,5.5325
9,17,3,,,,,,,,,5.96
9,17,3,,,,,,,,,5.3175
9,17,3,,,,,,,,,5.2725
9,17,3,,,,,,,,,4.6625
9,18,3,,,,,,,,,3.93
9,18,3,,,,,,,,,3.6125
9,18,3,,,,,,,,,2.7525
9,18,3,,,,,,,,,2.2675
9,19,3,,,,,,,,,2.175
9,19,3,,,,,,,,,1.48
9,19,3,,,,,,,,,0.88
9,19,3,,,,,,,,,0.55
9,20,3,,,,,,,,,0.3375
9,20,3,,,,,,,,,0.2075
9,20,3,,,,,,,,,0.07
9,20,3,,,,,,,,,0.0
9,21,3,,,,,,,,,0.0
9,21,3,,,,,,,,,0.0
9,21,3,,,,,,,,,0.0
9,21,3,,,,,,,,,0.0
9,22,3,,,,,,,,,0.0
9,22,3,,,,,,,,,0.0
9,22,3,,,,,,,,,0.0
9,22,3,,,,,,,,,0.0
9,23,3,,,,,,,,,0.0
9,23,3,,,,,,,,,0.0
9,23,3,,,,,,,,,0.0
9,23,3,,,,,,,,,0.0
9,24,3,,,,,,,,,0.0
9,24,3,,,,,,,,,0.0
9,24,3,,,,,,,,,0.0
9,24,3,,,,,,,,,0.0
9,1,4,,,,,,,,,0.0
9,1,4,,,,,,,,,0.0
9,1,4,,,,,,,,,0.0
9,1,4,,,,,,,,,0.0
9,2,4,,,,,,,,,0.0
9,2,4,,,,,,,,,0.0
9,2,4,,,,,,,,,0.0
9,2,4,,,,,,,,,0.0
9,3,4,,,,,,,,,0.0
9,3,4,,,,,,,,,0.0
9,3,4,,,,,,,,,0.0
9,3,4,,,,,,,,,0.0
9,4,4,,,,,,,,,0.0
9,4,4,,,,,,,,,0.0
9,4,4,,,,,,,,,0.0
9,4,4,,,,,,,,,0.0
9,5,4,,,,,,,,,0.0
9,5,4,,,,,,,,,0.0
9,5,4,,,,,,,,,0.0
9,5,4,,,,,,,,,0.0
9,6,4,,,,,,,,,0.0
9,6,4,,,,,,,,,0.0
9,6,4,,,,,,,,,0.0
9,6,4,,,,,,,,,0.0
9,7,4,,,,,,,,,0.0
9,7,4,,,,,,,,,0.0
9,7,4,,,,,,,,,0.0
9,7,4,,,,,,,,,0.0
9,8,4,,,,,,,,,0.0
9,8,4,,,,,,,,,0.0
9,8,4,,,,,,,,,0.0
9,8,4,,,,,,,,,0.045
9,9,4,,,,,,,,,0.2125
9,9,4,,,,,,,,,0.615
9,9,4,,,,,,,,,1.18
9,9,4,,,,,,,,,1.8225
9,10,4,,,,,,,,,2.4675
9,10,4,,,,,,,,,3.085
9,10,4,,,,,,,,,3.6575
9,10,4,,,,,,,,,4.16
9,11,4,,,,,,,,,4.65
9,11,4,,,,,,,,,5.1325
9,11,4,,,,,,,,,5.5675
9,11,4,,,,,,,,,5.94
9,12,4,,,,,,,,,6.255
9,12,4,,,,,,,,,6.555
9,12,4,,,,,,,,,6.785
9,12,4,,,,,,,,,6.975
9,13,4,,,,,,,,,7.235
9,13,4,,,,,,,,,7.3725
9,13,4,,,,,,,,,7.4875
9,13,4,,,,,,,,,7.5825
9,14,4,,,,,,,,,7.665
9,14,4,,,,,,,,,7.705
9,14,4,,,,,,,,,7.745
9,14,4,,,,,,,,,7.74
9,15,4,,,,,,,,,7.7
9,15,4,,,,,,,,,7.595
9,15,4,,,,,,,,,7.44
9,15,4,,,,,,,,,7.3275
9,16,4,,,,,,,,,7.1725
9,16,4,,,,,,,,,6.9475
9,16,4,,,,,,,,,6.695
9,16,4,,,,,,,,,6.365
9,17,4,,,,,,,,,5.9925
9,17,4,,,,,,,,,5.635
9,17,4,,,,,,,,,5.2
9,17,4,,,,,,,,,4.78
9,18,4,,,,,,,,,4.285
9,18,4,,,,,,,,,3.785
9,18,4,,,,,,,,,3.26
9,18,4,,,,,,,,,2.705
9,19,4,,,,,,,,,2.14
9,19,4,,,,,,,,,1.5425
9,19,4,,,,,,,,,0.9775
9,19,4,,,,,,,,,0.545
9,20,4,,,,,,,,,0.2625
9,20,4,,,,,,,,,0.1175
9,20,4,,,,,,,,,0.03
9,20,4,,,,,,,,,0.0
9,21,4,,,,,,,,,0.0
9,21,4,,,,,,,,,0.0
9,21,4,,,,,,,,,0.0
9,21,4,,,,,,,,,0.0
9,22,4,,,,,,,,,0.0
9,22,4,,,,,,,,,0.0
9,22,4,,,,,,,,,0.0
9,22,4,,,,,,,,,0.0
9,23,4,,,,,,,,,0.0
9,23,4,,,,,,,,,0.0
9,23,4,,,,,,,,,0.0
9,23,4,,,,,,,,,0.0
9,24,4,,,,,,,,,0.0
9,24,4,,,,,,,,,0.0
9,24,4,,,,,,,,,0.0
9,24,4,,,,,,,,,0.0
9,1,5,,,,,,,,,0.0
9,1,5,,,,,,,,,0.0
9,1,5,,,,,,,,,0.0
9,1,5,,,,,,,,,0.0
9,2,5,,,,,,,,,0.0
9,2,5,,,,,,,,,0.0
9,2,5,,,,,,,,,0.0
9,2,5,,,,,,,,,0.0
9,3,5,,,,,,,,,0.0
9,3,5,,,,,,,,,0.0
9,3,5,,,,,,,,,0.0
9,3,5,,,,,,,,,0.0
9,4,5,,,,,,,,,0.0
9,4,5,,,,,,,,,0.0
9,4,5,,,,,,,,,0.0
9,4,5,,,,,,,,,0.0
9,5,5,,,,,,,,,0.0
9,5,5,,,,,,,,,0.0
9,5,5,,,,,,,,,0.0
9,5,5,,,,,,,,,0.0
9,6,5,,,,,,,,,0.0
9,6,5,,,,,,,,,0.0
9,6,5,,,,,,,,,0.0
9,6,5,,,,,,,,,0.0
9,7,5,,,,,,,,,0.0
9,7,5,,,,,,,,,0.0
9,7,5,,,,,,,,,0.0
9,7,5,,,,,,,,,0.0
9,8,5,,,,,,,,,0.0
9,8,5,,,,,,,,,0.0
9,8,5,,,,,,,,,0.0
9,8,5,,,,,,,,,0.0425
9,9,5,,,,,,,,,0.2
9,9,5,,,,,,,,,0.575
9,9,5,,,,,,,,,1.15
9,9,5,,,,,,,,,1.795
9,10,5,,,,,,,,,2.45
9,10,5,,,,,,,,,3.0725
9,10,5,,,,,,,,,3.645
9,10,5,,,,,,,,,4.1625
9,11,5,,,,,,,,,4.6925
9,11,5,,,,,,,,,5.1725
9,11,5,,,,,,,,,5.63
9,11,5,,,,,,,,,6.03
9,12,5,,,,,,,,,6.42
9,12,5,,,,,,,,,6.77
9,12,5,,,,,,,,,7.0125
9,12,5,,,,,,,,,7.285
9,13,5,,,,,,,,,7.2725
9,13,5,,,,,,,,,7.5475
9,13,5,,,,,,,,,7.6725
9,13,5,,,,,,,,,7.65
9,14,5,,,,,,,,,7.5525
9,14,5,,,,,,,,,7.4475
9,14,5,,,,,,,,,7.48
9,14,5,,,,,,,,,7.5125
9,15,5,,,,,,,,,7.585
9,15,5,,,,,,,,,7.38
9,15,5,,,,,,,,,7.09
9,15,5,,,,,,,,,6.9775
9,16,5,,,,,,,,,7.0025
9,16,5,,,,,,,,,6.6025
9,16,5,,,,,,,,,6.4275
9,16,5,,,,,,,,,6.17
9,17,5,,,,,,,,,5.48
9,17,5,,,,,,,,,5.2025
9,17,5,,,,,,,,,5.04
9,17,5,,,,,,,,,4.4625
9,18,5,,,,,,,,,4.1475
9,18,5,,,,,,,,,3.765
9,18,5,,,,,,,,,3.185
9,18,5,,,,,,,,,2.2925
9,19,5,,,,,,,,,1.58
9,19,5,,,,,,,,,1.18
9,19,5,,,,,,,,,0.77
9,19,5,,,,,,,,,0.665
9,20,5,,,,,,,,,0.4425
9,20,5,,,,,,,,,0.2725
9,20,5,,,,,,,,,0.0775
9,20,5,,,,,,,,,0.0
9,21,5,,,,,,,,,0.0
9,21,5,,,,,,,,,0.0
9,21,5,,,,,,,,,0.0
9,21,5,,,,,,,,,0.0
9,22,5,,,,,,,,,0.0
9,22,5,,,,,,,,,0.0
9,22,5,,,,,,,,,0.0
9,22,5,,,,,,,,,0.0
9,23,5,,,,,,,,,0.0
9,23,5,,,,,,,,,0.0
9,23,5,,,,,,,,,0.0
9,23,5,,,,,,,,,0.0
9,24,5,,,,,,,,,0.0
9,24,5,,,,,,,,,0.0
9,24,5,,,,,,,,,0.0
9,24,5,,,,,,,,,0.0
9,1,6,,,,,,,,,0.0
9,1,6,,,,,,,,,0.0
9,1,6,,,,,,,,,0.0
9,1,6,,,,,,,,,0.0
9,2,6,,,,,,,,,0.0
9,2,6,,,,,,,,,0.0
9,2,6,,,,,,,,,0.0
9,2,6,,,,,,,,,0.0
9,3,6,,,,,,,,,0.0
9,3,6,,,,,,,,,0.0
9,3,6,,,,,,,,,0.0
9,3,6,,,,,,,,,0.0
9,4,6,,,,,,,,,0.0
9,4,6,,,,,,,,,0.0
9,4,6,,,,,,,,,0.0
9,4,6,,,,,,,,,0.0
9,5,6,,,,,,,,,0.0
9,5,6,,,,,,,,,0.0
9,5,6,,,,,,,,,0.0
9,5,6,,,,,,,,,0.0
9,6,6,,,,,,,,,0.0
9,6,6,,,,,,,,,0.0
9,6,6,,,,,,,,,0.0
9,6,6,,,,,,,,,0.0
9,7,6,,,,,,,,,0.0
9,7,6,,,,,,,,,0.0
9,7,6,,,,,,,,,0.0
9,7,6,,,,,,,,,0.0
9,8,6,,,,,,,,,0.0
9,8,6,,,,,,,,,0.0
9,8,6,,,,,,,,,0.0
9,8,6,,,,,,,,,0.055
9,9,6,,,,,,,,,0.26
9,9,6,,,,,,,,,0.3025
9,9,6,,,,,,,,,0.3575
9,9,6,,,,,,,,,0.52
9,10,6,,,,,,,,,1.13
9,10,6,,,,,,,,,1.3225
9,10,6,,,,,,,,,1.2325
9,10,6,,,,,,,,,1.67
9,11,6,,,,,,,,,2.6025
9,11,6,,,,,,,,,2.7275
9,11,6,,,,,,,,,2.0025
9,11,6,,,,,,,,,1.9925
9,12,6,,,,,,,,,1.9225
9,12,6,,,,,,,,,1.45
9,12,6,,,,,,,,,1.325
9,12,6,,,,,,,,,2.625
9,13,6,,,,,,,,,3.4525
9,13,6,,,,,,,,,2.575
9,13,6,,,,,,,,,2.605
9,13,6,,,,,,,,,2.13
9,14,6,,,,,,,,,1.855
9,14,6,,,,,,,,,1.49
9,14,6,,,,,,,,,1.635
9,14,6,,,,,,,,,1.9125
9,15,6,,,,,,,,,1.5425
9,15,6,,,,,,,,,1.9775
9,15,6,,,,,,,,,1.98
9,15,6,,,,,,,,,2.36
9,16,6,,,,,,,,,1.885
9,16,6,,,,,,,,,1.4575
9,16,6,,,,,,,,,1.085
9,16,6,,,,,,,,,1.025
9,17,6,,,,,,,,,1.175
9,17,6,,,,,,,,,3.6425
9,17,6,,,,,,,,,3.1375
9,17,6,,,,,,,,,1.0225
9,18,6,,,,,,,,,1.2075
9,18,6,,,,,,,,,0.6725
9,18,6,,,,,,,,,0.9225
9,18,6,,,,,,,,,1.405
9,19,6,,,,,,,,,0.5175
9,19,6,,,,,,,,,0.4375
9,19,6,,,,,,,,,0.3
9,19,6,,,,,,,,,0.06
9,20,6,,,,,,,,,0.0
9,20,6,,,,,,,,,0.0
9,20,6,,,,,,,,,0.0
9,20,6,,,,,,,,,0.0
9,21,6,,,,,,,,,0.0
9,21,6,,,,,,,,,0.0
9,21,6,,,,,,,,,0.0
9,21,6,,,,,,,,,0.0
9,22,6,,,,,,,,,0.0
9,22,6,,,,,,,,,0.0
9,22,6,,,,,,,,,0.0
9,22,6,,,,,,,,,0.0
9,23,6,,,,,,,,,0.0
9,23,6,,,,,,,,,0.0
9,23,6,,,,,,,,,0.0
9,23,6,,,,,,,,,0.0
9,24,6,,,,,,,,,0.0
9,24,6,,,,,,,,,0.0
9,24,6,,,,,,,,,0.0
9,24,6,,,,,,,,,0.0
9,1,7,,,,,,,,,0.0
9,1,7,,,,,,,,,0.0
9,1,7,,,,,,,,,0.0
9,1,7,,,,,,,,,0.0
9,2,7,,,,,,,,,0.0
9,2,7,,,,,,,,,0.0
9,2,7,,,,,,,,,0.0
9,2,7,,,,,,,,,0.0
9,3,7,,,,,,,,,0.0
9,3,7,,,,,,,,,0.0
9,3,7,,,,,,,,,0.0
9,3,7,,,,,,,,,0.0
9,4,7,,,,,,,,,0.0
9,4,7,,,,,,,,,0.0
9,4,7,,,,,,,,,0.0
9,4,7,,,,,,,,,0.0
9,5,7,,,,,,,,,0.0
9,5,7,,,,,,,,,0.0
9,5,7,,,,,,,,,0.0
9,5,7,,,,,,,,,0.0
9,6,7,,,,,,,,,0.0
9,6,7,,,,,,,,,0.0
9,6,7,,,,,,,,,0.0
9,6,7,,,,,,,,,0.0
9,7,7,,,,,,,,,0.0
9,7,7,,,,,,,,,0.0
9,7,7,,,,,,,,,0.0
9,7,7,,,,,,,,,0.0
9,8,7,,,,,,,,,0.0
9,8,7,,,,,,,,,0.0
9,8,7,,,,,,,,,0.0
9,8,7,,,,,,,,,0.0
9,9,7,,,,,,,,,0.03
9,9,7,,,,,,,,,0.31
9,9,7,,,,,,,,,0.485
9,9,7,,,,,,,,,0.2975
9,10,7,,,,,,,,,0.33
9,10,7,,,,,,,,,0.6375
9,10,7,,,,,,,,,3.14
9,10,7,,,,,,,,,4.52
9,11,7,,,,,,,,,4.69
9,11,7,,,,,,,,,5.2125
9,11,7,,,,,,,,,5.64
9,11,7,,,,,,,,,5.7275
9,12,7,,,,,,,,,3.2475
9,12,7,,,,,,,,,1.69
9,12,7,,,,,,,,,4.1025
9,12,7,,,,,,,,,7.7025
9,13,7,,,,,,,,,7.47
9,13,7,,,,,,,,,7.3725
9,13,7,,,,,,,,,7.6275
9,13,7,,,,,,,,,7.635
9,14,7,,,,,,,,,7.76
9,14,7,,,,,,,,,7.325
9,14,7,,,,,,,,,6.69
9,14,7,,,,,,,,,7.76
9,15,7,,,,,,,,,7.8125
9,15,7,,,,,,,,,7.11
9,15,7,,,,,,,,,7.66
9,15,7,,,,,,,,,7.5375
9,16,7,,,,,,,,,7.25
9,16,7,,,,,,,,,6.94
9,16,7,,,,,,,,,6.855
9,16,7,,,,,,,,,6.475
9,17,7,,,,,,,,,5.0225
9,17,7,,,,,,,,,5.64
9,17,7,,,,,,,,,5.085
9,17,7,,,,,,,,,4.6
9,18,7,,,,,,,,,4.1075
9,18,7,,,,,,,,,3.5525
9,18,7,,,,,,,,,3.0225
9,18,7,,,,,,,,,2.4725
9,19,7,,,,,,,,,1.9075
9,19,7,,,,,,,,,1.31
9,19,7,,,,,,,,,0.8075
9,19,7,,,,,,,,,0.4475
9,20,7,,,,,,,,,0.2225
9,20,7,,,,,,,,,0.0975
9,20,7,,,,,,,,,0.0075
9,20,7,,,,,,,,,0.0
9,21,7,,,,,,,,,0.0
9,21,7,,,,,,,,,0.0
9,21,7,,,,,,,,,0.0
9,21,7,,,,,,,,,0.0
9,22,7,,,,,,,,,0.0
9,22,7,,,,,,,,,0.0
9,22,7,,,,,,,,,0.0
9,22,7,,,,,,,,,0.0
9,23,7,,,,,,,,,0.0
9,23,7,,,,,,,,,0.0
9,23,7,,,,,,,,,0.0
9,23,7,,,,,,,,,0.0
9,24,7,,,,,,,,,0.0
9,24,7,,,,,,,,,0.0
9,24,7,,,,,,,,,0.0
9,24,7,,,,,,,,,0.0
9,1,1,,,,,,,,,0.0
9,1,1,,,,,,,,,0.0
9,1,1,,,,,,,,,0.0
9,1,1,,,,,,,,,0.0
9,2,1,,,,,,,,,0.0
9,2,1,,,,,,,,,0.0
9,2,1,,,,,,,,,0.0
9,2,1,,,,,,,,,0.0
9,3,1,,,,,,,,,0.0
9,3,1,,,,,,,,,0.0
9,3,1,,,,,,,,,0.0
9,3,1,,,,,,,,,0.0
9,4,1,,,,,,,,,0.0
9,4,1,,,,,,,,,0.0
9,4,1,,,,,,,,,0.0
9,4,1,,,,,,,,,0.0
9,5,1,,,,,,,,,0.0
9,5,1,,,,,,,,,0.0
9,5,1,,,,,,,,,0.0
9,5,1,,,,,,,,,0.0
9,6,1,,,,,,,,,0.0
9,6,1,,,,,,,,,0.0
9,6,1,,,,,,,,,0.0
9,6,1,,,,,,,,,0.0
9,7,1,,,,,,,,,0.0
9,7,1,,,,,,,,,0.0
9,7,1,,,,,,,,,0.0
9,7,1,,,,,,,,,0.0
9,8,1,,,,,,,,,0.0
9,8,1,,,,,,,,,0.0
9,8,1,,,,,,,,,0.0
9,8,1,,,,,,,,,0.025
9,9,1,,,,,,,,,0.1675
9,9,1,,,,,,,,,0.465
9,9,1,,,,,,,,,1.0125
9,9,1,,,,,,,,,1.6225
9,10,1,,,,,,,,,2.295
9,10,1,,,,,,,,,2.915
9,10,1,,,,,,,,,3.495
9,10,1,,,,,,,,,3.9925
9,11,1,,,,,,,,,4.4675
9,11,1,,,,,,,,,4.9075
9,11,1,,,,,,,,,5.315
9,11,1,,,,,,,,,5.6725
9,12,1,,,,,,,,,6.0
9,12,1,,,,,,,,,6.3
9,12,1,,,,,,,,,6.5825
9,12,1,,,,,,,,,6.765
9,13,1,,,,,,,,,7.0875
9,13,1,,,,,,,,,7.355
9,13,1,,,,,,,,,7.545
9,13,1,,,,,,,,,7.68
9,14,1,,,,,,,,,7.7775
9,14,1,,,,,,,,,7.805
9,14,1,,,,,,,,,7.8025
9,14,1,,,,,,,,,7.7825
9,15,1,,,,,,,,,7.78
9,15,1,,,,,,,,,7.71
9,15,1,,,,,,,,,7.5575
9,15,1,,,,,,,,,7.4
9,16,1,,,,,,,,,7.125
9,16,1,,,,,,,,,6.86
9,16,1,,,,,,,,,6.565
9,16,1,,,,,,,,,6.2075
9,17,1,,,,,,,,,5.855
9,17,1,,,,,,,,,5.42
9,17,1,,,,,,,,,5.0275
9,17,1,,,,,,,,,4.585
9,18,1,,,,,,,,,4.1025
9,18,1,,,,,,,,,3.5625
9,18,1,,,,,,,,,3.04
9,18,1,,,,,,,,,2.49
9,19,1,,,,,,,,,1.89
9,19,1,,,,,,,,,1.275
9,19,1,,,,,,,,,0.735
9,19,1,,,,,,,,,0.39
9,20,1,,,,,,,,,0.185
9,20,1,,,,,,,,,0.0775
9,20,1,,,,,,,,,0.005
9,20,1,,,,,,,,,0.0
9,21,1,,,,,,,,,0.0
9,21,1,,,,,,,,,0.0
9,21,1,,,,,,,,,0.0
9,21,1,,,,,,,,,0.0
9,22,1,,,,,,,,,0.0
9,22,1,,,,,,,,,0.0
9,22,1,,,,,,,,,0.0
9,22,1,,,,,,,,,0.0
9,23,1,,,,,,,,,0.0
9,23,1,,,,,,,,,0.0
9,23,1,,,,,,,,,0.0
9,23,1,,,,,,,,,0.0
9,24,1,,,,,,,,,0.0
9,24,1,,,,,,,,,0.0
9,24,1,,,,,,,,,0.0
9,24,1,,,,,,,,,0.0
9,1,2,,,,,,,,,0.0
9,1,2,,,,,,,,,0.0
9,1,2,,,,,,,,,0.0
9,1,2,,,,,,,,,0.0
9,2,2,,,,,,,,,0.0
9,2,2,,,,,,,,,0.0
9,2,2,,,,,,,,,0.0
9,2,2,,,,,,,,,0.0
9,3,2,,,,,,,,,0.0
9,3,2,,,,,,,,,0.0
9,3,2,,,,,,,,,0.0
9,3,2,,,,,,,,,0.0
9,4,2,,,,,,,,,0.0
9,4,2,,,,,,,,,0.0
9,4,2,,,,,,,,,0.0
9,4,2,,,,,,,,,0.0
9,5,2,,,,,,,,,0.0
9,5,2,,,,,,,,,0.0
9,5,2,,,,,,,,,0.0
9,5,2,,,,,,,,,0.0
9,6,2,,,,,,,,,0.0
9,6,2,,,,,,,,,0.0
9,6,2,,,,,,,,,0.0
9,6,2,,,,,,,,,0.0
9,7,2,,,,,,,,,0.0
9,7,2,,,,,,,,,0.0
9,7,2,,,,,,,,,0.0
9,7,2,,,,,,,,,0.0
9,8,2,,,,,,,,,0.0
9,8,2,,,,,,,,,0.0
9,8,2,,,,,,,,,0.0
9,8,2,,,,,,,,,0.02
9,9,2,,,,,,,,,0.14
9,9,2,,,,,,,,,0.44
9,9,2,,,,,,,,,1.06
9,9,2,,,,,,,,,1.7125
9,10,2,,,,,,,,,2.3875
9,10,2,,,,,,,,,3.0275
9,10,2,,,,,,,,,3.6125
9,10,2,,,,,,,,,4.155
9,11,2,,,,,,,,,4.67
9,11,2,,,,,,,,,5.125
9,11,2,,,,,,,,,5.5425
9,11,2,,,,,,,,,5.94
9,12,2,,,,,,,,,6.3125
9,12,2,,,,,,,,,6.585
9,12,2,,,,,,,,,6.795
9,12,2,,,,,,,,,6.9525
9,13,2,,,,,,,,,7.1425
9,13,2,,,,,,,,,7.345
9,13,2,,,,,,,,,7.4275
9,13,2,,,,,,,,,7.4725
9,14,2,,,,,,,,,7.475
9,14,2,,,,,,,,,7.4325
9,14,2,,,,,,,,,7.35
9,14,2,,,,,,,,,7.26
9,15,2,,,,,,,,,7.53
9,15,2,,,,,,,,,7.5875
9,15,2,,,,,,,,,7.46
9,15,2,,,,,,,,,7.2675
9,16,2,,,,,,,,,7.0625
9,16,2,,,,,,,,,6.8175
9,16,2,,,,,,,,,6.495
9,16,2,,,,,,,,,6.19
9,17,2,,,,,,,,,5.8
9,17,2,,,,,,,,,5.295
9,17,2,,,,,,,,,4.73
9,17,2,,,,,,,,,4.47
9,18,2,,,,,,,,,4.02
9,18,2,,,,,,,,,3.34
9,18,2,,,,,,,,,2.93
9,18,2,,,,,,,,,2.2775
9,19,2,,,,,,,,,1.425
9,19,2,,,,,,,,,1.17
9,19,2,,,,,,,,,0.6375
9,19,2,,,,,,,,,0.4275
9,20,2,,,,,,,,,0.265
9,20,2,,,,,,,,,0.0825
9,20,2,,,,,,,,,0.005
9,20,2,,,,,,,,,0.0
9,21,2,,,,,,,,,0.0
9,21,2,,,,,,,,,0.0
9,21,2,,,,,,,,,0.0
9,21,2,,,,,,,,,0.0
9,22,2,,,,,,,,,0.0
9,22,2,,,,,,,,,0.0
9,22,2,,,,,,,,,0.0
9,22,2,,,,,,,,,0.0
9,23,2,,,,,,,,,0.0
9,23,2,,,,,,,,,0.0
9,23,2,,,,,,,,,0.0
9,23,2,,,,,,,,,0.0
9,24,2,,,,,,,,,0.0
9,24,2,,,,,,,,,0.0
9,24,2,,,,,,,,,0.0
9,24,2,,,,,,,,,0.0
10,1,3,,,,,,,,,0.0
10,1,3,,,,,,,,,0.0
10,1,3,,,,,,,,,0.0
10,1,3,,,,,,,,,0.0
10,2,3,,,,,,,,,0.0
10,2,3,,,,,,,,,0.0
10,2,3,,,,,,,,,0.0
10,2,3,,,,,,,,,0.0
10,3,3,,,,,,,,,0.0
10,3,3,,,,,,,,,0.0
10,3,3,,,,,,,,,0.0
10,3,3,,,,,,,,,0.0
10,4,3,,,,,,,,,0.0
10,4,3,,,,,,,,,0.0
10,4,3,,,,,,,,,0.0
10,4,3,,,,,,,,,0.0
10,5,3,,,,,,,,,0.0
10,5,3,,,,,,,,,0.0
10,5,3,,,,,,,,,0.0
10,5,3,,,,,,,,,0.0
10,6,3,,,,,,,,,0.0
10,6,3,,,,,,,,,0.0
10,6,3,,,,,,,,,0.0
10,6,3,,,,,,,,,0.0
10,7,3,,,,,,,,,0.0
10,7,3,,,,,,,,,0.0
10,7,3,,,,,,,,,0.0
10,7,3,,,,,,,,,0.0
10,8,3,,,,,,,,,0.0
10,8,3,,,,,,,,,0.0
10,8,3,,,,,,,,,0.0
10,8,3,,,,,,,,,0.015
10,9,3,,,,,,,,,0.135
10,9,3,,,,,,,,,0.395
10,9,3,,,,,,,,,1.0
10,9,3,,,,,,,,,1.6575
10,10,3,,,,,,,,,2.34
10,10,3,,,,,,,,,2.965
10,10,3,,,,,,,,,3.525
10,10,3,,,,,,,,,3.995
10,11,3,,,,,,,,,4.335
10,11,3,,,,,,,,,4.9375
10,11,3,,,,,,,,,5.295
10,11,3,,,,,,,,,5.71
10,12,3,,,,,,,,,6.105
10,12,3,,,,,,,,,6.425
10,12,3,,,,,,,,,6.6525
10,12,3,,,,,,,,,6.855
10,13,3,,,,,,,,,6.975
10,13,3,,,,,,,,,6.975
10,13,3,,,,,,,,,7.1025
10,13,3,,,,,,,,,7.385
10,14,3,,,,,,,,,7.18
10,14,3,,,,,,,,,7.445
10,14,3,,,,,,,,,6.7975
10,14,3,,,,,,,,,6.7225
10,15,3,,,,,,,,,7.125
10,15,3,,,,,,,,,7.125
10,15,3,,,,,,,,,6.28
10,15,3,,,,,,,,,5.4875
10,16,3,,,,,,,,,3.625
10,16,3,,,,,,,,,6.4475
10,16,3,,,,,,,,,5.5075
10,16,3,,,,,,,,,6.255
10,17,3,,,,,,,,,5.6225
10,17,3,,,,,,,,,5.0675
10,17,3,,,,,,,,,4.6175
10,17,3,,,,,,,,,4.395
10,18,3,,,,,,,,,4.015
10,18,3,,,,,,,,,3.545
10,18,3,,,,,,,,,2.2225
10,18,3,,,,,,,,,1.31
10,19,3,,,,,,,,,1.765
10,19,3,,,,,,,,,1.4
10,19,3,,,,,,,,,0.9525
10,19,3,,,,,,,,,0.6325
10,20,3,,,,,,,,,0.325
10,20,3,,,,,,,,,0.1125
10,20,3,,,,,,,,,0.015
10,20,3,,,,,,,,,0.0
10,21,3,,,,,,,,,0.0
10,21,3,,,,,,,,,0.0
10,21,3,,,,,,,,,0.0
10,21,3,,,,,,,,,0.0
10,22,3,,,,,,,,,0.0
10,22,3,,,,,,,,,0.0
10,22,3,,,,,,,,,0.0
10,22,3,,,,,,,,,0.0
10,23,3,,,,,,,,,0.0
10,23,3,,,,,,,,,0.0
10,23,3,,,,,,,,,0.0
10,23,3,,,,,,,,,0.0
10,24,3,,,,,,,,,0.0
10,24,3,,,,,,,,,0.0
10,24,3,,,,,,,,,0.0
10,24,3,,,,,,,,,0.0
10,1,4,,,,,,,,,0.0
10,1,4,,,,,,,,,0.0
10,1,4,,,,,,,,,0.0
10,1,4,,,,,,,,,0.0
10,2,4,,,,,,,,,0.0
10,2,4,,,,,,,,,0.0
10,2,4,,,,,,,,,0.0
10,2,4,,,,,,,,,0.0
10,3,4,,,,,,,,,0.0
10,3,4,,,,,,,,,0.0
10,3,4,,,,,,,,,0.0
10,3,4,,,,,,,,,0.0
10,4,4,,,,,,,,,0.0
10,4,4,,,,,,,,,0.0
10,4,4,,,,,,,,,0.0
10,4,4,,,,,,,,,0.0
10,5,4,,,,,,,,,0.0
10,5,4,,,,,,,,,0.0
10,5,4,,,,,,,,,0.0
10,5,4,,,,,,,,,0.0
10,6,4,,,,,,,,,0.0
10,6,4,,,,,,,,,0.0
10,6,4,,,,,,,,,0.0
10,6,4,,,,,,,,,0.0
10,7,4,,,,,,,,,0.0
10,7,4,,,,,,,,,0.0
10,7,4,,,,,,,,,0.0
10,7,4,,,,,,,,,0.0
10,8,4,,,,,,,,,0.0
10,8,4,,,,,,,,,0.0
10,8,4,,,,,,,,,0.0
10,8,4,,,,,,,,,0.015
10,9,4,,,,,,,,,0.125
10,9,4,,,,,,,,,0.35
10,9,4,,,,,,,,,0.885
10,9,4,,,,,,,,,1.545
10,10,4,,,,,,,,,2.195
10,10,4,,,,,,,,,2.7925
10,10,4,,,,,,,,,3.3425
10,10,4,,,,,,,,,3.905
10,11,4,,,,,,,,,4.41
10,11,4,,,,,,,,,4.85
10,11,4,,,,,,,,,5.23
10,11,4,,,,,,,,,5.665
10,12,4,,,,,,,,,6.03
10,12,4,,,,,,,,,6.4175
10,12,4,,,,,,,,,6.675
10,12,4,,,,,,,,,6.89
10,13,4,,,,,,,,,7.12
10,13,4,,,,,,,,,7.395
10,13,4,,,,,,,,,7.0325
10,13,4,,,,,,,,,7.0125
10,14,4,,,,,,,,,7.5675
10,14,4,,,,,,,,,7.7075
10,14,4,,,,,,,,,7.06
10,14,4,,,,,,,,,7.555
10,15,4,,,,,,,,,6.9275
10,15,4,,,,,,,,,5.8075
10,15,4,,,,,,,,,5.21
10,15,4,,,,,,,,,6.59
10,16,4,,,,,,,,,6.6975
10,16,4,,,,,,,,,6.635
10,16,4,,,,,,,,,6.1525
10,16,4,,,,,,,,,6.045
10,17,4,,,,,,,,,5.7
10,17,4,,,,,,,,,5.295
10,17,4,,,,,,,,,4.875
10,17,4,,,,,,,,,3.75
10,18,4,,,,,,,,,1.85
10,18,4,,,,,,,,,0.9675
10,18,4,,,,,,,,,0.8675
10,18,4,,,,,,,,,0.7725
10,19,4,,,,,,,,,0.415
10,19,4,,,,,,,,,0.405
10,19,4,,,,,,,,,0.37
10,19,4,,,,,,,,,0.3125
10,20,4,,,,,,,,,0.12
10,20,4,,,,,,,,,0.015
10,20,4,,,,,,,,,0.0
10,20,4,,,,,,,,,0.0
10,21,4,,,,,,,,,0.0
10,21,4,,,,,,,,,0.0
10,21,4,,,,,,,,,0.0
10,21,4,,,,,,,,,0.0
10,22,4,,,,,,,,,0.0
10,22,4,,,,,,,,,0.0
10,22,4,,,,,,,,,0.0
10,22,4,,,,,,,,,0.0
10,23,4,,,,,,,,,0.0
10,23,4,,,,,,,,,0.0
10,23,4,,,,,,,,,0.0
10,23,4,,,,,,,,,0.0
10,24,4,,,,,,,,,0.0
10,24,4,,,,,,,,,0.0
10,24,4,,,,,,,,,0.0
10,24,4,,,,,,,,,0.0
10,1,5,,,,,,,,,0.0
10,1,5,,,,,,,,,0.0
10,1,5,,,,,,,,,0.0
10,1,5,,,,,,,,,0.0
10,2,5,,,,,,,,,0.0
10,2,5,,,,,,,,,0.0
10,2,5,,,,,,,,,0.0
10,2,5,,,,,,,,,0.0
10,3,5,,,,,,,,,0.0
10,3,5,,,,,,,,,0.0
10,3,5,,,,,,,,,0.0
10,3,5,,,,,,,,,0.0
10,4,5,,,,,,,,,0.0
10,4,5,,,,,,,,,0.0
10,4,5,,,,,,,,,0.0
10,4,5,,,,,,,,,0.0
10,5,5,,,,,,,,,0.0
10,5,5,,,,,,,,,0.0
10,5,5,,,,,,,,,0.0
10,5,5,,,,,,,,,0.0
10,6,5,,,,,,,,,0.0
10,6,5,,,,,,,,,0.0
10,6,5,,,,,,,,,0.0
10,6,5,,,,,,,,,0.0
10,7,5,,,,,,,,,0.0
10,7,5,,,,,,,,,0.0
10,7,5,,,,,,,,,0.0
10,7,5,,,,,,,,,0.0
10,8,5,,,,,,,,,0.0
10,8,5,,,,,,,,,0.0
10,8,5,,,,,,,,,0.0
10,8,5,,,,,,,,,0.0
10,9,5,,,,,,,,,0.0
10,9,5,,,,,,,,,0.0075
10,9,5,,,,,,,,,0.0575
10,9,5,,,,,,,,,0.075
10,10,5,,,,,,,,,0.175
10,10,5,,,,,,,,,0.235
10,10,5,,,,,,,,,0.23
10,10,5,,,,,,,,,0.215
10,11,5,,,,,,,,,0.265
10,11,5,,,,,,,,,0.605
10,11,5,,,,,,,,,1.045
10,11,5,,,,,,,,,1.245
10,12,5,,,,,,,,,1.3525
10,12,5,,,,,,,,,1.65
10,12,5,,,,,,,,,1.8725
10,12,5,,,,,,,,,2.13
10,13,5,,,,,,,,,2.5225
10,13,5,,,,,,,,,2.8925
10,13,5,,,,,,,,,3.535
10,13,5,,,,,,,,,3.8725
10,14,5,,,,,,,,,3.68
10,14,5,,,,,,,,,5.535
10,14,5,,,,,,,,,4.565
10,14,5,,,,,,,,,5.3425
10,15,5,,,,,,,,,4.5525
10,15,5,,,,,,,,,3.585
10,15,5,,,,,,,,,3.96
10,15,5,,,,,,,,,4.4275
10,16,5,,,,,,,,,6.2525
10,16,5,,,,,,,,,6.985
10,16,5,,,,,,,,,5.37
10,16,5,,,,,,,,,5.685
10,17,5,,,,,,,,,5.55
10,17,5,,,,,,,,,3.8925
10,17,5,,,,,,,,,1.9125
10,17,5,,,,,,,,,1.4975
10,18,5,,,,,,,,,1.52
10,18,5,,,,,,,,,1.255
10,18,5,,,,,,,,,1.1375
10,18,5,,,,,,,,,0.795
10,19,5,,,,,,,,,0.685
10,19,5,,,,,,,,,0.8625
10,19,5,,,,,,,,,0.3025
10,19,5,,,,,,,,,0.1525
10,20,5,,,,,,,,,0.05
10,20,5,,,,,,,,,0.005
10,20,5,,,,,,,,,0.0
10,20,5,,,,,,,,,0.0
10,21,5,,,,,,,,,0.0
10,21,5,,,,,,,,,0.0
10,21,5,,,,,,,,,0.0
10,21,5,,,,,,,,,0.0
10,22,5,,,,,,,,,0.0
10,22,5,,,,,,,,,0.0
10,22,5,,,,,,,,,0.0
10,22,5,,,,,,,,,0.0
10,23,5,,,,,,,,,0.0
10,23,5,,,,,,,,,0.0
10,23,5,,,,,,,,,0.0
10,23,5,,,,,,,,,0.0
10,24,5,,,,,,,,,0.0
10,24,5,,,,,,,,,0.0
10,24,5,,,,,,,,,0.0
10,24,5,,,,,,,,,0.0
10,1,6,,,,,,,,,0.0
10,1,6,,,,,,,,,0.0
10,1,6,,,,,,,,,0.0
10,1,6,,,,,,,,,0.0
10,2,6,,,,,,,,,0.0
10,2,6,,,,,,,,,0.0
10,2,6,,,,,,,,,0.0
10,2,6,,,,,,,,,0.0
10,3,6,,,,,,,,,0.0
10,3,6,,,,,,,,,0.0
10,3,6,,,,,,,,,0.0
10,3,6,,,,,,,,,0.0
10,4,6,,,,,,,,,0.0
10,4,6,,,,,,,,,0.0
10,4,6,,,,,,,,,0.0
10,4,6,,,,,,,,,0.0
10,5,6,,,,,,,,,0.0
10,5,6,,,,,,,,,0.0
10,5,6,,,,,,,,,0.0
10,5,6,,,,,,,,,0.0
10,6,6,,,,,,,,,0.0
10,6,6,,,,,,,,,0.0
10,6,6,,,,,,,,,0.0
10,6,6,,,,,,,,,0.0
10,7,6,,,,,,,,,0.0
10,7,6,,,,,,,,,0.0
10,7,6,,,,,,,,,0.0
10,7,6,,,,,,,,,0.0
10,8,6,,,,,,,,,0.0
10,8,6,,,,,,,,,0.0
10,8,6,,,,,,,,,0.0
10,8,6,,,,,,,,,0.0
10,9,6,,,,,,,,,0.1075
10,9,6,,,,,,,,,0.3
10,9,6,,,,,,,,,0.775
10,9,6,,,,,,,,,1.0
10,10,6,,,,,,,,,0.8125
10,10,6,,,,,,,,,0.71
10,10,6,,,,,,,,,1.125
10,10,6,,,,,,,,,1.485
10,11,6,,,,,,,,,2.6475
10,11,6,,,,,,,,,2.36
10,11,6,,,,,,,,,2.11
10,11,6,,,,,,,,,2.3125
10,12,6,,,,,,,,,3.84
10,12,6,,,,,,,,,4.395
10,12,6,,,,,,,,,3.005
10,12,6,,,,,,,,,3.915
10,13,6,,,,,,,,,3.9275
10,13,6,,,,,,,,,4.9175
10,13,6,,,,,,,,,4.9225
10,13,6,,,,,,,,,4.81
10,14,6,,,,,,,,,6.0175
10,14,6,,,,,,,,,4.91
10,14,6,,,,,,,,,5.7925
10,14,6,,,,,,,,,5.1425
10,15,6,,,,,,,,,3.1375
10,15,6,,,,,,,,,3.535
10,15,6,,,,,,,,,2.7075
10,15,6,,,,,,,,,2.4525
10,16,6,,,,,,,,,3.665
10,16,6,,,,,,,,,3.125
10,16,6,,,,,,,,,2.91
10,16,6,,,,,,,,,2.355
10,17,6,,,,,,,,,1.9825
10,17,6,,,,,,,,,1.47
10,17,6,,,,,,,,,1.3675
10,17,6,,,,,,,,,1.1525
10,18,6,,,,,,,,,0.8875
10,18,6,,,,,,,,,0.82
10,18,6,,,,,,,,,0.695
10,18,6,,,,,,,,,0.49
10,19,6,,,,,,,,,0.3575
10,19,6,,,,,,,,,0.2175
10,19,6,,,,,,,,,0.1
10,19,6,,,,,,,,,0.065
10,20,6,,,,,,,,,0.0225
10,20,6,,,,,,,,,0.015
10,20,6,,,,,,,,,0.0
10,20,6,,,,,,,,,0.0
10,21,6,,,,,,,,,0.0
10,21,6,,,,,,,,,0.0
10,21,6,,,,,,,,,0.0
10,21,6,,,,,,,,,0.0
10,22,6,,,,,,,,,0.0
10,22,6,,,,,,,,,0.0
10,22,6,,,,,,,,,0.0
10,22,6,,,,,,,,,0.0
10,23,6,,,,,,,,,0.0
10,23,6,,,,,,,,,0.0
10,23,6,,,,,,,,,0.0
10,23,6,,,,,,,,,0.0
10,24,6,,,,,,,,,0.0
10,24,6,,,,,,,,,0.0
10,24,6,,,,,,,,,0.0
10,24,6,,,,,,,,,0.0
10,1,7,,,,,,,,,0.0
10,1,7,,,,,,,,,0.0
10,1,7,,,,,,,,,0.0
10,1,7,,,,,,,,,0.0
10,2,7,,,,,,,,,0.0
10,2,7,,,,,,,,,0.0
10,2,7,,,,,,,,,0.0
10,2,7,,,,,,,,,0.0
10,3,7,,,,,,,,,0.0
10,3,7,,,,,,,,,0.0
10,3,7,,,,,,,,,0.0
10,3,7,,,,,,,,,0.0
10,4,7,,,,,,,,,0.0
10,4,7,,,,,,,,,0.0
10,4,7,,,,,,,,,0.0
10,4,7,,,,,,,,,0.0
10,5,7,,,,,,,,,0.0
10,5,7,,,,,,,,,0.0
10,5,7,,,,,,,,,0.0
10,5,7,,,,,,,,,0.0
10,6,7,,,,,,,,,0.0
10,6,7,,,,,,,,,0.0
10,6,7,,,,,,,,,0.0
10,6,7,,,,,,,,,0.0
10,7,7,,,,,,,,,0.0
10,7,7,,,,,,,,,0.0
10,7,7,,,,,,,,,0.0
10,7,7,,,,,,,,,0.0
10,8,7,,,,,,,,,0.0
10,8,7,,,,,,,,,0.0
10,8,7,,,,,,,,,0.0
10,8,7,,,,,,,,,0.0075
10,9,7,,,,,,,,,0.1125
10,9,7,,,,,,,,,0.34
10,9,7,,,,,,,,,0.915
10,9,7,,,,,,,,,1.68
10,10,7,,,,,,,,,2.4225
10,10,7,,,,,,,,,3.09
10,10,7,,,,,,,,,3.695
10,10,7,,,,,,,,,4.245
10,11,7,,,,,,,,,4.7575
10,11,7,,,,,,,,,5.205
10,11,7,,,,,,,,,5.66
10,11,7,,,,,,,,,6.115
10,12,7,,,,,,,,,6.49
10,12,7,,,,,,,,,6.8
10,12,7,,,,,,,,,7.075
10,12,7,,,,,,,,,7.325
10,13,7,,,,,,,,,7.5875
10,13,7,,,,,,,,,7.75
10,13,7,,,,,,,,,7.805
10,13,7,,,,,,,,,7.8275
10,14,7,,,,,,,,,7.8475
10,14,7,,,,,,,,,7.865
10,14,7,,,,,,,,,7.8625
10,14,7,,,,,,,,,7.8375
10,15,7,,,,,,,,,7.8
10,15,7,,,,,,,,,7.7275
10,15,7,,,,,,,,,7.5725
10,15,7,,,,,,,,,7.37
10,16,7,,,,,,,,,7.1125
10,16,7,,,,,,,,,6.835
10,16,7,,,,,,,,,6.5425
10,16,7,,,,,,,,,6.2425
10,17,7,,,,,,,,,5.87
10,17,7,,,,,,,,,5.4575
10,17,7,,,,,,,,,4.995
10,17,7,,,,,,,,,4.535
10,18,7,,,,,,,,,4.0425
10,18,7,,,,,,,,,3.5175
10,18,7,,,,,,,,,2.97
10,18,7,,,,,,,,,2.3725
10,19,7,,,,,,,,,1.7125
10,19,7,,,,,,,,,1.09
10,19,7,,,,,,,,,0.6
10,19,7,,,,,,,,,0.2675
10,20,7,,,,,,,,,0.105
10,20,7,,,,,,,,,0.0225
10,20,7,,,,,,,,,0.0
10,20,7,,,,,,,,,0.0
10,21,7,,,,,,,,,0.0
10,21,7,,,,,,,,,0.0
10,21,7,,,,,,,,,0.0
10,21,7,,,,,,,,,0.0
10,22,7,,,,,,,,,0.0
10,22,7,,,,,,,,,0.0
10,22,7,,,,,,,,,0.0
10,22,7,,,,,,,,,0.0
10,23,7,,,,,,,,,0.0
10,23,7,,,,,,,,,0.0
10,23,7,,,,,,,,,0.0
10,23,7,,,,,,,,,0.0
10,24,7,,,,,,,,,0.0
10,24,7,,,,,,,,,0.0
10,24,7,,,,,,,,,0.0
10,24,7,,,,,,,,,0.0
10,1,1,,,,,,,,,0.0
10,1,1,,,,,,,,,0.0
10,1,1,,,,,,,,,0.0
10,1,1,,,,,,,,,0.0
10,2,1,,,,,,,,,0.0
10,2,1,,,,,,,,,0.0
10,2,1,,,,,,,,,0.0
10,2,1,,,,,,,,,0.0
10,3,1,,,,,,,,,0.0
10,3,1,,,,,,,,,0.0
10,3,1,,,,,,,,,0.0
10,3,1,,,,,,,,,0.0
10,4,1,,,,,,,,,0.0
10,4,1,,,,,,,,,0.0
10,4,1,,,,,,,,,0.0
10,4,1,,,,,,,,,0.0
10,5,1,,,,,,,,,0.0
10,5,1,,,,,,,,,0.0
10,5,1,,,,,,,,,0.0
10,5,1,,,,,,,,,0.0
10,6,1,,,,,,,,,0.0
10,6,1,,,,,,,,,0.0
10,6,1,,,,,,,,,0.0
10,6,1,,,,,,,,,0.0
10,7,1,,,,,,,,,0.0
10,7,1,,,,,,,,,0.0
10,7,1,,,,,,,,,0.0
10,7,1,,,,,,,,,0.0
10,8,1,,,,,,,,,0.0
10,8,1,,,,,,,,,0.0
10,8,1,,,,,,,,,0.0
10,8,1,,,,,,,,,0.0025
10,9,1,,,,,,,,,0.07
10,9,1,,,,,,,,,0.21
10,9,1,,,,,,,,,0.835
10,9,1,,,,,,,,,1.6
10,10,1,,,,,,,,,2.3075
10,10,1,,,,,,,,,2.97
10,10,1,,,,,,,,,3.5875
10,10,1,,,,,,,,,4.16
10,11,1,,,,,,,,,4.6625
10,11,1,,,,,,,,,5.135
10,11,1,,,,,,,,,5.565
10,11,1,,,,,,,,,5.935
10,12,1,,,,,,,,,6.23
10,12,1,,,,,,,,,6.53
10,12,1,,,,,,,,,6.8075
10,12,1,,,,,,,,,7.0
10,13,1,,,,,,,,,7.1575
10,13,1,,,,,,,,,7.3075
10,13,1,,,,,,,,,7.415
10,13,1,,,,,,,,,7.465
10,14,1,,,,,,,,,7.47
10,14,1,,,,,,,,,7.44
10,14,1,,,,,,,,,7.3625
10,14,1,,,,,,,,,7.225
10,15,1,,,,,,,,,7.1525
10,15,1,,,,,,,,,7.0675
10,15,1,,,,,,,,,6.9
10,15,1,,,,,,,,,6.7025
10,16,1,,,,,,,,,6.4825
10,16,1,,,,,,,,,6.28
10,16,1,,,,,,,,,6.03
10,16,1,,,,,,,,,5.725
10,17,1,,,,,,,,,5.385
10,17,1,,,,,,,,,5.045
10,17,1,,,,,,,,,4.6275
10,17,1,,,,,,,,,4.2125
10,18,1,,,,,,,,,3.7675
10,18,1,,,,,,,,,3.3
10,18,1,,,,,,,,,2.8025
10,18,1,,,,,,,,,2.235
10,19,1,,,,,,,,,1.62
10,19,1,,,,,,,,,1.02
10,19,1,,,,,,,,,0.565
10,19,1,,,,,,,,,0.2425
10,20,1,,,,,,,,,0.0775
10,20,1,,,,,,,,,0.0075
10,20,1,,,,,,,,,0.0
10,20,1,,,,,,,,,0.0
10,21,1,,,,,,,,,0.0
10,21,1,,,,,,,,,0.0
10,21,1,,,,,,,,,0.0
10,21,1,,,,,,,,,0.0
10,22,1,,,,,,,,,0.0
10,22,1,,,,,,,,,0.0
10,22,1,,,,,,,,,0.0
10,22,1,,,,,,,,,0.0
10,23,1,,,,,,,,,0.0
10,23,1,,,,,,,,,0.0
10,23,1,,,,,,,,,0.0
10,23,1,,,,,,,,,0.0
10,24,1,,,,,,,,,0.0
10,24,1,,,,,,,,,0.0
10,24,1,,,,,,,,,0.0
10,24,1,,,,,,,,,0.0
10,1,2,,,,,,,,,0.0
10,1,2,,,,,,,,,0.0
10,1,2,,,,,,,,,0.0
10,1,2,,,,,,,,,0.0
10,2,2,,,,,,,,,0.0
10,2,2,,,,,,,,,0.0
10,2,2,,,,,,,,,0.0
10,2,2,,,,,,,,,0.0
10,3,2,,,,,,,,,0.0
10,3,2,,,,,,,,,0.0
10,3,2,,,,,,,,,0.0
10,3,2,,,,,,,,,0.0
10,4,2,,,,,,,,,0.0
10,4,2,,,,,,,,,0.0
10,4,2,,,,,,,,,0.0
10,4,2,,,,,,,,,0.0
10,5,2,,,,,,,,,0.0
10,5,2,,,,,,,,,0.0
10,5,2,,,,,,,,,0.0
10,5,2,,,,,,,,,0.0
10,6,2,,,,,,,,,0.0
10,6,2,,,,,,,,,0.0
10,6,2,,,,,,,,,0.0
10,6,2,,,,,,,,,0.0
10,7,2,,,,,,,,,0.0
10,7,2,,,,,,,,,0.0
10,7,2,,,,,,,,,0.0
10,7,2,,,,,,,,,0.0
10,8,2,,,,,,,,,0.0
10,8,2,,,,,,,,,0.0
10,8,2,,,,,,,,,0.0
10,8,2,,,,,,,,,0.0
10,9,2,,,,,,,,,0.08
10,9,2,,,,,,,,,0.2175
10,9,2,,,,,,,,,0.395
10,9,2,,,,,,,,,0.51
10,10,2,,,,,,,,,1.75
10,10,2,,,,,,,,,2.21
10,10,2,,,,,,,,,3.13
10,10,2,,,,,,,,,1.04
10,11,2,,,,,,,,,1.625
10,11,2,,,,,,,,,3.0075
10,11,2,,,,,,,,,1.2675
10,11,2,,,,,,,,,1.1075
10,12,2,,,,,,,,,4.9775
10,12,2,,,,,,,,,5.4
10,12,2,,,,,,,,,4.305
10,12,2,,,,,,,,,2.105
10,13,2,,,,,,,,,2.5375
10,13,2,,,,,,,,,5.0375
10,13,2,,,,,,,,,3.4675
10,13,2,,,,,,,,,3.81
10,14,2,,,,,,,,,3.0925
10,14,2,,,,,,,,,2.26
10,14,2,,,,,,,,,2.0275
10,14,2,,,,,,,,,2.72
10,15,2,,,,,,,,,2.8625
10,15,2,,,,,,,,,3.1925
10,15,2,,,,,,,,,2.66
10,15,2,,,,,,,,,3.555
10,16,2,,,,,,,,,3.285
10,16,2,,,,,,,,,4.3425
10,16,2,,,,,,,,,2.89
10,16,2,,,,,,,,,2.075
10,17,2,,,,,,,,,1.8725
10,17,2,,,,,,,,,3.24
10,17,2,,,,,,,,,2.2725
10,17,2,,,,,,,,,1.78
10,18,2,,,,,,,,,3.9825
10,18,2,,,,,,,,,2.26
10,18,2,,,,,,,,,1.47
10,18,2,,,,,,,,,1.6325
10,19,2,,,,,,,,,0.8875
10,19,2,,,,,,,,,0.615
10,19,2,,,,,,,,,0.3125
10,19,2,,,,,,,,,0.23
10,20,2,,,,,,,,,0.08
10,20,2,,,,,,,,,0.005
10,20,2,,,,,,,,,0.0
10,20,2,,,,,,,,,0.0
10,21,2,,,,,,,,,0.0
10,21,2,,,,,,,,,0.0
10,21,2,,,,,,,,,0.0
10,21,2,,,,,,,,,0.0
10,22,2,,,,,,,,,0.0
10,22,2,,,,,,,,,0.0
10,22,2,,,,,,,,,0.0
10,22,2,,,,,,,,,0.0
10,23,2,,,,,,,,,0.0
10,23,2,,,,,,,,,0.0
10,23,2,,,,,,,,,0.0
10,23,2,,,,,,,,,0.0
10,24,2,,,,,,,,,0.0
10,24,2,,,,,,,,,0.0
10,24,2,,,,,,,,,0.0
10,24,2,,,,,,,,,0.0
10,1,3,,,,,,,,,0.0
10,1,3,,,,,,,,,0.0
10,1,3,,,,,,,,,0.0
10,1,3,,,,,,,,,0.0
10,2,3,,,,,,,,,0.0
10,2,3,,,,,,,,,0.0
10,2,3,,,,,,,,,0.0
10,2,3,,,,,,,,,0.0
10,3,3,,,,,,,,,0.0
10,3,3,,,,,,,,,0.0
10,3,3,,,,,,,,,0.0
10,3,3,,,,,,,,,0.0
10,4,3,,,,,,,,,0.0
10,4,3,,,,,,,,,0.0
10,4,3,,,,,,,,,0.0
10,4,3,,,,,,,,,0.0
10,5,3,,,,,,,,,0.0
10,5,3,,,,,,,,,0.0
10,5,3,,,,,,,,,0.0
10,5,3,,,,,,,,,0.0
10,6,3,,,,,,,,,0.0
10,6,3,,,,,,,,,0.0
10,6,3,,,,,,,,,0.0
10,6,3,,,,,,,,,0.0
10,7,3,,,,,,,,,0.0
10,7,3,,,,,,,,,0.0
10,7,3,,,,,,,,,0.0
10,7,3,,,,,,,,,0.0
10,8,3,,,,,,,,,0.0
10,8,3,,,,,,,,,0.0
10,8,3,,,,,,,,,0.0
10,8,3,,,,,,,,,0.0
10,9,3,,,,,,,,,0.0
10,9,3,,,,,,,,,0.0475
10,9,3,,,,,,,,,0.1975
10,9,3,,,,,,,,,0.3325
10,10,3,,,,,,,,,0.4
10,10,3,,,,,,,,,0.665
10,10,3,,,,,,,,,0.9075
10,10,3,,,,,,,,,1.04
10,11,3,,,,,,,,,1.15
10,11,3,,,,,,,,,1.3075
10,11,3,,,,,,,,,1.485
10,11,3,,,,,,,,,1.8675
10,12,3,,,,,,,,,2.38
10,12,3,,,,,,,,,2.76
10,12,3,,,,,,,,,3.1675
10,12,3,,,,,,,,,4.4925
10,13,3,,,,,,,,,4.6
10,13,3,,,,,,,,,4.7225
10,13,3,,,,,,,,,7.15
10,13,3,,,,,,,,,7.4375
10,14,3,,,,,,,,,7.4675
10,14,3,,,,,,,,,3.2925
10,14,3,,,,,,,,,5.515
10,14,3,,,,,,,,,3.03
10,15,3,,,,,,,,,4.91
10,15,3,,,,,,,,,7.31
10,15,3,,,,,,,,,7.0425
10,15,3,,,,,,,,,6.85
10,16,3,,,,,,,,,6.5925
10,16,3,,,,,,,,,6.2775
10,16,3,,,,,,,,,6.025
10,16,3,,,,,,,,,5.715
10,17,3,,,,,,,,,5.35
10,17,3,,,,,,,,,4.915
10,17,3,,,,,,,,,4.5125
10,17,3,,,,,,,,,4.085
10,18,3,,,,,,,,,3.595
10,18,3,,,,,,,,,3.0975
10,18,3,,,,,,,,,2.58
10,18,3,,,,,,,,,1.9925
10,19,3,,,,,,,,,1.385
10,19,3,,,,,,,,,0.88
10,19,3,,,,,,,,,0.495
10,19,3,,,,,,,,,0.24
10,20,3,,,,,,,,,0.0925
10,20,3,,,,,,,,,0.005
10,20,3,,,,,,,,,0.0
10,20,3,,,,,,,,,0.0
10,21,3,,,,,,,,,0.0
10,21,3,,,,,,,,,0.0
10,21,3,,,,,,,,,0.0
10,21,3,,,,,,,,,0.0
10,22,3,,,,,,,,,0.0
10,22,3,,,,,,,,,0.0
10,22,3,,,,,,,,,0.0
10,22,3,,,,,,,,,0.0
10,23,3,,,,,,,,,0.0
10,23,3,,,,,,,,,0.0
10,23,3,,,,,,,,,0.0
10,23,3,,,,,,,,,0.0
10,24,3,,,,,,,,,0.0
10,24,3,,,,,,,,,0.0
10,24,3,,,,,,,,,0.0
10,24,3,,,,,,,,,0.0
10,1,4,,,,,,,,,0.0
10,1,4,,,,,,,,,0.0
10,1,4,,,,,,,,,0.0
10,1,4,,,,,,,,,0.0
10,2,4,,,,,,,,,0.0
10,2,4,,,,,,,,,0.0
10,2,4,,,,,,,,,0.0
10,2,4,,,,,,,,,0.0
10,3,4,,,,,,,,,0.0
10,3,4,,,,,,,,,0.0
10,3,4,,,,,,,,,0.0
10,3,4,,,,,,,,,0.0
10,4,4,,,,,,,,,0.0
10,4,4,,,,,,,,,0.0
10,4,4,,,,,,,,,0.0
10,4,4,,,,,,,,,0.0
10,5,4,,,,,,,,,0.0
10,5,4,,,,,,,,,0.0
10,5,4,,,,,,,,,0.0
10,5,4,,,,,,,,,0.0
10,6,4,,,,,,,,,0.0
10,6,4,,,,,,,,,0.0
10,6,4,,,,,,,,,0.0
10,6,4,,,,,,,,,0.0
10,7,4,,,,,,,,,0.0
10,7,4,,,,,,,,,0.0
10,7,4,,,,,,,,,0.0
10,7,4,,,,,,,,,0.0
10,8,4,,,,,,,,,0.0
10,8,4,,,,,,,,,0.0
10,8,4,,,,,,,,,0.0
10,8,4,,,,,,,,,0.0
10,9,4,,,,,,,,,0.015
10,9,4,,,,,,,,,0.135
10,9,4,,,,,,,,,0.2175
10,9,4,,,,,,,,,0.3725
10,10,4,,,,,,,,,0.5875
10,10,4,,,,,,,,,1.125
10,10,4,,,,,,,,,1.89
10,10,4,,,,,,,,,2.2975
10,11,4,,,,,,,,,2.3875
10,11,4,,,,,,,,,4.2025
10,11,4,,,,,,,,,4.98
10,11,4,,,,,,,,,5.425
10,12,4,,,,,,,,,5.775
10,12,4,,,,,,,,,6.1625
10,12,4,,,,,,,,,6.4425
10,12,4,,,,,,,,,6.71
10,13,4,,,,,,,,,6.955
10,13,4,,,,,,,,,7.125
10,13,4,,,,,,,,,7.255
10,13,4,,,,,,,,,7.3425
10,14,4,,,,,,,,,7.4025
10,14,4,,,,,,,,,7.41
10,14,4,,,,,,,,,7.405
10,14,4,,,,,,,,,7.4425
10,15,4,,,,,,,,,7.38
10,15,4,,,,,,,,,7.2175
10,15,4,,,,,,,,,7.0825
10,15,4,,,,,,,,,6.8875
10,16,4,,,,,,,,,6.6925
10,16,4,,,,,,,,,6.425
10,16,4,,,,,,,,,6.1
10,16,4,,,,,,,,,5.745
10,17,4,,,,,,,,,5.3925
10,17,4,,,,,,,,,4.99
10,17,4,,,,,,,,,4.5575
10,17,4,,,,,,,,,4.08
10,18,4,,,,,,,,,3.5975
10,18,4,,,,,,,,,3.095
10,18,4,,,,,,,,,2.5575
10,18,4,,,,,,,,,1.9775
10,19,4,,,,,,,,,1.3475
10,19,4,,,,,,,,,0.8325
10,19,4,,,,,,,,,0.45
10,19,4,,,,,,,,,0.1975
10,20,4,,,,,,,,,0.0725
10,20,4,,,,,,,,,0.005
10,20,4,,,,,,,,,0.0
10,20,4,,,,,,,,,0.0
10,21,4,,,,,,,,,0.0
10,21,4,,,,,,,,,0.0
10,21,4,,,,,,,,,0.0
10,21,4,,,,,,,,,0.0
10,22,4,,,,,,,,,0.0
10,22,4,,,,,,,,,0.0
10,22,4,,,,,,,,,0.0
10,22,4,,,,,,,,,0.0
10,23,4,,,,,,,,,0.0
10,23,4,,,,,,,,,0.0
10,23,4,,,,,,,,,0.0
10,23,4,,,,,,,,,0.0
10,24,4,,,,,,,,,0.0
10,24,4,,,,,,,,,0.0
10,24,4,,,,,,,,,0.0
10,24,4,,,,,,,,,0.0
10,1,5,,,,,,,,,0.0
10,1,5,,,,,,,,,0.0
10,1,5,,,,,,,,,0.0
10,1,5,,,,,,,,,0.0
10,2,5,,,,,,,,,0.0
10,2,5,,,,,,,,,0.0
10,2,5,,,,,,,,,0.0
10,2,5,,,,,,,,,0.0
10,3,5,,,,,,,,,0.0
10,3,5,,,,,,,,,0.0
10,3,5,,,,,,,,,0.0
10,3,5,,,,,,,,,0.0
10,4,5,,,,,,,,,0.0
10,4,5,,,,,,,,,0.0
10,4,5,,,,,,,,,0.0
10,4,5,,,,,,,,,0.0
10,5,5,,,,,,,,,0.0
10,5,5,,,,,,,,,0.0
10,5,5,,,,,,,,,0.0
10,5,5,,,,,,,,,0.0
10,6,5,,,,,,,,,0.0
10,6,5,,,,,,,,,0.0
10,6,5,,,,,,,,,0.0
10,6,5,,,,,,,,,0.0
10,7,5,,,,,,,,,0.0
10,7,5,,,,,,,,,0.0
10,7,5,,,,,,,,,0.0
10,7,5,,,,,,,,,0.0
10,8,5,,,,,,,,,0.0
10,8,5,,,,,,,,,0.0
10,8,5,,,,,,,,,0.0
10,8,5,,,,,,,,,0.0
10,9,5,,,,,,,,,0.05
10,9,5,,,,,,,,,0.2
10,9,5,,,,,,,,,0.625
10,9,5,,,,,,,,,1.385
10,10,5,,,,,,,,,2.1525
10,10,5,,,,,,,,,2.8325
10,10,5,,,,,,,,,3.465
10,10,5,,,,,,,,,4.055
10,11,5,,,,,,,,,4.585
10,11,5,,,,,,,,,5.08
10,11,5,,,,,,,,,5.5175
10,11,5,,,,,,,,,5.92
10,12,5,,,,,,,,,6.2625
10,12,5,,,,,,,,,6.545
10,12,5,,,,,,,,,6.8075
10,12,5,,,,,,,,,6.995
10,13,5,,,,,,,,,7.165
10,13,5,,,,,,,,,7.285
10,13,5,,,,,,,,,7.4
10,13,5,,,,,,,,,7.4875
10,14,5,,,,,,,,,7.4625
10,14,5,,,,,,,,,7.425
10,14,5,,,,,,,,,7.38
10,14,5,,,,,,,,,7.37
10,15,5,,,,,,,,,7.2225
10,15,5,,,,,,,,,7.0675
10,15,5,,,,,,,,,6.8825
10,15,5,,,,,,,,,6.74
10,16,5,,,,,,,,,6.6075
10,16,5,,,,,,,,,6.395
10,16,5,,,,,,,,,6.1775
10,16,5,,,,,,,,,5.91
10,17,5,,,,,,,,,5.5475
10,17,5,,,,,,,,,5.1525
10,17,5,,,,,,,,,4.72
10,17,5,,,,,,,,,4.245
10,18,5,,,,,,,,,3.755
10,18,5,,,,,,,,,3.2175
10,18,5,,,,,,,,,2.67
10,18,5,,,,,,,,,2.06
10,19,5,,,,,,,,,1.385
10,19,5,,,,,,,,,0.835
10,19,5,,,,,,,,,0.4275
10,19,5,,,,,,,,,0.16
10,20,5,,,,,,,,,0.0575
10,20,5,,,,,,,,,0.0025
10,20,5,,,,,,,,,0.0
10,20,5,,,,,,,,,0.0
10,21,5,,,,,,,,,0.0
10,21,5,,,,,,,,,0.0
10,21,5,,,,,,,,,0.0
10,21,5,,,,,,,,,0.0
10,22,5,,,,,,,,,0.0
10,22,5,,,,,,,,,0.0
10,22,5,,,,,,,,,0.0
10,22,5,,,,,,,,,0.0
10,23,5,,,,,,,,,0.0
10,23,5,,,,,,,,,0.0
10,23,5,,,,,,,,,0.0
10,23,5,,,,,,,,,0.0
10,24,5,,,,,,,,,0.0
10,24,5,,,,,,,,,0.0
10,24,5,,,,,,,,,0.0
10,24,5,,,,,,,,,0.0
10,1,6,,,,,,,,,0.0
10,1,6,,,,,,,,,0.0
10,1,6,,,,,,,,,0.0
10,1,6,,,,,,,,,0.0
10,2,6,,,,,,,,,0.0
10,2,6,,,,,,,,,0.0
10,2,6,,,,,,,,,0.0
10,2,6,,,,,,,,,0.0
10,3,6,,,,,,,,,0.0
10,3,6,,,,,,,,,0.0
10,3,6,,,,,,,,,0.0
10,3,6,,,,,,,,,0.0
10,4,6,,,,,,,,,0.0
10,4,6,,,,,,,,,0.0
10,4,6,,,,,,,,,0.0
10,4,6,,,,,,,,,0.0
10,5,6,,,,,,,,,0.0
10,5,6,,,,,,,,,0.0
10,5,6,,,,,,,,,0.0
10,5,6,,,,,,,,,0.0
10,6,6,,,,,,,,,0.0
10,6,6,,,,,,,,,0.0
10,6,6,,,,,,,,,0.0
10,6,6,,,,,,,,,0.0
10,7,6,,,,,,,,,0.0
10,7,6,,,,,,,,,0.0
10,7,6,,,,,,,,,0.0
10,7,6,,,,,,,,,0.0
10,8,6,,,,,,,,,0.0
10,8,6,,,,,,,,,0.0
10,8,6,,,,,,,,,0.0
10,8,6,,,,,,,,,0.0
10,9,6,,,,,,,,,0.0525
10,9,6,,,,,,,,,0.2125
10,9,6,,,,,,,,,0.54
10,9,6,,,,,,,,,1.19
10,10,6,,,,,,,,,1.925
10,10,6,,,,,,,,,2.56
10,10,6,,,,,,,,,3.16
10,10,6,,,,,,,,,3.72
10,11,6,,,,,,,,,4.2275
10,11,6,,,,,,,,,4.715
10,11,6,,,,,,,,,5.1525
10,11,6,,,,,,,,,5.5425
10,12,6,,,,,,,,,5.885
10,12,6,,,,,,,,,6.215
10,12,6,,,,,,,,,6.4775
10,12,6,,,,,,,,,6.7025
10,13,6,,,,,,,,,6.8725
10,13,6,,,,,,,,,7.015
10,13,6,,,,,,,,,7.1175
10,13,6,,,,,,,,,7.2
10,14,6,,,,,,,,,7.15
10,14,6,,,,,,,,,7.18
10,14,6,,,,,,,,,7.105
10,14,6,,,,,,,,,6.9775
10,15,6,,,,,,,,,6.935
10,15,6,,,,,,,,,6.955
10,15,6,,,,,,,,,6.795
10,15,6,,,,,,,,,6.66
10,16,6,,,,,,,,,6.4375
10,16,6,,,,,,,,,6.2275
10,16,6,,,,,,,,,5.9625
10,16,6,,,,,,,,,5.6575
10,17,6,,,,,,,,,5.3575
10,17,6,,,,,,,,,5.0
10,17,6,,,,,,,,,4.56
10,17,6,,,,,,,,,4.075
10,18,6,,,,,,,,,3.565
10,18,6,,,,,,,,,3.0675
10,18,6,,,,,,,,,2.5375
10,18,6,,,,,,,,,1.925
10,19,6,,,,,,,,,1.29
10,19,6,,,,,,,,,0.775
10,19,6,,,,,,,,,0.385
10,19,6,,,,,,,,,0.1375
10,20,6,,,,,,,,,0.04
10,20,6,,,,,,,,,0.0
10,20,6,,,,,,,,,0.0
10,20,6,,,,,,,,,0.0
10,21,6,,,,,,,,,0.0
10,21,6,,,,,,,,,0.0
10,21,6,,,,,,,,,0.0
10,21,6,,,,,,,,,0.0
10,22,6,,,,,,,,,0.0
10,22,6,,,,,,,,,0.0
10,22,6,,,,,,,,,0.0
10,22,6,,,,,,,,,0.0
10,23,6,,,,,,,,,0.0
10,23,6,,,,,,,,,0.0
10,23,6,,,,,,,,,0.0
10,23,6,,,,,,,,,0.0
10,24,6,,,,,,,,,0.0
10,24,6,,,,,,,,,0.0
10,24,6,,,,,,,,,0.0
10,24,6,,,,,,,,,0.0
10,1,7,,,,,,,,,0.0
10,1,7,,,,,,,,,0.0
10,1,7,,,,,,,,,0.0
10,1,7,,,,,,,,,0.0
10,2,7,,,,,,,,,0.0
10,2,7,,,,,,,,,0.0
10,2,7,,,,,,,,,0.0
10,2,7,,,,,,,,,0.0
10,3,7,,,,,,,,,0.0
10,3,7,,,,,,,,,0.0
10,3,7,,,,,,,,,0.0
10,3,7,,,,,,,,,0.0
10,4,7,,,,,,,,,0.0
10,4,7,,,,,,,,,0.0
10,4,7,,,,,,,,,0.0
10,4,7,,,,,,,,,0.0
10,5,7,,,,,,,,,0.0
10,5,7,,,,,,,,,0.0
10,5,7,,,,,,,,,0.0
10,5,7,,,,,,,,,0.0
10,6,7,,,,,,,,,0.0
10,6,7,,,,,,,,,0.0
10,6,7,,,,,,,,,0.0
10,6,7,,,,,,,,,0.0
10,7,7,,,,,,,,,0.0
10,7,7,,,,,,,,,0.0
10,7,7,,,,,,,,,0.0
10,7,7,,,,,,,,,0.0
10,8,7,,,,,,,,,0.0
10,8,7,,,,,,,,,0.0
10,8,7,,,,,,,,,0.0
10,8,7,,,,,,,,,0.0
10,9,7,,,,,,,,,0.04
10,9,7,,,,,,,,,0.1875
10,9,7,,,,,,,,,0.485
10,9,7,,,,,,,,,1.1175
10,10,7,,,,,,,,,1.885
10,10,7,,,,,,,,,2.5625
10,10,7,,,,,,,,,3.175
10,10,7,,,,,,,,,3.7575
10,11,7,,,,,,,,,4.2975
10,11,7,,,,,,,,,4.78
10,11,7,,,,,,,,,5.2225
10,11,7,,,,,,,,,5.6
10,12,7,,,,,,,,,5.9425
10,12,7,,,,,,,,,6.2
10,12,7,,,,,,,,,6.49
10,12,7,,,,,,,,,6.7075
10,13,7,,,,,,,,,6.885
10,13,7,,,,,,,,,7.01
10,13,7,,,,,,,,,7.115
10,13,7,,,,,,,,,7.18
10,14,7,,,,,,,,,7.18
10,14,7,,,,,,,,,7.195
10,14,7,,,,,,,,,7.115
10,14,7,,,,,,,,,7.105
10,15,7,,,,,,,,,7.215
10,15,7,,,,,,,,,6.8325
10,15,7,,,,,,,,,6.0975
10,15,7,,,,,,,,,5.3325
10,16,7,,,,,,,,,5.865
10,16,7,,,,,,,,,5.4525
10,16,7,,,,,,,,,5.135
10,16,7,,,,,,,,,5.005
10,17,7,,,,,,,,,5.11
10,17,7,,,,,,,,,4.34
10,17,7,,,,,,,,,3.805
10,17,7,,,,,,,,,3.38
10,18,7,,,,,,,,,3.3
10,18,7,,,,,,,,,2.985
10,18,7,,,,,,,,,2.425
10,18,7,,,,,,,,,2.0175
10,19,7,,,,,,,,,1.38
10,19,7,,,,,,,,,0.83
10,19,7,,,,,,,,,0.405
10,19,7,,,,,,,,,0.12
10,20,7,,,,,,,,,0.0425
10,20,7,,,,,,,,,0.0
10,20,7,,,,,,,,,0.0
10,20,7,,,,,,,,,0.0
10,21,7,,,,,,,,,0.0
10,21,7,,,,,,,,,0.0
10,21,7,,,,,,,,,0.0
10,21,7,,,,,,,,,0.0
10,22,7,,,,,,,,,0.0
10,22,7,,,,,,,,,0.0
10,22,7,,,,,,,,,0.0
10,22,7,,,,,,,,,0.0
10,23,7,,,,,,,,,0.0
10,23,7,,,,,,,,,0.0
10,23,7,,,,,,,,,0.0
10,23,7,,,,,,,,,0.0
10,24,7,,,,,,,,,0.0
10,24,7,,,,,,,,,0.0
10,24,7,,,,,,,,,0.0
10,24,7,,,,,,,,,0.0
10,1,1,,,,,,,,,0.0
10,1,1,,,,,,,,,0.0
10,1,1,,,,,,,,,0.0
10,1,1,,,,,,,,,0.0
10,2,1,,,,,,,,,0.0
10,2,1,,,,,,,,,0.0
10,2,1,,,,,,,,,0.0
10,2,1,,,,,,,,,0.0
10,3,1,,,,,,,,,0.0
10,3,1,,,,,,,,,0.0
10,3,1,,,,,,,,,0.0
10,3,1,,,,,,,,,0.0
10,4,1,,,,,,,,,0.0
10,4,1,,,,,,,,,0.0
10,4,1,,,,,,,,,0.0
10,4,1,,,,,,,,,0.0
10,5,1,,,,,,,,,0.0
10,5,1,,,,,,,,,0.0
10,5,1,,,,,,,,,0.0
10,5,1,,,,,,,,,0.0
10,6,1,,,,,,,,,0.0
10,6,1,,,,,,,,,0.0
10,6,1,,,,,,,,,0.0
10,6,1,,,,,,,,,0.0
10,7,1,,,,,,,,,0.0
10,7,1,,,,,,,,,0.0
10,7,1,,,,,,,,,0.0
10,7,1,,,,,,,,,0.0
10,8,1,,,,,,,,,0.0
10,8,1,,,,,,,,,0.0
10,8,1,,,,,,,,,0.0
10,8,1,,,,,,,,,0.0
10,9,1,,,,,,,,,0.0275
10,9,1,,,,,,,,,0.165
10,9,1,,,,,,,,,0.425
10,9,1,,,,,,,,,1.0275
10,10,1,,,,,,,,,1.8
10,10,1,,,,,,,,,2.43
10,10,1,,,,,,,,,3.0175
10,10,1,,,,,,,,,3.565
10,11,1,,,,,,,,,4.0625
10,11,1,,,,,,,,,4.535
10,11,1,,,,,,,,,4.9775
10,11,1,,,,,,,,,5.3775
10,12,1,,,,,,,,,5.735
10,12,1,,,,,,,,,6.015
10,12,1,,,,,,,,,6.285
10,12,1,,,,,,,,,6.495
10,13,1,,,,,,,,,6.7025
10,13,1,,,,,,,,,6.89
10,13,1,,,,,,,,,7.0175
10,13,1,,,,,,,,,7.125
10,14,1,,,,,,,,,7.22
10,14,1,,,,,,,,,7.255
10,14,1,,,,,,,,,7.2825
10,14,1,,,,,,,,,7.26
10,15,1,,,,,,,,,7.18
10,15,1,,,,,,,,,7.07
10,15,1,,,,,,,,,6.93
10,15,1,,,,,,,,,6.7475
10,16,1,,,,,,,,,6.53
10,16,1,,,,,,,,,6.2675
10,16,1,,,,,,,,,5.9775
10,16,1,,,,,,,,,5.6575
10,17,1,,,,,,,,,5.3325
10,17,1,,,,,,,,,4.94
10,17,1,,,,,,,,,4.52
10,17,1,,,,,,,,,4.055
10,18,1,,,,,,,,,3.58
10,18,1,,,,,,,,,3.08
10,18,1,,,,,,,,,2.5375
10,18,1,,,,,,,,,1.8825
10,19,1,,,,,,,,,1.2775
10,19,1,,,,,,,,,0.58
10,19,1,,,,,,,,,0.2875
10,19,1,,,,,,,,,0.1325
10,20,1,,,,,,,,,0.045
10,20,1,,,,,,,,,0.0
10,20,1,,,,,,,,,0.0
10,20,1,,,,,,,,,0.0
10,21,1,,,,,,,,,0.0
10,21,1,,,,,,,,,0.0
10,21,1,,,,,,,,,0.0
10,21,1,,,,,,,,,0.0
10,22,1,,,,,,,,,0.0
10,22,1,,,,,,,,,0.0
10,22,1,,,,,,,,,0.0
10,22,1,,,,,,,,,0.0
10,23,1,,,,,,,,,0.0
10,23,1,,,,,,,,,0.0
10,23,1,,,,,,,,,0.0
10,23,1,,,,,,,,,0.0
10,24,1,,,,,,,,,0.0
10,24,1,,,,,,,,,0.0
10,24,1,,,,,,,,,0.0
10,24,1,,,,,,,,,0.0
10,1,2,,,,,,,,,0.0
10,1,2,,,,,,,,,0.0
10,1,2,,,,,,,,,0.0
10,1,2,,,,,,,,,0.0
10,2,2,,,,,,,,,0.0
10,2,2,,,,,,,,,0.0
10,2,2,,,,,,,,,0.0
10,2,2,,,,,,,,,0.0
10,3,2,,,,,,,,,0.0
10,3,2,,,,,,,,,0.0
10,3,2,,,,,,,,,0.0
10,3,2,,,,,,,,,0.0
10,4,2,,,,,,,,,0.0
10,4,2,,,,,,,,,0.0
10,4,2,,,,,,,,,0.0
10,4,2,,,,,,,,,0.0
10,5,2,,,,,,,,,0.0
10,5,2,,,,,,,,,0.0
10,5,2,,,,,,,,,0.0
10,5,2,,,,,,,,,0.0
10,6,2,,,,,,,,,0.0
10,6,2,,,,,,,,,0.0
10,6,2,,,,,,,,,0.0
10,6,2,,,,,,,,,0.0
10,7,2,,,,,,,,,0.0
10,7,2,,,,,,,,,0.0
10,7,2,,,,,,,,,0.0
10,7,2,,,,,,,,,0.0
10,8,2,,,,,,,,,0.0
10,8,2,,,,,,,,,0.0
10,8,2,,,,,,,,,0.0
10,8,2,,,,,,,,,0.0
10,9,2,,,,,,,,,0.0325
10,9,2,,,,,,,,,0.1675
10,9,2,,,,,,,,,0.325
10,9,2,,,,,,,,,0.905
10,10,2,,,,,,,,,1.73
10,10,2,,,,,,,,,2.4025
10,10,2,,,,,,,,,3.045
10,10,2,,,,,,,,,3.6125
10,11,2,,,,,,,,,4.1125
10,11,2,,,,,,,,,4.59
10,11,2,,,,,,,,,5.035
10,11,2,,,,,,,,,5.46
10,12,2,,,,,,,,,5.81
10,12,2,,,,,,,,,6.09
10,12,2,,,,,,,,,6.4175
10,12,2,,,,,,,,,6.6075
10,13,2,,,,,,,,,6.8475
10,13,2,,,,,,,,,6.99
10,13,2,,,,,,,,,7.08
10,13,2,,,,,,,,,7.175
10,14,2,,,,,,,,,7.16
10,14,2,,,,,,,,,7.3075
10,14,2,,,,,,,,,7.21
10,14,2,,,,,,,,,6.98
10,15,2,,,,,,,,,6.9625
10,15,2,,,,,,,,,7.005
10,15,2,,,,,,,,,6.06
10,15,2,,,,,,,,,5.4575
10,16,2,,,,,,,,,4.2525
10,16,2,,,,,,,,,3.8275
10,16,2,,,,,,,,,3.735
10,16,2,,,,,,,,,3.275
10,17,2,,,,,,,,,2.6375
10,17,2,,,,,,,,,2.075
10,17,2,,,,,,,,,2.15
10,17,2,,,,,,,,,3.2025
10,18,2,,,,,,,,,2.825
10,18,2,,,,,,,,,3.125
10,18,2,,,,,,,,,2.265
10,18,2,,,,,,,,,1.365
10,19,2,,,,,,,,,0.87
10,19,2,,,,,,,,,0.605
10,19,2,,,,,,,,,0.3825
10,19,2,,,,,,,,,0.1575
10,20,2,,,,,,,,,0.0175
10,20,2,,,,,,,,,0.0
10,20,2,,,,,,,,,0.0
10,20,2,,,,,,,,,0.0
10,21,2,,,,,,,,,0.0
10,21,2,,,,,,,,,0.0
10,21,2,,,,,,,,,0.0
10,21,2,,,,,,,,,0.0
10,22,2,,,,,,,,,0.0
10,22,2,,,,,,,,,0.0
10,22,2,,,,,,,,,0.0
10,22,2,,,,,,,,,0.0
10,23,2,,,,,,,,,0.0
10,23,2,,,,,,,,,0.0
10,23,2,,,,,,,,,0.0
10,23,2,,,,,,,,,0.0
10,24,2,,,,,,,,,0.0
10,24,2,,,,,,,,,0.0
10,24,2,,,,,,,,,0.0
10,24,2,,,,,,,,,0.0
10,1,3,,,,,,,,,0.0
10,1,3,,,,,,,,,0.0
10,1,3,,,,,,,,,0.0
10,1,3,,,,,,,,,0.0
10,2,3,,,,,,,,,0.0
10,2,3,,,,,,,,,0.0
10,2,3,,,,,,,,,0.0
10,2,3,,,,,,,,,0.0
10,3,3,,,,,,,,,0.0
10,3,3,,,,,,,,,0.0
10,3,3,,,,,,,,,0.0
10,3,3,,,,,,,,,0.0
10,4,3,,,,,,,,,0.0
10,4,3,,,,,,,,,0.0
10,4,3,,,,,,,,,0.0
10,4,3,,,,,,,,,0.0
10,5,3,,,,,,,,,0.0
10,5,3,,,,,,,,,0.0
10,5,3,,,,,,,,,0.0
10,5,3,,,,,,,,,0.0
10,6,3,,,,,,,,,0.0
10,6,3,,,,,,,,,0.0
10,6,3,,,,,,,,,0.0
10,6,3,,,,,,,,,0.0
10,7,3,,,,,,,,,0.0
10,7,3,,,,,,,,,0.0
10,7,3,,,,,,,,,0.0
10,7,3,,,,,,,,,0.0
10,8,3,,,,,,,,,0.0
10,8,3,,,,,,,,,0.0
10,8,3,,,,,,,,,0.0
10,8,3,,,,,,,,,0.0
10,9,3,,,,,,,,,0.015
10,9,3,,,,,,,,,0.13
10,9,3,,,,,,,,,0.32
10,9,3,,,,,,,,,0.86
10,10,3,,,,,,,,,1.68
10,10,3,,,,,,,,,2.0825
10,10,3,,,,,,,,,2.735
10,10,3,,,,,,,,,3.445
10,11,3,,,,,,,,,4.0075
10,11,3,,,,,,,,,4.5375
10,11,3,,,,,,,,,4.845
10,11,3,,,,,,,,,4.725
10,12,3,,,,,,,,,3.45
10,12,3,,,,,,,,,4.49
10,12,3,,,,,,,,,6.02
10,12,3,,,,,,,,,4.98
10,13,3,,,,,,,,,6.05
10,13,3,,,,,,,,,6.1225
10,13,3,,,,,,,,,6.245
10,13,3,,,,,,,,,7.4575
10,14,3,,,,,,,,,6.9425
10,14,3,,,,,,,,,7.615
10,14,3,,,,,,,,,7.6925
10,14,3,,,,,,,,,4.0625
10,15,3,,,,,,,,,5.0925
10,15,3,,,,,,,,,7.725
10,15,3,,,,,,,,,6.9275
10,15,3,,,,,,,,,6.215
10,16,3,,,,,,,,,4.565
10,16,3,,,,,,,,,3.1275
10,16,3,,,,,,,,,4.78
10,16,3,,,,,,,,,6.3625
10,17,3,,,,,,,,,2.775
10,17,3,,,,,,,,,3.6525
10,17,3,,,,,,,,,2.8475
10,17,3,,,,,,,,,3.5775
10,18,3,,,,,,,,,2.8525
10,18,3,,,,,,,,,2.2475
10,18,3,,,,,,,,,1.105
10,18,3,,,,,,,,,0.8625
10,19,3,,,,,,,,,0.6375
10,19,3,,,,,,,,,0.385
10,19,3,,,,,,,,,0.195
10,19,3,,,,,,,,,0.065
10,20,3,,,,,,,,,0.0
10,20,3,,,,,,,,,0.0
10,20,3,,,,,,,,,0.0
10,20,3,,,,,,,,,0.0
10,21,3,,,,,,,,,0.0
10,21,3,,,,,,,,,0.0
10,21,3,,,,,,,,,0.0
10,21,3,,,,,,,,,0.0
10,22,3,,,,,,,,,0.0
10,22,3,,,,,,,,,0.0
10,22,3,,,,,,,,,0.0
10,22,3,,,,,,,,,0.0
10,23,3,,,,,,,,,0.0
10,23,3,,,,,,,,,0.0
10,23,3,,,,,,,,,0.0
10,23,3,,,,,,,,,0.0
10,24,3,,,,,,,,,0.0
10,24,3,,,,,,,,,0.0
10,24,3,,,,,,,,,0.0
10,24,3,,,,,,,,,0.0
10,1,4,,,,,,,,,0.0
10,1,4,,,,,,,,,0.0
10,1,4,,,,,,,,,0.0
10,1,4,,,,,,,,,0.0
10,2,4,,,,,,,,,0.0
10,2,4,,,,,,,,,0.0
10,2,4,,,,,,,,,0.0
10,2,4,,,,,,,,,0.0
10,3,4,,,,,,,,,0.0
10,3,4,,,,,,,,,0.0
10,3,4,,,,,,,,,0.0
10,3,4,,,,,,,,,0.0
10,4,4,,,,,,,,,0.0
10,4,4,,,,,,,,,0.0
10,4,4,,,,,,,,,0.0
10,4,4,,,,,,,,,0.0
10,5,4,,,,,,,,,0.0
10,5,4,,,,,,,,,0.0
10,5,4,,,,,,,,,0.0
10,5,4,,,,,,,,,0.0
10,6,4,,,,,,,,,0.0
10,6,4,,,,,,,,,0.0
10,6,4,,,,,,,,,0.0
10,6,4,,,,,,,,,0.0
10,7,4,,,,,,,,,0.0
10,7,4,,,,,,,,,0.0
10,7,4,,,,,,,,,0.0
10,7,4,,,,,,,,,0.0
10,8,4,,,,,,,,,0.0
10,8,4,,,,,,,,,0.0
10,8,4,,,,,,,,,0.0
10,8,4,,,,,,,,,0.0
10,9,4,,,,,,,,,0.0
10,9,4,,,,,,,,,0.0275
10,9,4,,,,,,,,,0.13
10,9,4,,,,,,,,,0.295
10,10,4,,,,,,,,,0.56
10,10,4,,,,,,,,,0.76
10,10,4,,,,,,,,,0.935
10,10,4,,,,,,,,,1.155
10,11,4,,,,,,,,,1.6425
10,11,4,,,,,,,,,3.675
10,11,4,,,,,,,,,2.32
10,11,4,,,,,,,,,2.62
10,12,4,,,,,,,,,3.07
10,12,4,,,,,,,,,3.81
10,12,4,,,,,,,,,5.335
10,12,4,,,,,,,,,6.76
10,13,4,,,,,,,,,6.65
10,13,4,,,,,,,,,7.135
10,13,4,,,,,,,,,7.6
10,13,4,,,,,,,,,7.505
10,14,4,,,,,,,,,7.39
10,14,4,,,,,,,,,7.1575
10,14,4,,,,,,,,,7.065
10,14,4,,,,,,,,,6.3275
10,15,4,,,,,,,,,6.77
10,15,4,,,,,,,,,6.96
10,15,4,,,,,,,,,6.65
10,15,4,,,,,,,,,5.955
10,16,4,,,,,,,,,5.7325
10,16,4,,,,,,,,,5.53
10,16,4,,,,,,,,,4.2575
10,16,4,,,,,,,,,4.9675
10,17,4,,,,,,,,,5.145
10,17,4,,,,,,,,,4.7825
10,17,4,,,,,,,,,3.425
10,17,4,,,,,,,,,1.5575
10,18,4,,,,,,,,,1.7175
10,18,4,,,,,,,,,1.81
10,18,4,,,,,,,,,1.585
10,18,4,,,,,,,,,0.75
10,19,4,,,,,,,,,1.2825
10,19,4,,,,,,,,,0.815
10,19,4,,,,,,,,,0.345
10,19,4,,,,,,,,,0.1125
10,20,4,,,,,,,,,0.015
10,20,4,,,,,,,,,0.0
10,20,4,,,,,,,,,0.0
10,20,4,,,,,,,,,0.0
10,21,4,,,,,,,,,0.0
10,21,4,,,,,,,,,0.0
10,21,4,,,,,,,,,0.0
10,21,4,,,,,,,,,0.0
10,22,4,,,,,,,,,0.0
10,22,4,,,,,,,,,0.0
10,22,4,,,,,,,,,0.0
10,22,4,,,,,,,,,0.0
10,23,4,,,,,,,,,0.0
10,23,4,,,,,,,,,0.0
10,23,4,,,,,,,,,0.0
10,23,4,,,,,,,,,0.0
10,24,4,,,,,,,,,0.0
10,24,4,,,,,,,,,0.0
10,24,4,,,,,,,,,0.0
10,24,4,,,,,,,,,0.0
10,1,5,,,,,,,,,0.0
10,1,5,,,,,,,,,0.0
10,1,5,,,,,,,,,0.0
10,1,5,,,,,,,,,0.0
10,2,5,,,,,,,,,0.0
10,2,5,,,,,,,,,0.0
10,2,5,,,,,,,,,0.0
10,2,5,,,,,,,,,0.0
10,3,5,,,,,,,,,0.0
10,3,5,,,,,,,,,0.0
10,3,5,,,,,,,,,0.0
10,3,5,,,,,,,,,0.0
10,4,5,,,,,,,,,0.0
10,4,5,,,,,,,,,0.0
10,4,5,,,,,,,,,0.0
10,4,5,,,,,,,,,0.0
10,5,5,,,,,,,,,0.0
10,5,5,,,,,,,,,0.0
10,5,5,,,,,,,,,0.0
10,5,5,,,,,,,,,0.0
10,6,5,,,,,,,,,0.0
10,6,5,,,,,,,,,0.0
10,6,5,,,,,,,,,0.0
10,6,5,,,,,,,,,0.0
10,7,5,,,,,,,,,0.0
10,7,5,,,,,,,,,0.0
10,7,5,,,,,,,,,0.0
10,7,5,,,,,,,,,0.0
10,8,5,,,,,,,,,0.0
10,8,5,,,,,,,,,0.0
10,8,5,,,,,,,,,0.0
10,8,5,,,,,,,,,0.0
10,9,5,,,,,,,,,0.01
10,9,5,,,,,,,,,0.125
10,9,5,,,,,,,,,0.325
10,9,5,,,,,,,,,0.605
10,10,5,,,,,,,,,1.18
10,10,5,,,,,,,,,1.775
10,10,5,,,,,,,,,2.33
10,10,5,,,,,,,,,2.8925
10,11,5,,,,,,,,,3.485
10,11,5,,,,,,,,,3.9425
10,11,5,,,,,,,,,4.3325
10,11,5,,,,,,,,,4.7875
10,12,5,,,,,,,,,5.1825
10,12,5,,,,,,,,,5.52
10,12,5,,,,,,,,,5.8675
10,12,5,,,,,,,,,6.1375
10,13,5,,,,,,,,,6.3525
10,13,5,,,,,,,,,6.565
10,13,5,,,,,,,,,6.67
10,13,5,,,,,,,,,6.8
10,14,5,,,,,,,,,6.915
10,14,5,,,,,,,,,6.935
10,14,5,,,,,,,,,6.92
10,14,5,,,,,,,,,6.8775
10,15,5,,,,,,,,,6.8025
10,15,5,,,,,,,,,6.6875
10,15,5,,,,,,,,,6.5325
10,15,5,,,,,,,,,5.87
10,16,5,,,,,,,,,5.6275
10,16,5,,,,,,,,,5.1425
10,16,5,,,,,,,,,5.315
10,16,5,,,,,,,,,5.0325
10,17,5,,,,,,,,,4.9075
10,17,5,,,,,,,,,4.14
10,17,5,,,,,,,,,3.8325
10,17,5,,,,,,,,,3.48
10,18,5,,,,,,,,,2.5725
10,18,5,,,,,,,,,1.6825
10,18,5,,,,,,,,,1.2125
10,18,5,,,,,,,,,0.9075
10,19,5,,,,,,,,,1.2475
10,19,5,,,,,,,,,0.69
10,19,5,,,,,,,,,0.325
10,19,5,,,,,,,,,0.155
10,20,5,,,,,,,,,0.02
10,20,5,,,,,,,,,0.0
10,20,5,,,,,,,,,0.0
10,20,5,,,,,,,,,0.0
10,21,5,,,,,,,,,0.0
10,21,5,,,,,,,,,0.0
10,21,5,,,,,,,,,0.0
10,21,5,,,,,,,,,0.0
10,22,5,,,,,,,,,0.0
10,22,5,,,,,,,,,0.0
10,22,5,,,,,,,,,0.0
10,22,5,,,,,,,,,0.0
10,23,5,,,,,,,,,0.0
10,23,5,,,,,,,,,0.0
10,23,5,,,,,,,,,0.0
10,23,5,,,,,,,,,0.0
10,24,5,,,,,,,,,0.0
10,24,5,,,,,,,,,0.0
10,24,5,,,,,,,,,0.0
10,24,5,,,,,,,,,0.0
10,1,6,,,,,,,,,0.0
10,1,6,,,,,,,,,0.0
10,1,6,,,,,,,,,0.0
10,1,6,,,,,,,,,0.0
10,2,6,,,,,,,,,0.0
10,2,6,,,,,,,,,0.0
10,2,6,,,,,,,,,0.0
10,2,6,,,,,,,,,0.0
10,3,6,,,,,,,,,0.0
10,3,6,,,,,,,,,0.0
10,3,6,,,,,,,,,0.0
10,3,6,,,,,,,,,0.0
10,4,6,,,,,,,,,0.0
10,4,6,,,,,,,,,0.0
10,4,6,,,,,,,,,0.0
10,4,6,,,,,,,,,0.0
10,5,6,,,,,,,,,0.0
10,5,6,,,,,,,,,0.0
10,5,6,,,,,,,,,0.0
10,5,6,,,,,,,,,0.0
10,6,6,,,,,,,,,0.0
10,6,6,,,,,,,,,0.0
10,6,6,,,,,,,,,0.0
10,6,6,,,,,,,,,0.0
10,7,6,,,,,,,,,0.0
10,7,6,,,,,,,,,0.0
10,7,6,,,,,,,,,0.0
10,7,6,,,,,,,,,0.0
10,8,6,,,,,,,,,0.0
10,8,6,,,,,,,,,0.0
10,8,6,,,,,,,,,0.0
10,8,6,,,,,,,,,0.0
10,9,6,,,,,,,,,0.0075
10,9,6,,,,,,,,,0.11
10,9,6,,,,,,,,,0.315
10,9,6,,,,,,,,,0.6975
10,10,6,,,,,,,,,1.405
10,10,6,,,,,,,,,1.915
10,10,6,,,,,,,,,2.785
10,10,6,,,,,,,,,3.38
10,11,6,,,,,,,,,3.78
10,11,6,,,,,,,,,4.09
10,11,6,,,,,,,,,4.82
10,11,6,,,,,,,,,3.8925
10,12,6,,,,,,,,,3.5025
10,12,6,,,,,,,,,3.395
10,12,6,,,,,,,,,5.2125
10,12,6,,,,,,,,,5.8475
10,13,6,,,,,,,,,6.19
10,13,6,,,,,,,,,6.57
10,13,6,,,,,,,,,6.72
10,13,6,,,,,,,,,7.11
10,14,6,,,,,,,,,7.105
10,14,6,,,,,,,,,7.1475
10,14,6,,,,,,,,,7.14
10,14,6,,,,,,,,,6.7625
10,15,6,,,,,,,,,6.49
10,15,6,,,,,,,,,5.695
10,15,6,,,,,,,,,6.455
10,15,6,,,,,,,,,4.5875
10,16,6,,,,,,,,,4.09
10,16,6,,,,,,,,,6.43
10,16,6,,,,,,,,,5.7475
10,16,6,,,,,,,,,5.2975
10,17,6,,,,,,,,,4.3725
10,17,6,,,,,,,,,4.625
10,17,6,,,,,,,,,3.5175
10,17,6,,,,,,,,,1.91
10,18,6,,,,,,,,,1.39
10,18,6,,,,,,,,,1.425
10,18,6,,,,,,,,,0.87
10,18,6,,,,,,,,,0.52
10,19,6,,,,,,,,,0.4175
10,19,6,,,,,,,,,0.2975
10,19,6,,,,,,,,,0.1575
10,19,6,,,,,,,,,0.0425
10,20,6,,,,,,,,,0.0
10,20,6,,,,,,,,,0.0
10,20,6,,,,,,,,,0.0
10,20,6,,,,,,,,,0.0
10,21,6,,,,,,,,,0.0
10,21,6,,,,,,,,,0.0
10,21,6,,,,,,,,,0.0
10,21,6,,,,,,,,,0.0
10,22,6,,,,,,,,,0.0
10,22,6,,,,,,,,,0.0
10,22,6,,,,,,,,,0.0
10,22,6,,,,,,,,,0.0
10,23,6,,,,,,,,,0.0
10,23,6,,,,,,,,,0.0
10,23,6,,,,,,,,,0.0
10,23,6,,,,,,,,,0.0
10,24,6,,,,,,,,,0.0
10,24,6,,,,,,,,,0.0
10,24,6,,,,,,,,,0.0
10,24,6,,,,,,,,,0.0
10,1,7,,,,,,,,,0.0
10,1,7,,,,,,,,,0.0
10,1,7,,,,,,,,,0.0
10,1,7,,,,,,,,,0.0
10,2,7,,,,,,,,,0.0
10,2,7,,,,,,,,,0.0
10,2,7,,,,,,,,,0.0
10,2,7,,,,,,,,,0.0
10,3,7,,,,,,,,,0.0
10,3,7,,,,,,,,,0.0
10,3,7,,,,,,,,,0.0
10,3,7,,,,,,,,,0.0
10,4,7,,,,,,,,,0.0
10,4,7,,,,,,,,,0.0
10,4,7,,,,,,,,,0.0
10,4,7,,,,,,,,,0.0
10,5,7,,,,,,,,,0.0
10,5,7,,,,,,,,,0.0
10,5,7,,,,,,,,,0.0
10,5,7,,,,,,,,,0.0
10,6,7,,,,,,,,,0.0
10,6,7,,,,,,,,,0.0
10,6,7,,,,,,,,,0.0
10,6,7,,,,,,,,,0.0
10,7,7,,,,,,,,,0.0
10,7,7,,,,,,,,,0.0
10,7,7,,,,,,,,,0.0
10,7,7,,,,,,,,,0.0
10,8,7,,,,,,,,,0.0
10,8,7,,,,,,,,,0.0
10,8,7,,,,,,,,,0.0
10,8,7,,,,,,,,,0.0
10,9,7,,,,,,,,,0.0
10,9,7,,,,,,,,,0.0
10,9,7,,,,,,,,,0.055
10,9,7,,,,,,,,,0.2575
10,10,7,,,,,,,,,0.4775
10,10,7,,,,,,,,,0.7525
10,10,7,,,,,,,,,0.84
10,10,7,,,,,,,,,0.455
10,11,7,,,,,,,,,0.4825
10,11,7,,,,,,,,,0.7425
10,11,7,,,,,,,,,0.56
10,11,7,,,,,,,,,0.515
10,12,7,,,,,,,,,0.6925
10,12,7,,,,,,,,,1.06
10,12,7,,,,,,,,,1.14
10,12,7,,,,,,,,,1.305
10,13,7,,,,,,,,,1.055
10,13,7,,,,,,,,,1.355
10,13,7,,,,,,,,,0.665
10,13,7,,,,,,,,,0.645
10,14,7,,,,,,,,,0.89
10,14,7,,,,,,,,,0.625
10,14,7,,,,,,,,,0.75
10,14,7,,,,,,,,,0.7
10,15,7,,,,,,,,,0.6675
10,15,7,,,,,,,,,0.64
10,15,7,,,,,,,,,0.565
10,15,7,,,,,,,,,0.605
10,16,7,,,,,,,,,0.385
10,16,7,,,,,,,,,0.5175
10,16,7,,,,,,,,,0.69
10,16,7,,,,,,,,,0.85
10,17,7,,,,,,,,,0.4675
10,17,7,,,,,,,,,0.39
10,17,7,,,,,,,,,0.47
10,17,7,,,,,,,,,0.4225
10,18,7,,,,,,,,,0.46
10,18,7,,,,,,,,,0.94
10,18,7,,,,,,,,,0.4725
10,18,7,,,,,,,,,0.4475
10,19,7,,,,,,,,,0.45
10,19,7,,,,,,,,,0.2925
10,19,7,,,,,,,,,0.13
10,19,7,,,,,,,,,0.02
10,20,7,,,,,,,,,0.0
10,20,7,,,,,,,,,0.0
10,20,7,,,,,,,,,0.0
10,20,7,,,,,,,,,0.0
10,21,7,,,,,,,,,0.0
10,21,7,,,,,,,,,0.0
10,21,7,,,,,,,,,0.0
10,21,7,,,,,,,,,0.0
10,22,7,,,,,,,,,0.0
10,22,7,,,,,,,,,0.0
10,22,7,,,,,,,,,0.0
10,22,7,,,,,,,,,0.0
10,23,7,,,,,,,,,0.0
10,23,7,,,,,,,,,0.0
10,23,7,,,,,,,,,0.0
10,23,7,,,,,,,,,0.0
10,24,7,,,,,,,,,0.0
10,24,7,,,,,,,,,0.0
10,24,7,,,,,,,,,0.0
10,24,7,,,,,,,,,0.0
10,1,1,,,,,,,,,0.0
10,1,1,,,,,,,,,0.0
10,1,1,,,,,,,,,0.0
10,1,1,,,,,,,,,0.0
10,2,1,,,,,,,,,0.0
10,2,1,,,,,,,,,0.0
10,2,1,,,,,,,,,0.0
10,2,1,,,,,,,,,0.0
10,3,1,,,,,,,,,0.0
10,3,1,,,,,,,,,0.0
10,3,1,,,,,,,,,0.0
10,3,1,,,,,,,,,0.0
10,4,1,,,,,,,,,0.0
10,4,1,,,,,,,,,0.0
10,4,1,,,,,,,,,0.0
10,4,1,,,,,,,,,0.0
10,5,1,,,,,,,,,0.0
10,5,1,,,,,,,,,0.0
10,5,1,,,,,,,,,0.0
10,5,1,,,,,,,,,0.0
10,6,1,,,,,,,,,0.0
10,6,1,,,,,,,,,0.0
10,6,1,,,,,,,,,0.0
10,6,1,,,,,,,,,0.0
10,7,1,,,,,,,,,0.0
10,7,1,,,,,,,,,0.0
10,7,1,,,,,,,,,0.0
10,7,1,,,,,,,,,0.0
10,8,1,,,,,,,,,0.0
10,8,1,,,,,,,,,0.0
10,8,1,,,,,,,,,0.0
10,8,1,,,,,,,,,0.0
10,9,1,,,,,,,,,0.0
10,9,1,,,,,,,,,0.0525
10,9,1,,,,,,,,,0.1825
10,9,1,,,,,,,,,0.2225
10,10,1,,,,,,,,,0.215
10,10,1,,,,,,,,,0.5525
10,10,1,,,,,,,,,1.03
10,10,1,,,,,,,,,3.2075
10,11,1,,,,,,,,,4.11
10,11,1,,,,,,,,,2.745
10,11,1,,,,,,,,,3.17
10,11,1,,,,,,,,,2.7375
10,12,1,,,,,,,,,2.84
10,12,1,,,,,,,,,2.47
10,12,1,,,,,,,,,2.605
10,12,1,,,,,,,,,3.225
10,13,1,,,,,,,,,2.965
10,13,1,,,,,,,,,1.49
10,13,1,,,,,,,,,1.78
10,13,1,,,,,,,,,3.45
10,14,1,,,,,,,,,4.635
10,14,1,,,,,,,,,3.3225
10,14,1,,,,,,,,,1.92
10,14,1,,,,,,,,,1.9325
10,15,1,,,,,,,,,3.7225
10,15,1,,,,,,,,,5.4675
10,15,1,,,,,,,,,3.135
10,15,1,,,,,,,,,3.1475
10,16,1,,,,,,,,,4.0775
10,16,1,,,,,,,,,2.275
10,16,1,,,,,,,,,1.85
10,16,1,,,,,,,,,1.39
10,17,1,,,,,,,,,1.1325
10,17,1,,,,,,,,,0.675
10,17,1,,,,,,,,,0.52
10,17,1,,,,,,,,,0.345
10,18,1,,,,,,,,,0.3525
10,18,1,,,,,,,,,0.545
10,18,1,,,,,,,,,0.4225
10,18,1,,,,,,,,,0.1975
10,19,1,,,,,,,,,0.125
10,19,1,,,,,,,,,0.0875
10,19,1,,,,,,,,,0.015
10,19,1,,,,,,,,,0.0
10,20,1,,,,,,,,,0.0
10,20,1,,,,,,,,,0.0
10,20,1,,,,,,,,,0.0
10,20,1,,,,,,,,,0.0
10,21,1,,,,,,,,,0.0
10,21,1,,,,,,,,,0.0
10,21,1,,,,,,,,,0.0
10,21,1,,,,,,,,,0.0
10,22,1,,,,,,,,,0.0
10,22,1,,,,,,,,,0.0
10,22,1,,,,,,,,,0.0
10,22,1,,,,,,,,,0.0
10,23,1,,,,,,,,,0.0
10,23,1,,,,,,,,,0.0
10,23,1,,,,,,,,,0.0
10,23,1,,,,,,,,,0.0
10,24,1,,,,,,,,,0.0
10,24,1,,,,,,,,,0.0
10,24,1,,,,,,,,,0.0
10,24,1,,,,,,,,,0.0
10,1,2,,,,,,,,,0.0
10,1,2,,,,,,,,,0.0
10,1,2,,,,,,,,,0.0
10,1,2,,,,,,,,,0.0
10,2,2,,,,,,,,,0.0
10,2,2,,,,,,,,,0.0
10,2,2,,,,,,,,,0.0
10,2,2,,,,,,,,,0.0
10,3,2,,,,,,,,,0.0
10,3,2,,,,,,,,,0.0
10,3,2,,,,,,,,,0.0
10,3,2,,,,,,,,,0.0
10,4,2,,,,,,,,,0.0
10,4,2,,,,,,,,,0.0
10,4,2,,,,,,,,,0.0
10,4,2,,,,,,,,,0.0
10,5,2,,,,,,,,,0.0
10,5,2,,,,,,,,,0.0
10,5,2,,,,,,,,,0.0
10,5,2,,,,,,,,,0.0
10,6,2,,,,,,,,,0.0
10,6,2,,,,,,,,,0.0
10,6,2,,,,,,,,,0.0
10,6,2,,,,,,,,,0.0
10,7,2,,,,,,,,,0.0
10,7,2,,,,,,,,,0.0
10,7,2,,,,,,,,,0.0
10,7,2,,,,,,,,,0.0
10,8,2,,,,,,,,,0.0
10,8,2,,,,,,,,,0.0
10,8,2,,,,,,,,,0.0
10,8,2,,,,,,,,,0.0
10,9,2,,,,,,,,,0.0
10,9,2,,,,,,,,,0.0
10,9,2,,,,,,,,,0.035
10,9,2,,,,,,,,,0.1275
10,10,2,,,,,,,,,0.1525
10,10,2,,,,,,,,,0.185
10,10,2,,,,,,,,,0.2125
10,10,2,,,,,,,,,0.6925
10,11,2,,,,,,,,,1.1675
10,11,2,,,,,,,,,0.6725
10,11,2,,,,,,,,,0.935
10,11,2,,,,,,,,,1.5025
10,12,2,,,,,,,,,1.1775
10,12,2,,,,,,,,,1.1475
10,12,2,,,,,,,,,0.93
10,12,2,,,,,,,,,1.4175
10,13,2,,,,,,,,,1.405
10,13,2,,,,,,,,,0.98
10,13,2,,,,,,,,,1.2425
10,13,2,,,,,,,,,1.57
10,14,2,,,,,,,,,2.1075
10,14,2,,,,,,,,,1.5375
10,14,2,,,,,,,,,1.51
10,14,2,,,,,,,,,2.1125
10,15,2,,,,,,,,,2.33
10,15,2,,,,,,,,,2.4775
10,15,2,,,,,,,,,1.7225
10,15,2,,,,,,,,,1.815
10,16,2,,,,,,,,,1.25
10,16,2,,,,,,,,,1.02
10,16,2,,,,,,,,,1.4425
10,16,2,,,,,,,,,1.1625
10,17,2,,,,,,,,,1.39
10,17,2,,,,,,,,,1.275
10,17,2,,,,,,,,,1.3425
10,17,2,,,,,,,,,2.2425
10,18,2,,,,,,,,,3.11
10,18,2,,,,,,,,,2.63
10,18,2,,,,,,,,,1.2
10,18,2,,,,,,,,,1.4725
10,19,2,,,,,,,,,0.81
10,19,2,,,,,,,,,0.3125
10,19,2,,,,,,,,,0.1375
10,19,2,,,,,,,,,0.04
10,20,2,,,,,,,,,0.0
10,20,2,,,,,,,,,0.0
10,20,2,,,,,,,,,0.0
10,20,2,,,,,,,,,0.0
10,21,2,,,,,,,,,0.0
10,21,2,,,,,,,,,0.0
10,21,2,,,,,,,,,0.0
10,21,2,,,,,,,,,0.0
10,22,2,,,,,,,,,0.0
10,22,2,,,,,,,,,0.0
10,22,2,,,,,,,,,0.0
10,22,2,,,,,,,,,0.0
10,23,2,,,,,,,,,0.0
10,23,2,,,,,,,,,0.0
10,23,2,,,,,,,,,0.0
10,23,2,,,,,,,,,0.0
10,24,2,,,,,,,,,0.0
10,24,2,,,,,,,,,0.0
10,24,2,,,,,,,,,0.0
10,24,2,,,,,,,,,0.0
10,1,3,,,,,,,,,0.0
10,1,3,,,,,,,,,0.0
10,1,3,,,,,,,,,0.0
10,1,3,,,,,,,,,0.0
10,2,3,,,,,,,,,0.0
10,2,3,,,,,,,,,0.0
10,2,3,,,,,,,,,0.0
10,2,3,,,,,,,,,0.0
10,3,3,,,,,,,,,0.0
10,3,3,,,,,,,,,0.0
10,3,3,,,,,,,,,0.0
10,3,3,,,,,,,,,0.0
10,4,3,,,,,,,,,0.0
10,4,3,,,,,,,,,0.0
10,4,3,,,,,,,,,0.0
10,4,3,,,,,,,,,0.0
10,5,3,,,,,,,,,0.0
10,5,3,,,,,,,,,0.0
10,5,3,,,,,,,,,0.0
10,5,3,,,,,,,,,0.0
10,6,3,,,,,,,,,0.0
10,6,3,,,,,,,,,0.0
10,6,3,,,,,,,,,0.0
10,6,3,,,,,,,,,0.0
10,7,3,,,,,,,,,0.0
10,7,3,,,,,,,,,0.0
10,7,3,,,,,,,,,0.0
10,7,3,,,,,,,,,0.0
10,8,3,,,,,,,,,0.0
10,8,3,,,,,,,,,0.0
10,8,3,,,,,,,,,0.0
10,8,3,,,,,,,,,0.0
10,9,3,,,,,,,,,0.0
10,9,3,,,,,,,,,0.0
10,9,3,,,,,,,,,0.0325
10,9,3,,,,,,,,,0.07
10,10,3,,,,,,,,,0.12
10,10,3,,,,,,,,,0.1475
10,10,3,,,,,,,,,0.275
10,10,3,,,,,,,,,0.8375
10,11,3,,,,,,,,,0.895
10,11,3,,,,,,,,,1.0825
10,11,3,,,,,,,,,1.025
10,11,3,,,,,,,,,1.155
10,12,3,,,,,,,,,1.16
10,12,3,,,,,,,,,1.295
10,12,3,,,,,,,,,1.2525
10,12,3,,,,,,,,,1.995
10,13,3,,,,,,,,,1.22
10,13,3,,,,,,,,,0.9325
10,13,3,,,,,,,,,0.95
10,13,3,,,,,,,,,0.735
10,14,3,,,,,,,,,1.0225
10,14,3,,,,,,,,,1.7225
10,14,3,,,,,,,,,1.585
10,14,3,,,,,,,,,1.615
10,15,3,,,,,,,,,1.695
10,15,3,,,,,,,,,2.1725
10,15,3,,,,,,,,,1.2925
10,15,3,,,,,,,,,1.63
10,16,3,,,,,,,,,1.0125
10,16,3,,,,,,,,,0.9725
10,16,3,,,,,,,,,2.595
10,16,3,,,,,,,,,2.575
10,17,3,,,,,,,,,2.205
10,17,3,,,,,,,,,1.7375
10,17,3,,,,,,,,,0.795
10,17,3,,,,,,,,,0.9525
10,18,3,,,,,,,,,0.7125
10,18,3,,,,,,,,,0.52
10,18,3,,,,,,,,,1.005
10,18,3,,,,,,,,,0.8775
10,19,3,,,,,,,,,0.825
10,19,3,,,,,,,,,0.38
10,19,3,,,,,,,,,0.15
10,19,3,,,,,,,,,0.06
10,20,3,,,,,,,,,0.0
10,20,3,,,,,,,,,0.0
10,20,3,,,,,,,,,0.0
10,20,3,,,,,,,,,0.0
10,21,3,,,,,,,,,0.0
10,21,3,,,,,,,,,0.0
10,21,3,,,,,,,,,0.0
10,21,3,,,,,,,,,0.0
10,22,3,,,,,,,,,0.0
10,22,3,,,,,,,,,0.0
10,22,3,,,,,,,,,0.0
10,22,3,,,,,,,,,0.0
10,23,3,,,,,,,,,0.0
10,23,3,,,,,,,,,0.0
10,23,3,,,,,,,,,0.0
10,23,3,,,,,,,,,0.0
10,24,3,,,,,,,,,0.0
10,24,3,,,,,,,,,0.0
10,24,3,,,,,,,,,0.0
10,24,3,,,,,,,,,0.0
10,1,4,,,,,,,,,0.0
10,1,4,,,,,,,,,0.0
10,1,4,,,,,,,,,0.0
10,1,4,,,,,,,,,0.0
10,2,4,,,,,,,,,0.0
10,2,4,,,,,,,,,0.0
10,2,4,,,,,,,,,0.0
10,2,4,,,,,,,,,0.0
10,3,4,,,,,,,,,0.0
10,3,4,,,,,,,,,0.0
10,3,4,,,,,,,,,0.0
10,3,4,,,,,,,,,0.0
10,4,4,,,,,,,,,0.0
10,4,4,,,,,,,,,0.0
10,4,4,,,,,,,,,0.0
10,4,4,,,,,,,,,0.0
10,5,4,,,,,,,,,0.0
10,5,4,,,,,,,,,0.0
10,5,4,,,,,,,,,0.0
10,5,4,,,,,,,,,0.0
10,6,4,,,,,,,,,0.0
10,6,4,,,,,,,,,0.0
10,6,4,,,,,,,,,0.0
10,6,4,,,,,,,,,0.0
10,7,4,,,,,,,,,0.0
10,7,4,,,,,,,,,0.0
10,7,4,,,,,,,,,0.0
10,7,4,,,,,,,,,0.0
10,8,4,,,,,,,,,0.0
10,8,4,,,,,,,,,0.0
10,8,4,,,,,,,,,0.0
10,8,4,,,,,,,,,0.0
10,9,4,,,,,,,,,0.0
10,9,4,,,,,,,,,0.0
10,9,4,,,,,,,,,0.07
10,9,4,,,,,,,,,0.19
10,10,4,,,,,,,,,0.235
10,10,4,,,,,,,,,0.4625
10,10,4,,,,,,,,,0.475
10,10,4,,,,,,,,,0.4525
10,11,4,,,,,,,,,0.5725
10,11,4,,,,,,,,,0.7275
10,11,4,,,,,,,,,0.785
10,11,4,,,,,,,,,1.0875
10,12,4,,,,,,,,,1.52
10,12,4,,,,,,,,,2.07
10,12,4,,,,,,,,,1.7475
10,12,4,,,,,,,,,2.7
10,13,4,,,,,,,,,2.0025
10,13,4,,,,,,,,,2.6175
10,13,4,,,,,,,,,2.21
10,13,4,,,,,,,,,2.2425
10,14,4,,,,,,,,,2.1875
10,14,4,,,,,,,,,2.88
10,14,4,,,,,,,,,2.3775
10,14,4,,,,,,,,,1.815
10,15,4,,,,,,,,,2.5325
10,15,4,,,,,,,,,2.8675
10,15,4,,,,,,,,,2.725
10,15,4,,,,,,,,,3.35
10,16,4,,,,,,,,,2.065
10,16,4,,,,,,,,,1.7425
10,16,4,,,,,,,,,1.0825
10,16,4,,,,,,,,,0.8125
10,17,4,,,,,,,,,0.7775
10,17,4,,,,,,,,,0.98
10,17,4,,,,,,,,,0.82
10,17,4,,,,,,,,,0.5625
10,18,4,,,,,,,,,0.37
10,18,4,,,,,,,,,0.35
10,18,4,,,,,,,,,0.235
10,18,4,,,,,,,,,0.155
10,19,4,,,,,,,,,0.1125
10,19,4,,,,,,,,,0.0475
10,19,4,,,,,,,,,0.005
10,19,4,,,,,,,,,0.0
10,20,4,,,,,,,,,0.0
10,20,4,,,,,,,,,0.0
10,20,4,,,,,,,,,0.0
10,20,4,,,,,,,,,0.0
10,21,4,,,,,,,,,0.0
10,21,4,,,,,,,,,0.0
10,21,4,,,,,,,,,0.0
10,21,4,,,,,,,,,0.0
10,22,4,,,,,,,,,0.0
10,22,4,,,,,,,,,0.0
10,22,4,,,,,,,,,0.0
10,22,4,,,,,,,,,0.0
10,23,4,,,,,,,,,0.0
10,23,4,,,,,,,,,0.0
10,23,4,,,,,,,,,0.0
10,23,4,,,,,,,,,0.0
10,24,4,,,,,,,,,0.0
10,24,4,,,,,,,,,0.0
10,24,4,,,,,,,,,0.0
10,24,4,,,,,,,,,0.0
10,1,5,,,,,,,,,0.0
10,1,5,,,,,,,,,0.0
10,1,5,,,,,,,,,0.0
10,1,5,,,,,,,,,0.0
10,2,5,,,,,,,,,0.0
10,2,5,,,,,,,,,0.0
10,2,5,,,,,,,,,0.0
10,2,5,,,,,,,,,0.0
10,3,5,,,,,,,,,0.0
10,3,5,,,,,,,,,0.0
10,3,5,,,,,,,,,0.0
10,3,5,,,,,,,,,0.0
10,4,5,,,,,,,,,0.0
10,4,5,,,,,,,,,0.0
10,4,5,,,,,,,,,0.0
10,4,5,,,,,,,,,0.0
10,5,5,,,,,,,,,0.0
10,5,5,,,,,,,,,0.0
10,5,5,,,,,,,,,0.0
10,5,5,,,,,,,,,0.0
10,6,5,,,,,,,,,0.0
10,6,5,,,,,,,,,0.0
10,6,5,,,,,,,,,0.0
10,6,5,,,,,,,,,0.0
10,7,5,,,,,,,,,0.0
10,7,5,,,,,,,,,0.0
10,7,5,,,,,,,,,0.0
10,7,5,,,,,,,,,0.0
10,8,5,,,,,,,,,0.0
10,8,5,,,,,,,,,0.0
10,8,5,,,,,,,,,0.0
10,8,5,,,,,,,,,0.0
10,9,5,,,,,,,,,0.0
10,9,5,,,,,,,,,0.0375
10,9,5,,,,,,,,,0.0975
10,9,5,,,,,,,,,0.2275
10,10,5,,,,,,,,,0.5375
10,10,5,,,,,,,,,0.8225
10,10,5,,,,,,,,,0.97
10,10,5,,,,,,,,,0.78
10,11,5,,,,,,,,,0.9825
10,11,5,,,,,,,,,1.3675
10,11,5,,,,,,,,,1.79
10,11,5,,,,,,,,,2.145
10,12,5,,,,,,,,,1.83
10,12,5,,,,,,,,,2.3175
10,12,5,,,,,,,,,2.645
10,12,5,,,,,,,,,4.99
10,13,5,,,,,,,,,3.57
10,13,5,,,,,,,,,4.11
10,13,5,,,,,,,,,6.45
10,13,5,,,,,,,,,5.9125
10,14,5,,,,,,,,,7.21
10,14,5,,,,,,,,,5.815
10,14,5,,,,,,,,,7.4275
10,14,5,,,,,,,,,5.585
10,15,5,,,,,,,,,6.78
10,15,5,,,,,,,,,6.2
10,15,5,,,,,,,,,4.805
10,15,5,,,,,,,,,4.4975
10,16,5,,,,,,,,,3.1875
10,16,5,,,,,,,,,3.3325
10,16,5,,,,,,,,,5.4675
10,16,5,,,,,,,,,3.5725
10,17,5,,,,,,,,,1.6275
10,17,5,,,,,,,,,2.78
10,17,5,,,,,,,,,1.565
10,17,5,,,,,,,,,0.9575
10,18,5,,,,,,,,,0.8575
10,18,5,,,,,,,,,0.645
10,18,5,,,,,,,,,0.2725
10,18,5,,,,,,,,,0.26
10,19,5,,,,,,,,,0.195
10,19,5,,,,,,,,,0.16
10,19,5,,,,,,,,,0.025
10,19,5,,,,,,,,,0.0
10,20,5,,,,,,,,,0.0
10,20,5,,,,,,,,,0.0
10,20,5,,,,,,,,,0.0
10,20,5,,,,,,,,,0.0
10,21,5,,,,,,,,,0.0
10,21,5,,,,,,,,,0.0
10,21,5,,,,,,,,,0.0
10,21,5,,,,,,,,,0.0
10,22,5,,,,,,,,,0.0
10,22,5,,,,,,,,,0.0
10,22,5,,,,,,,,,0.0
10,22,5,,,,,,,,,0.0
10,23,5,,,,,,,,,0.0
10,23,5,,,,,,,,,0.0
10,23,5,,,,,,,,,0.0
10,23,5,,,,,,,,,0.0
10,24,5,,,,,,,,,0.0
10,24,5,,,,,,,,,0.0
10,24,5,,,,,,,,,0.0
10,24,5,,,,,,,,,0.0
10,1,6,,,,,,,,,0.0
10,1,6,,,,,,,,,0.0
10,1,6,,,,,,,,,0.0
10,1,6,,,,,,,,,0.0
10,2,6,,,,,,,,,0.0
10,2,6,,,,,,,,,0.0
10,2,6,,,,,,,,,0.0
10,2,6,,,,,,,,,0.0
10,3,6,,,,,,,,,0.0
10,3,6,,,,,,,,,0.0
10,3,6,,,,,,,,,0.0
10,3,6,,,,,,,,,0.0
10,4,6,,,,,,,,,0.0
10,4,6,,,,,,,,,0.0
10,4,6,,,,,,,,,0.0
10,4,6,,,,,,,,,0.0
10,5,6,,,,,,,,,0.0
10,5,6,,,,,,,,,0.0
10,5,6,,,,,,,,,0.0
10,5,6,,,,,,,,,0.0
10,6,6,,,,,,,,,0.0
10,6,6,,,,,,,,,0.0
10,6,6,,,,,,,,,0.0
10,6,6,,,,,,,,,0.0
10,7,6,,,,,,,,,0.0
10,7,6,,,,,,,,,0.0
10,7,6,,,,,,,,,0.0
10,7,6,,,,,,,,,0.0
10,8,6,,,,,,,,,0.0
10,8,6,,,,,,,,,0.0
10,8,6,,,,,,,,,0.0
10,8,6,,,,,,,,,0.0
10,9,6,,,,,,,,,0.0
10,9,6,,,,,,,,,0.0
10,9,6,,,,,,,,,0.0
10,9,6,,,,,,,,,0.0
10,10,6,,,,,,,,,0.005
10,10,6,,,,,,,,,0.06
10,10,6,,,,,,,,,0.185
10,10,6,,,,,,,,,0.2675
10,11,6,,,,,,,,,0.255
10,11,6,,,,,,,,,0.415
10,11,6,,,,,,,,,0.5775
10,11,6,,,,,,,,,0.6125
10,12,6,,,,,,,,,0.8625
10,12,6,,,,,,,,,0.6325
10,12,6,,,,,,,,,0.6825
10,12,6,,,,,,,,,0.7625
10,13,6,,,,,,,,,0.82
10,13,6,,,,,,,,,1.05
10,13,6,,,,,,,,,1.695
10,13,6,,,,,,,,,1.3425
10,14,6,,,,,,,,,1.49
10,14,6,,,,,,,,,2.5775
10,14,6,,,,,,,,,2.1925
10,14,6,,,,,,,,,1.875
10,15,6,,,,,,,,,1.74
10,15,6,,,,,,,,,1.245
10,15,6,,,,,,,,,1.6525
10,15,6,,,,,,,,,1.9825
10,16,6,,,,,,,,,1.2225
10,16,6,,,,,,,,,0.71
10,16,6,,,,,,,,,0.6825
10,16,6,,,,,,,,,0.5625
10,17,6,,,,,,,,,0.7125
10,17,6,,,,,,,,,0.64
10,17,6,,,,,,,,,0.5675
10,17,6,,,,,,,,,0.64
10,18,6,,,,,,,,,0.65
10,18,6,,,,,,,,,0.4725
10,18,6,,,,,,,,,0.43
10,18,6,,,,,,,,,0.335
10,19,6,,,,,,,,,0.2225
10,19,6,,,,,,,,,0.1225
10,19,6,,,,,,,,,0.0325
10,19,6,,,,,,,,,0.0
10,20,6,,,,,,,,,0.0
10,20,6,,,,,,,,,0.0
10,20,6,,,,,,,,,0.0
10,20,6,,,,,,,,,0.0
10,21,6,,,,,,,,,0.0
10,21,6,,,,,,,,,0.0
10,21,6,,,,,,,,,0.0
10,21,6,,,,,,,,,0.0
10,22,6,,,,,,,,,0.0
10,22,6,,,,,,,,,0.0
10,22,6,,,,,,,,,0.0
10,22,6,,,,,,,,,0.0
10,23,6,,,,,,,,,0.0
10,23,6,,,,,,,,,0.0
10,23,6,,,,,,,,,0.0
10,23,6,,,,,,,,,0.0
10,24,6,,,,,,,,,0.0
10,24,6,,,,,,,,,0.0
10,24,6,,,,,,,,,0.0
10,24,6,,,,,,,,,0.0
10,1,7,,,,,,,,,0.0
10,1,7,,,,,,,,,0.0
10,1,7,,,,,,,,,0.0
10,1,7,,,,,,,,,0.0
10,2,7,,,,,,,,,0.0
10,2,7,,,,,,,,,0.0
10,2,7,,,,,,,,,0.0
10,2,7,,,,,,,,,0.0
10,3,7,,,,,,,,,0.0
10,3,7,,,,,,,,,0.0
10,3,7,,,,,,,,,0.0
10,3,7,,,,,,,,,0.0
10,4,7,,,,,,,,,0.0
10,4,7,,,,,,,,,0.0
10,4,7,,,,,,,,,0.0
10,4,7,,,,,,,,,0.0
10,5,7,,,,,,,,,0.0
10,5,7,,,,,,,,,0.0
10,5,7,,,,,,,,,0.0
10,5,7,,,,,,,,,0.0
10,6,7,,,,,,,,,0.0
10,6,7,,,,,,,,,0.0
10,6,7,,,,,,,,,0.0
10,6,7,,,,,,,,,0.0
10,7,7,,,,,,,,,0.0
10,7,7,,,,,,,,,0.0
10,7,7,,,,,,,,,0.0
10,7,7,,,,,,,,,0.0
10,8,7,,,,,,,,,0.0
10,8,7,,,,,,,,,0.0325
10,8,7,,,,,,,,,0.165
10,8,7,,,,,,,,,0.5175
10,9,7,,,,,,,,,1.1925
10,9,7,,,,,,,,,2.145
10,9,7,,,,,,,,,3.11
10,9,7,,,,,,,,,3.715
10,10,7,,,,,,,,,4.2425
10,10,7,,,,,,,,,4.7575
10,10,7,,,,,,,,,5.225
10,10,7,,,,,,,,,5.7
10,11,7,,,,,,,,,6.095
10,11,7,,,,,,,,,6.41
10,11,7,,,,,,,,,6.66
10,11,7,,,,,,,,,6.895
10,12,7,,,,,,,,,7.0775
10,12,7,,,,,,,,,7.2075
10,12,7,,,,,,,,,7.36
10,12,7,,,,,,,,,7.455
10,13,7,,,,,,,,,7.4875
10,13,7,,,,,,,,,7.465
10,13,7,,,,,,,,,7.405
10,13,7,,,,,,,,,7.33
10,14,7,,,,,,,,,7.205
10,14,7,,,,,,,,,7.0775
10,14,7,,,,,,,,,6.915
10,14,7,,,,,,,,,6.7125
10,15,7,,,,,,,,,6.5375
10,15,7,,,,,,,,,6.285
10,15,7,,,,,,,,,6.0075
10,15,7,,,,,,,,,5.655
10,16,7,,,,,,,,,5.28
10,16,7,,,,,,,,,4.84
10,16,7,,,,,,,,,4.385
10,16,7,,,,,,,,,3.885
10,17,7,,,,,,,,,3.3525
10,17,7,,,,,,,,,2.71
10,17,7,,,,,,,,,2.005
10,17,7,,,,,,,,,1.36
10,18,7,,,,,,,,,0.7925
10,18,7,,,,,,,,,0.3125
10,18,7,,,,,,,,,0.0775
10,18,7,,,,,,,,,0.0075
10,19,7,,,,,,,,,0.0
10,19,7,,,,,,,,,0.0
10,19,7,,,,,,,,,0.0
10,19,7,,,,,,,,,0.0
10,20,7,,,,,,,,,0.0
10,20,7,,,,,,,,,0.0
10,20,7,,,,,,,,,0.0
10,20,7,,,,,,,,,0.0
10,21,7,,,,,,,,,0.0
10,21,7,,,,,,,,,0.0
10,21,7,,,,,,,,,0.0
10,21,7,,,,,,,,,0.0
10,22,7,,,,,,,,,0.0
10,22,7,,,,,,,,,0.0
10,22,7,,,,,,,,,0.0
10,22,7,,,,,,,,,0.0
10,23,7,,,,,,,,,0.0
10,23,7,,,,,,,,,0.0
10,23,7,,,,,,,,,0.0
10,23,7,,,,,,,,,0.0
10,24,7,,,,,,,,,0.0
10,24,7,,,,,,,,,0.0
10,24,7,,,,,,,,,0.0
10,24,7,,,,,,,,,0.0
10,1,1,,,,,,,,,0.0
10,1,1,,,,,,,,,0.0
10,1,1,,,,,,,,,0.0
10,1,1,,,,,,,,,0.0
10,2,1,,,,,,,,,0.0
10,2,1,,,,,,,,,0.0
10,2,1,,,,,,,,,0.0
10,2,1,,,,,,,,,0.0
10,3,1,,,,,,,,,0.0
10,3,1,,,,,,,,,0.0
10,3,1,,,,,,,,,0.0
10,3,1,,,,,,,,,0.0
10,4,1,,,,,,,,,0.0
10,4,1,,,,,,,,,0.0
10,4,1,,,,,,,,,0.0
10,4,1,,,,,,,,,0.0
10,5,1,,,,,,,,,0.0
10,5,1,,,,,,,,,0.0
10,5,1,,,,,,,,,0.0
10,5,1,,,,,,,,,0.0
10,6,1,,,,,,,,,0.0
10,6,1,,,,,,,,,0.0
10,6,1,,,,,,,,,0.0
10,6,1,,,,,,,,,0.0
10,7,1,,,,,,,,,0.0
10,7,1,,,,,,,,,0.0
10,7,1,,,,,,,,,0.0
10,7,1,,,,,,,,,0.0
10,8,1,,,,,,,,,0.0
10,8,1,,,,,,,,,0.025
10,8,1,,,,,,,,,0.145
10,8,1,,,,,,,,,0.4825
10,9,1,,,,,,,,,1.135
10,9,1,,,,,,,,,2.095
10,9,1,,,,,,,,,3.1
10,9,1,,,,,,,,,3.7425
10,10,1,,,,,,,,,4.3125
10,10,1,,,,,,,,,4.805
10,10,1,,,,,,,,,5.27
10,10,1,,,,,,,,,5.74
10,11,1,,,,,,,,,6.14
10,11,1,,,,,,,,,6.4825
10,11,1,,,,,,,,,6.79
10,11,1,,,,,,,,,6.9975
10,12,1,,,,,,,,,7.1575
10,12,1,,,,,,,,,7.27
10,12,1,,,,,,,,,7.3825
10,12,1,,,,,,,,,7.4
10,13,1,,,,,,,,,7.33
10,13,1,,,,,,,,,7.24
10,13,1,,,,,,,,,7.265
10,13,1,,,,,,,,,7.275
10,14,1,,,,,,,,,7.165
10,14,1,,,,,,,,,7.065
10,14,1,,,,,,,,,6.91
10,14,1,,,,,,,,,6.7
10,15,1,,,,,,,,,6.435
10,15,1,,,,,,,,,6.155
10,15,1,,,,,,,,,5.86
10,15,1,,,,,,,,,5.53
10,16,1,,,,,,,,,5.1825
10,16,1,,,,,,,,,4.77
10,16,1,,,,,,,,,4.325
10,16,1,,,,,,,,,3.8325
10,17,1,,,,,,,,,3.3425
10,17,1,,,,,,,,,2.7
10,17,1,,,,,,,,,1.9925
10,17,1,,,,,,,,,1.34
10,18,1,,,,,,,,,0.755
10,18,1,,,,,,,,,0.285
10,18,1,,,,,,,,,0.07
10,18,1,,,,,,,,,0.0125
10,19,1,,,,,,,,,0.0
10,19,1,,,,,,,,,0.0
10,19,1,,,,,,,,,0.0
10,19,1,,,,,,,,,0.0
10,20,1,,,,,,,,,0.0
10,20,1,,,,,,,,,0.0
10,20,1,,,,,,,,,0.0
10,20,1,,,,,,,,,0.0
10,21,1,,,,,,,,,0.0
10,21,1,,,,,,,,,0.0
10,21,1,,,,,,,,,0.0
10,21,1,,,,,,,,,0.0
10,22,1,,,,,,,,,0.0
10,22,1,,,,,,,,,0.0
10,22,1,,,,,,,,,0.0
10,22,1,,,,,,,,,0.0
10,23,1,,,,,,,,,0.0
10,23,1,,,,,,,,,0.0
10,23,1,,,,,,,,,0.0
10,23,1,,,,,,,,,0.0
10,24,1,,,,,,,,,0.0
10,24,1,,,,,,,,,0.0
10,24,1,,,,,,,,,0.0
10,24,1,,,,,,,,,0.0
10,1,2,,,,,,,,,0.0
10,1,2,,,,,,,,,0.0
10,1,2,,,,,,,,,0.0
10,1,2,,,,,,,,,0.0
10,2,2,,,,,,,,,0.0
10,2,2,,,,,,,,,0.0
10,2,2,,,,,,,,,0.0
10,2,2,,,,,,,,,0.0
10,3,2,,,,,,,,,0.0
10,3,2,,,,,,,,,0.0
10,3,2,,,,,,,,,0.0
10,3,2,,,,,,,,,0.0
10,4,2,,,,,,,,,0.0
10,4,2,,,,,,,,,0.0
10,4,2,,,,,,,,,0.0
10,4,2,,,,,,,,,0.0
10,5,2,,,,,,,,,0.0
10,5,2,,,,,,,,,0.0
10,5,2,,,,,,,,,0.0
10,5,2,,,,,,,,,0.0
10,6,2,,,,,,,,,0.0
10,6,2,,,,,,,,,0.0
10,6,2,,,,,,,,,0.0
10,6,2,,,,,,,,,0.0
10,7,2,,,,,,,,,0.0
10,7,2,,,,,,,,,0.0
10,7,2,,,,,,,,,0.0
10,7,2,,,,,,,,,0.0
10,8,2,,,,,,,,,0.0
10,8,2,,,,,,,,,0.0675
10,8,2,,,,,,,,,0.1775
10,8,2,,,,,,,,,0.375
10,9,2,,,,,,,,,0.4475
10,9,2,,,,,,,,,0.485
10,9,2,,,,,,,,,0.8625
10,9,2,,,,,,,,,1.32
10,10,2,,,,,,,,,1.6575
10,10,2,,,,,,,,,2.14
10,10,2,,,,,,,,,4.455
10,10,2,,,,,,,,,2.525
10,11,2,,,,,,,,,1.5225
10,11,2,,,,,,,,,1.07
10,11,2,,,,,,,,,1.105
10,11,2,,,,,,,,,0.6025
10,12,2,,,,,,,,,0.8225
10,12,2,,,,,,,,,0.405
10,12,2,,,,,,,,,0.3925
10,12,2,,,,,,,,,0.875
10,13,2,,,,,,,,,1.425
10,13,2,,,,,,,,,1.4425
10,13,2,,,,,,,,,1.61
10,13,2,,,,,,,,,1.795
10,14,2,,,,,,,,,1.2825
10,14,2,,,,,,,,,1.07
10,14,2,,,,,,,,,1.7725
10,14,2,,,,,,,,,1.4
10,15,2,,,,,,,,,1.8475
10,15,2,,,,,,,,,2.445
10,15,2,,,,,,,,,2.215
10,15,2,,,,,,,,,2.1425
10,16,2,,,,,,,,,1.3875
10,16,2,,,,,,,,,1.415
10,16,2,,,,,,,,,0.7625
10,16,2,,,,,,,,,0.56
10,17,2,,,,,,,,,0.475
10,17,2,,,,,,,,,0.45
10,17,2,,,,,,,,,0.445
10,17,2,,,,,,,,,0.155
10,18,2,,,,,,,,,0.105
10,18,2,,,,,,,,,0.0425
10,18,2,,,,,,,,,0.0025
10,18,2,,,,,,,,,0.0
10,19,2,,,,,,,,,0.0
10,19,2,,,,,,,,,0.0
10,19,2,,,,,,,,,0.0
10,19,2,,,,,,,,,0.0
10,20,2,,,,,,,,,0.0
10,20,2,,,,,,,,,0.0
10,20,2,,,,,,,,,0.0
10,20,2,,,,,,,,,0.0
10,21,2,,,,,,,,,0.0
10,21,2,,,,,,,,,0.0
10,21,2,,,,,,,,,0.0
10,21,2,,,,,,,,,0.0
10,22,2,,,,,,,,,0.0
10,22,2,,,,,,,,,0.0
10,22,2,,,,,,,,,0.0
10,22,2,,,,,,,,,0.0
10,23,2,,,,,,,,,0.0
10,23,2,,,,,,,,,0.0
10,23,2,,,,,,,,,0.0
10,23,2,,,,,,,,,0.0
10,24,2,,,,,,,,,0.0
10,24,2,,,,,,,,,0.0
10,24,2,,,,,,,,,0.0
10,24,2,,,,,,,,,0.0
10,1,3,,,,,,,,,0.0
10,1,3,,,,,,,,,0.0
10,1,3,,,,,,,,,0.0
10,1,3,,,,,,,,,0.0
10,2,3,,,,,,,,,0.0
10,2,3,,,,,,,,,0.0
10,2,3,,,,,,,,,0.0
10,2,3,,,,,,,,,0.0
10,3,3,,,,,,,,,0.0
10,3,3,,,,,,,,,0.0
10,3,3,,,,,,,,,0.0
10,3,3,,,,,,,,,0.0
10,4,3,,,,,,,,,0.0
10,4,3,,,,,,,,,0.0
10,4,3,,,,,,,,,0.0
10,4,3,,,,,,,,,0.0
10,5,3,,,,,,,,,0.0
10,5,3,,,,,,,,,0.0
10,5,3,,,,,,,,,0.0
10,5,3,,,,,,,,,0.0
10,6,3,,,,,,,,,0.0
10,6,3,,,,,,,,,0.0
10,6,3,,,,,,,,,0.0
10,6,3,,,,,,,,,0.0
10,7,3,,,,,,,,,0.0
10,7,3,,,,,,,,,0.0
10,7,3,,,,,,,,,0.0
10,7,3,,,,,,,,,0.0
10,8,3,,,,,,,,,0.0
10,8,3,,,,,,,,,0.1375
10,8,3,,,,,,,,,0.205
10,8,3,,,,,,,,,0.015
10,9,3,,,,,,,,,0.0125
10,9,3,,,,,,,,,0.095
10,9,3,,,,,,,,,0.225
10,9,3,,,,,,,,,0.41
10,10,3,,,,,,,,,0.48
10,10,3,,,,,,,,,0.725
10,10,3,,,,,,,,,0.935
10,10,3,,,,,,,,,0.555
10,11,3,,,,,,,,,1.5175
10,11,3,,,,,,,,,1.26
10,11,3,,,,,,,,,1.0075
10,11,3,,,,,,,,,1.47
10,12,3,,,,,,,,,2.1225
10,12,3,,,,,,,,,4.4975
10,12,3,,,,,,,,,6.9075
10,12,3,,,,,,,,,4.3125
10,13,3,,,,,,,,,2.0625
10,13,3,,,,,,,,,4.235
10,13,3,,,,,,,,,5.1875
10,13,3,,,,,,,,,7.3825
10,14,3,,,,,,,,,7.07
10,14,3,,,,,,,,,6.885
10,14,3,,,,,,,,,6.235
10,14,3,,,,,,,,,1.645
10,15,3,,,,,,,,,3.9125
10,15,3,,,,,,,,,5.9775
10,15,3,,,,,,,,,5.0125
10,15,3,,,,,,,,,4.14
10,16,3,,,,,,,,,4.1175
10,16,3,,,,,,,,,4.8025
10,16,3,,,,,,,,,4.25
10,16,3,,,,,,,,,3.77
10,17,3,,,,,,,,,3.1125
10,17,3,,,,,,,,,0.9325
10,17,3,,,,,,,,,0.72
10,17,3,,,,,,,,,0.575
10,18,3,,,,,,,,,0.5725
10,18,3,,,,,,,,,0.24
10,18,3,,,,,,,,,0.0625
10,18,3,,,,,,,,,0.005
10,19,3,,,,,,,,,0.0
10,19,3,,,,,,,,,0.0
10,19,3,,,,,,,,,0.0
10,19,3,,,,,,,,,0.0
10,20,3,,,,,,,,,0.0
10,20,3,,,,,,,,,0.0
10,20,3,,,,,,,,,0.0
10,20,3,,,,,,,,,0.0
10,21,3,,,,,,,,,0.0
10,21,3,,,,,,,,,0.0
10,21,3,,,,,,,,,0.0
10,21,3,,,,,,,,,0.0
10,22,3,,,,,,,,,0.0
10,22,3,,,,,,,,,0.0
10,22,3,,,,,,,,,0.0
10,22,3,,,,,,,,,0.0
10,23,3,,,,,,,,,0.0
10,23,3,,,,,,,,,0.0
10,23,3,,,,,,,,,0.0
10,23,3,,,,,,,,,0.0
10,24,3,,,,,,,,,0.0
10,24,3,,,,,,,,,0.0
10,24,3,,,,,,,,,0.0
10,24,3,,,,,,,,,0.0
10,1,4,,,,,,,,,0.0
10,1,4,,,,,,,,,0.0
10,1,4,,,,,,,,,0.0
10,1,4,,,,,,,,,0.0
10,2,4,,,,,,,,,0.0
10,2,4,,,,,,,,,0.0
10,2,4,,,,,,,,,0.0
10,2,4,,,,,,,,,0.0
10,3,4,,,,,,,,,0.0
10,3,4,,,,,,,,,0.0
10,3,4,,,,,,,,,0.0
10,3,4,,,,,,,,,0.0
10,4,4,,,,,,,,,0.0
10,4,4,,,,,,,,,0.0
10,4,4,,,,,,,,,0.0
10,4,4,,,,,,,,,0.0
10,5,4,,,,,,,,,0.0
10,5,4,,,,,,,,,0.0
10,5,4,,,,,,,,,0.0
10,5,4,,,,,,,,,0.0
10,6,4,,,,,,,,,0.0
10,6,4,,,,,,,,,0.0
10,6,4,,,,,,,,,0.0
10,6,4,,,,,,,,,0.0
10,7,4,,,,,,,,,0.0
10,7,4,,,,,,,,,0.0
10,7,4,,,,,,,,,0.0
10,7,4,,,,,,,,,0.0
10,8,4,,,,,,,,,0.0
10,8,4,,,,,,,,,0.0
10,8,4,,,,,,,,,0.02
10,8,4,,,,,,,,,0.1175
10,9,4,,,,,,,,,0.215
10,9,4,,,,,,,,,0.1625
10,9,4,,,,,,,,,0.23
10,9,4,,,,,,,,,0.635
10,10,4,,,,,,,,,0.965
10,10,4,,,,,,,,,1.0
10,10,4,,,,,,,,,0.8075
10,10,4,,,,,,,,,0.61
10,11,4,,,,,,,,,1.005
10,11,4,,,,,,,,,1.46
10,11,4,,,,,,,,,1.275
10,11,4,,,,,,,,,1.615
10,12,4,,,,,,,,,1.045
10,12,4,,,,,,,,,1.1425
10,12,4,,,,,,,,,1.6175
10,12,4,,,,,,,,,1.34
10,13,4,,,,,,,,,1.455
10,13,4,,,,,,,,,1.32
10,13,4,,,,,,,,,1.705
10,13,4,,,,,,,,,1.205
10,14,4,,,,,,,,,1.1775
10,14,4,,,,,,,,,2.51
10,14,4,,,,,,,,,2.2075
10,14,4,,,,,,,,,2.1275
10,15,4,,,,,,,,,3.495
10,15,4,,,,,,,,,2.42
10,15,4,,,,,,,,,3.73
10,15,4,,,,,,,,,5.1225
10,16,4,,,,,,,,,1.77
10,16,4,,,,,,,,,1.46
10,16,4,,,,,,,,,1.005
10,16,4,,,,,,,,,0.7975
10,17,4,,,,,,,,,0.6125
10,17,4,,,,,,,,,0.445
10,17,4,,,,,,,,,0.37
10,17,4,,,,,,,,,0.27
10,18,4,,,,,,,,,0.175
10,18,4,,,,,,,,,0.065
10,18,4,,,,,,,,,0.0075
10,18,4,,,,,,,,,0.0
10,19,4,,,,,,,,,0.0
10,19,4,,,,,,,,,0.0
10,19,4,,,,,,,,,0.0
10,19,4,,,,,,,,,0.0
10,20,4,,,,,,,,,0.0
10,20,4,,,,,,,,,0.0
10,20,4,,,,,,,,,0.0
10,20,4,,,,,,,,,0.0
10,21,4,,,,,,,,,0.0
10,21,4,,,,,,,,,0.0
10,21,4,,,,,,,,,0.0
10,21,4,,,,,,,,,0.0
10,22,4,,,,,,,,,0.0
10,22,4,,,,,,,,,0.0
10,22,4,,,,,,,,,0.0
10,22,4,,,,,,,,,0.0
10,23,4,,,,,,,,,0.0
10,23,4,,,,,,,,,0.0
10,23,4,,,,,,,,,0.0
10,23,4,,,,,,,,,0.0
10,24,4,,,,,,,,,0.0
10,24,4,,,,,,,,,0.0
10,24,4,,,,,,,,,0.0
10,24,4,,,,,,,,,0.0
10,1,5,,,,,,,,,0.0
10,1,5,,,,,,,,,0.0
10,1,5,,,,,,,,,0.0
10,1,5,,,,,,,,,0.0
10,2,5,,,,,,,,,0.0
10,2,5,,,,,,,,,0.0
10,2,5,,,,,,,,,0.0
10,2,5,,,,,,,,,0.0
10,3,5,,,,,,,,,0.0
10,3,5,,,,,,,,,0.0
10,3,5,,,,,,,,,0.0
10,3,5,,,,,,,,,0.0
10,4,5,,,,,,,,,0.0
10,4,5,,,,,,,,,0.0
10,4,5,,,,,,,,,0.0
10,4,5,,,,,,,,,0.0
10,5,5,,,,,,,,,0.0
10,5,5,,,,,,,,,0.0
10,5,5,,,,,,,,,0.0
10,5,5,,,,,,,,,0.0
10,6,5,,,,,,,,,0.0
10,6,5,,,,,,,,,0.0
10,6,5,,,,,,,,,0.0
10,6,5,,,,,,,,,0.0
10,7,5,,,,,,,,,0.0
10,7,5,,,,,,,,,0.0
10,7,5,,,,,,,,,0.0
10,7,5,,,,,,,,,0.0
10,8,5,,,,,,,,,0.0
10,8,5,,,,,,,,,0.0
10,8,5,,,,,,,,,0.005
10,8,5,,,,,,,,,0.065
10,9,5,,,,,,,,,0.1375
10,9,5,,,,,,,,,0.1425
10,9,5,,,,,,,,,0.2025
10,9,5,,,,,,,,,0.2
10,10,5,,,,,,,,,0.205
10,10,5,,,,,,,,,0.125
10,10,5,,,,,,,,,0.4375
10,10,5,,,,,,,,,0.695
10,11,5,,,,,,,,,0.6875
10,11,5,,,,,,,,,0.635
10,11,5,,,,,,,,,0.6375
10,11,5,,,,,,,,,0.7225
10,12,5,,,,,,,,,0.6775
10,12,5,,,,,,,,,0.6125
10,12,5,,,,,,,,,0.6325
10,12,5,,,,,,,,,0.71
10,13,5,,,,,,,,,0.62
10,13,5,,,,,,,,,0.4975
10,13,5,,,,,,,,,0.535
10,13,5,,,,,,,,,0.8775
10,14,5,,,,,,,,,0.785
10,14,5,,,,,,,,,0.7125
10,14,5,,,,,,,,,0.885
10,14,5,,,,,,,,,0.73
10,15,5,,,,,,,,,0.645
10,15,5,,,,,,,,,0.45
10,15,5,,,,,,,,,1.345
10,15,5,,,,,,,,,1.4275
10,16,5,,,,,,,,,1.445
10,16,5,,,,,,,,,0.765
10,16,5,,,,,,,,,0.735
10,16,5,,,,,,,,,0.8125
10,17,5,,,,,,,,,0.6925
10,17,5,,,,,,,,,0.38
10,17,5,,,,,,,,,0.235
10,17,5,,,,,,,,,0.1275
10,18,5,,,,,,,,,0.0675
10,18,5,,,,,,,,,0.0275
10,18,5,,,,,,,,,0.0
10,18,5,,,,,,,,,0.0
10,19,5,,,,,,,,,0.0
10,19,5,,,,,,,,,0.0
10,19,5,,,,,,,,,0.0
10,19,5,,,,,,,,,0.0
10,20,5,,,,,,,,,0.0
10,20,5,,,,,,,,,0.0
10,20,5,,,,,,,,,0.0
10,20,5,,,,,,,,,0.0
10,21,5,,,,,,,,,0.0
10,21,5,,,,,,,,,0.0
10,21,5,,,,,,,,,0.0
10,21,5,,,,,,,,,0.0
10,22,5,,,,,,,,,0.0
10,22,5,,,,,,,,,0.0
10,22,5,,,,,,,,,0.0
10,22,5,,,,,,,,,0.0
10,23,5,,,,,,,,,0.0
10,23,5,,,,,,,,,0.0
10,23,5,,,,,,,,,0.0
10,23,5,,,,,,,,,0.0
10,24,5,,,,,,,,,0.0
10,24,5,,,,,,,,,0.0
10,24,5,,,,,,,,,0.0
10,24,5,,,,,,,,,0.0
11,1,6,,,,,,,,,0.0
11,1,6,,,,,,,,,0.0
11,1,6,,,,,,,,,0.0
11,1,6,,,,,,,,,0.0
11,2,6,,,,,,,,,0.0
11,2,6,,,,,,,,,0.0
11,2,6,,,,,,,,,0.0
11,2,6,,,,,,,,,0.0
11,3,6,,,,,,,,,0.0
11,3,6,,,,,,,,,0.0
11,3,6,,,,,,,,,0.0
11,3,6,,,,,,,,,0.0
11,4,6,,,,,,,,,0.0
11,4,6,,,,,,,,,0.0
11,4,6,,,,,,,,,0.0
11,4,6,,,,,,,,,0.0
11,5,6,,,,,,,,,0.0
11,5,6,,,,,,,,,0.0
11,5,6,,,,,,,,,0.0
11,5,6,,,,,,,,,0.0
11,6,6,,,,,,,,,0.0
11,6,6,,,,,,,,,0.0
11,6,6,,,,,,,,,0.0
11,6,6,,,,,,,,,0.0
11,7,6,,,,,,,,,0.0
11,7,6,,,,,,,,,0.0
11,7,6,,,,,,,,,0.0
11,7,6,,,,,,,,,0.0
11,8,6,,,,,,,,,0.0
11,8,6,,,,,,,,,0.0
11,8,6,,,,,,,,,0.02
11,8,6,,,,,,,,,0.1125
11,9,6,,,,,,,,,0.22
11,9,6,,,,,,,,,0.325
11,9,6,,,,,,,,,0.6025
11,9,6,,,,,,,,,0.9
11,10,6,,,,,,,,,0.975
11,10,6,,,,,,,,,1.005
11,10,6,,,,,,,,,1.115
11,10,6,,,,,,,,,1.895
11,11,6,,,,,,,,,4.1375
11,11,6,,,,,,,,,2.605
11,11,6,,,,,,,,,3.73
11,11,6,,,,,,,,,5.2575
11,12,6,,,,,,,,,3.0625
11,12,6,,,,,,,,,2.4525
11,12,6,,,,,,,,,2.255
11,12,6,,,,,,,,,2.015
11,13,6,,,,,,,,,2.125
11,13,6,,,,,,,,,3.815
11,13,6,,,,,,,,,2.96
11,13,6,,,,,,,,,2.4225
11,14,6,,,,,,,,,3.7975
11,14,6,,,,,,,,,5.4625
11,14,6,,,,,,,,,4.79
11,14,6,,,,,,,,,3.9575
11,15,6,,,,,,,,,4.06
11,15,6,,,,,,,,,5.195
11,15,6,,,,,,,,,5.695
11,15,6,,,,,,,,,4.705
11,16,6,,,,,,,,,2.2875
11,16,6,,,,,,,,,2.6075
11,16,6,,,,,,,,,3.02
11,16,6,,,,,,,,,2.3175
11,17,6,,,,,,,,,1.175
11,17,6,,,,,,,,,1.01
11,17,6,,,,,,,,,0.715
11,17,6,,,,,,,,,0.405
11,18,6,,,,,,,,,0.1575
11,18,6,,,,,,,,,0.07
11,18,6,,,,,,,,,0.005
11,18,6,,,,,,,,,0.0
11,19,6,,,,,,,,,0.0
11,19,6,,,,,,,,,0.0
11,19,6,,,,,,,,,0.0
11,19,6,,,,,,,,,0.0
11,20,6,,,,,,,,,0.0
11,20,6,,,,,,,,,0.0
11,20,6,,,,,,,,,0.0
11,20,6,,,,,,,,,0.0
11,21,6,,,,,,,,,0.0
11,21,6,,,,,,,,,0.0
11,21,6,,,,,,,,,0.0
11,21,6,,,,,,,,,0.0
11,22,6,,,,,,,,,0.0
11,22,6,,,,,,,,,0.0
11,22,6,,,,,,,,,0.0
11,22,6,,,,,,,,,0.0
11,23,6,,,,,,,,,0.0
11,23,6,,,,,,,,,0.0
11,23,6,,,,,,,,,0.0
11,23,6,,,,,,,,,0.0
11,24,6,,,,,,,,,0.0
11,24,6,,,,,,,,,0.0
11,24,6,,,,,,,,,0.0
11,24,6,,,,,,,,,0.0
11,1,7,,,,,,,,,0.0
11,1,7,,,,,,,,,0.0
11,1,7,,,,,,,,,0.0
11,1,7,,,,,,,,,0.0
11,2,7,,,,,,,,,0.0
11,2,7,,,,,,,,,0.0
11,2,7,,,,,,,,,0.0
11,2,7,,,,,,,,,0.0
11,3,7,,,,,,,,,0.0
11,3,7,,,,,,,,,0.0
11,3,7,,,,,,,,,0.0
11,3,7,,,,,,,,,0.0
11,4,7,,,,,,,,,0.0
11,4,7,,,,,,,,,0.0
11,4,7,,,,,,,,,0.0
11,4,7,,,,,,,,,0.0
11,5,7,,,,,,,,,0.0
11,5,7,,,,,,,,,0.0
11,5,7,,,,,,,,,0.0
11,5,7,,,,,,,,,0.0
11,6,7,,,,,,,,,0.0
11,6,7,,,,,,,,,0.0
11,6,7,,,,,,,,,0.0
11,6,7,,,,,,,,,0.0
11,7,7,,,,,,,,,0.0
11,7,7,,,,,,,,,0.0
11,7,7,,,,,,,,,0.0
11,7,7,,,,,,,,,0.0
11,8,7,,,,,,,,,0.0
11,8,7,,,,,,,,,0.005
11,8,7,,,,,,,,,0.125
11,8,7,,,,,,,,,0.24
11,9,7,,,,,,,,,0.335
11,9,7,,,,,,,,,0.8475
11,9,7,,,,,,,,,2.06
11,9,7,,,,,,,,,2.9625
11,10,7,,,,,,,,,2.525
11,10,7,,,,,,,,,2.835
11,10,7,,,,,,,,,3.04
11,10,7,,,,,,,,,4.87
11,11,7,,,,,,,,,5.09
11,11,7,,,,,,,,,5.51
11,11,7,,,,,,,,,4.95
11,11,7,,,,,,,,,4.9825
11,12,7,,,,,,,,,4.05
11,12,7,,,,,,,,,4.6025
11,12,7,,,,,,,,,5.175
11,12,7,,,,,,,,,6.22
11,13,7,,,,,,,,,6.3
11,13,7,,,,,,,,,6.85
11,13,7,,,,,,,,,6.38
11,13,7,,,,,,,,,5.81
11,14,7,,,,,,,,,6.3575
11,14,7,,,,,,,,,4.2725
11,14,7,,,,,,,,,3.1725
11,14,7,,,,,,,,,5.505
11,15,7,,,,,,,,,3.8375
11,15,7,,,,,,,,,1.105
11,15,7,,,,,,,,,0.82
11,15,7,,,,,,,,,1.31
11,16,7,,,,,,,,,1.6825
11,16,7,,,,,,,,,1.515
11,16,7,,,,,,,,,1.4425
11,16,7,,,,,,,,,1.8
11,17,7,,,,,,,,,1.9375
11,17,7,,,,,,,,,0.9275
11,17,7,,,,,,,,,0.5325
11,17,7,,,,,,,,,0.53
11,18,7,,,,,,,,,0.435
11,18,7,,,,,,,,,0.27
11,18,7,,,,,,,,,0.085
11,18,7,,,,,,,,,0.0125
11,19,7,,,,,,,,,0.0
11,19,7,,,,,,,,,0.0
11,19,7,,,,,,,,,0.0
11,19,7,,,,,,,,,0.0
11,20,7,,,,,,,,,0.0
11,20,7,,,,,,,,,0.0
11,20,7,,,,,,,,,0.0
11,20,7,,,,,,,,,0.0
11,21,7,,,,,,,,,0.0
11,21,7,,,,,,,,,0.0
11,21,7,,,,,,,,,0.0
11,21,7,,,,,,,,,0.0
11,22,7,,,,,,,,,0.0
11,22,7,,,,,,,,,0.0
11,22,7,,,,,,,,,0.0
11,22,7,,,,,,,,,0.0
11,23,7,,,,,,,,,0.0
11,23,7,,,,,,,,,0.0
11,23,7,,,,,,,,,0.0
11,23,7,,,,,,,,,0.0
11,24,7,,,,,,,,,0.0
11,24,7,,,,,,,,,0.0
11,24,7,,,,,,,,,0.0
11,24,7,,,,,,,,,0.0
11,1,1,,,,,,,,,0.0
11,1,1,,,,,,,,,0.0
11,1,1,,,,,,,,,0.0
11,1,1,,,,,,,,,0.0
11,2,1,,,,,,,,,0.0
11,2,1,,,,,,,,,0.0
11,2,1,,,,,,,,,0.0
11,2,1,,,,,,,,,0.0
11,3,1,,,,,,,,,0.0
11,3,1,,,,,,,,,0.0
11,3,1,,,,,,,,,0.0
11,3,1,,,,,,,,,0.0
11,4,1,,,,,,,,,0.0
11,4,1,,,,,,,,,0.0
11,4,1,,,,,,,,,0.0
11,4,1,,,,,,,,,0.0
11,5,1,,,,,,,,,0.0
11,5,1,,,,,,,,,0.0
11,5,1,,,,,,,,,0.0
11,5,1,,,,,,,,,0.0
11,6,1,,,,,,,,,0.0
11,6,1,,,,,,,,,0.0
11,6,1,,,,,,,,,0.0
11,6,1,,,,,,,,,0.0
11,7,1,,,,,,,,,0.0
11,7,1,,,,,,,,,0.0
11,7,1,,,,,,,,,0.0
11,7,1,,,,,,,,,0.0
11,8,1,,,,,,,,,0.0
11,8,1,,,,,,,,,0.0025
11,8,1,,,,,,,,,0.0775
11,8,1,,,,,,,,,0.225
11,9,1,,,,,,,,,0.635
11,9,1,,,,,,,,,1.33
11,9,1,,,,,,,,,2.29
11,9,1,,,,,,,,,3.2175
11,10,1,,,,,,,,,3.8525
11,10,1,,,,,,,,,4.36
11,10,1,,,,,,,,,4.83
11,10,1,,,,,,,,,5.32
11,11,1,,,,,,,,,5.745
11,11,1,,,,,,,,,6.16
11,11,1,,,,,,,,,6.6325
11,11,1,,,,,,,,,6.14
11,12,1,,,,,,,,,6.5425
11,12,1,,,,,,,,,7.0075
11,12,1,,,,,,,,,7.0875
11,12,1,,,,,,,,,7.285
11,13,1,,,,,,,,,6.14
11,13,1,,,,,,,,,4.1775
11,13,1,,,,,,,,,3.76
11,13,1,,,,,,,,,4.7675
11,14,1,,,,,,,,,7.09
11,14,1,,,,,,,,,4.97
11,14,1,,,,,,,,,7.0475
11,14,1,,,,,,,,,6.9275
11,15,1,,,,,,,,,4.76
11,15,1,,,,,,,,,3.6
11,15,1,,,,,,,,,3.1425
11,15,1,,,,,,,,,4.2375
11,16,1,,,,,,,,,5.48
11,16,1,,,,,,,,,4.7175
11,16,1,,,,,,,,,2.515
11,16,1,,,,,,,,,4.0225
11,17,1,,,,,,,,,3.0275
11,17,1,,,,,,,,,1.61
11,17,1,,,,,,,,,0.7175
11,17,1,,,,,,,,,0.8375
11,18,1,,,,,,,,,0.22
11,18,1,,,,,,,,,0.065
11,18,1,,,,,,,,,0.0125
11,18,1,,,,,,,,,0.0
11,19,1,,,,,,,,,0.0
11,19,1,,,,,,,,,0.0
11,19,1,,,,,,,,,0.0
11,19,1,,,,,,,,,0.0
11,20,1,,,,,,,,,0.0
11,20,1,,,,,,,,,0.0
11,20,1,,,,,,,,,0.0
11,20,1,,,,,,,,,0.0
11,21,1,,,,,,,,,0.0
11,21,1,,,,,,,,,0.0
11,21,1,,,,,,,,,0.0
11,21,1,,,,,,,,,0.0
11,22,1,,,,,,,,,0.0
11,22,1,,,,,,,,,0.0
11,22,1,,,,,,,,,0.0
11,22,1,,,,,,,,,0.0
11,23,1,,,,,,,,,0.0
11,23,1,,,,,,,,,0.0
11,23,1,,,,,,,,,0.0
11,23,1,,,,,,,,,0.0
11,24,1,,,,,,,,,0.0
11,24,1,,,,,,,,,0.0
11,24,1,,,,,,,,,0.0
11,24,1,,,,,,,,,0.0
11,1,2,,,,,,,,,0.0
11,1,2,,,,,,,,,0.0
11,1,2,,,,,,,,,0.0
11,1,2,,,,,,,,,0.0
11,2,2,,,,,,,,,0.0
11,2,2,,,,,,,,,0.0
11,2,2,,,,,,,,,0.0
11,2,2,,,,,,,,,0.0
11,3,2,,,,,,,,,0.0
11,3,2,,,,,,,,,0.0
11,3,2,,,,,,,,,0.0
11,3,2,,,,,,,,,0.0
11,4,2,,,,,,,,,0.0
11,4,2,,,,,,,,,0.0
11,4,2,,,,,,,,,0.0
11,4,2,,,,,,,,,0.0
11,5,2,,,,,,,,,0.0
11,5,2,,,,,,,,,0.0
11,5,2,,,,,,,,,0.0
11,5,2,,,,,,,,,0.0
11,6,2,,,,,,,,,0.0
11,6,2,,,,,,,,,0.0
11,6,2,,,,,,,,,0.0
11,6,2,,,,,,,,,0.0
11,7,2,,,,,,,,,0.0
11,7,2,,,,,,,,,0.0
11,7,2,,,,,,,,,0.0
11,7,2,,,,,,,,,0.0
11,8,2,,,,,,,,,0.0
11,8,2,,,,,,,,,0.0
11,8,2,,,,,,,,,0.02
11,8,2,,,,,,,,,0.125
11,9,2,,,,,,,,,0.135
11,9,2,,,,,,,,,0.15
11,9,2,,,,,,,,,0.29
11,9,2,,,,,,,,,0.27
11,10,2,,,,,,,,,0.185
11,10,2,,,,,,,,,0.2375
11,10,2,,,,,,,,,0.3075
11,10,2,,,,,,,,,0.2625
11,11,2,,,,,,,,,0.45
11,11,2,,,,,,,,,1.2375
11,11,2,,,,,,,,,1.4025
11,11,2,,,,,,,,,2.3
11,12,2,,,,,,,,,1.8375
11,12,2,,,,,,,,,2.67
11,12,2,,,,,,,,,2.015
11,12,2,,,,,,,,,3.8675
11,13,2,,,,,,,,,2.6825
11,13,2,,,,,,,,,2.03
11,13,2,,,,,,,,,2.39
11,13,2,,,,,,,,,0.985
11,14,2,,,,,,,,,1.845
11,14,2,,,,,,,,,1.76
11,14,2,,,,,,,,,0.635
11,14,2,,,,,,,,,0.3575
11,15,2,,,,,,,,,0.3825
11,15,2,,,,,,,,,0.7
11,15,2,,,,,,,,,1.1325
11,15,2,,,,,,,,,0.8075
11,16,2,,,,,,,,,1.5375
11,16,2,,,,,,,,,1.4
11,16,2,,,,,,,,,1.21
11,16,2,,,,,,,,,0.5225
11,17,2,,,,,,,,,0.41
11,17,2,,,,,,,,,0.59
11,17,2,,,,,,,,,0.47
11,17,2,,,,,,,,,0.1875
11,18,2,,,,,,,,,0.105
11,18,2,,,,,,,,,0.0275
11,18,2,,,,,,,,,0.0
11,18,2,,,,,,,,,0.0
11,19,2,,,,,,,,,0.0
11,19,2,,,,,,,,,0.0
11,19,2,,,,,,,,,0.0
11,19,2,,,,,,,,,0.0
11,20,2,,,,,,,,,0.0
11,20,2,,,,,,,,,0.0
11,20,2,,,,,,,,,0.0
11,20,2,,,,,,,,,0.0
11,21,2,,,,,,,,,0.0
11,21,2,,,,,,,,,0.0
11,21,2,,,,,,,,,0.0
11,21,2,,,,,,,,,0.0
11,22,2,,,,,,,,,0.0
11,22,2,,,,,,,,,0.0
11,22,2,,,,,,,,,0.0
11,22,2,,,,,,,,,0.0
11,23,2,,,,,,,,,0.0
11,23,2,,,,,,,,,0.0
11,23,2,,,,,,,,,0.0
11,23,2,,,,,,,,,0.0
11,24,2,,,,,,,,,0.0
11,24,2,,,,,,,,,0.0
11,24,2,,,,,,,,,0.0
11,24,2,,,,,,,,,0.0
11,1,3,,,,,,,,,0.0
11,1,3,,,,,,,,,0.0
11,1,3,,,,,,,,,0.0
11,1,3,,,,,,,,,0.0
11,2,3,,,,,,,,,0.0
11,2,3,,,,,,,,,0.0
11,2,3,,,,,,,,,0.0
11,2,3,,,,,,,,,0.0
11,3,3,,,,,,,,,0.0
11,3,3,,,,,,,,,0.0
11,3,3,,,,,,,,,0.0
11,3,3,,,,,,,,,0.0
11,4,3,,,,,,,,,0.0
11,4,3,,,,,,,,,0.0
11,4,3,,,,,,,,,0.0
11,4,3,,,,,,,,,0.0
11,5,3,,,,,,,,,0.0
11,5,3,,,,,,,,,0.0
11,5,3,,,,,,,,,0.0
11,5,3,,,,,,,,,0.0
11,6,3,,,,,,,,,0.0
11,6,3,,,,,,,,,0.0
11,6,3,,,,,,,,,0.0
11,6,3,,,,,,,,,0.0
11,7,3,,,,,,,,,0.0
11,7,3,,,,,,,,,0.0
11,7,3,,,,,,,,,0.0
11,7,3,,,,,,,,,0.0
11,8,3,,,,,,,,,0.0
11,8,3,,,,,,,,,0.0
11,8,3,,,,,,,,,0.0
11,8,3,,,,,,,,,0.0
11,9,3,,,,,,,,,0.0425
11,9,3,,,,,,,,,0.03
11,9,3,,,,,,,,,0.02
11,9,3,,,,,,,,,0.0
11,10,3,,,,,,,,,0.0
11,10,3,,,,,,,,,0.0
11,10,3,,,,,,,,,0.045
11,10,3,,,,,,,,,0.1325
11,11,3,,,,,,,,,0.4575
11,11,3,,,,,,,,,0.685
11,11,3,,,,,,,,,0.5
11,11,3,,,,,,,,,0.7075
11,12,3,,,,,,,,,0.905
11,12,3,,,,,,,,,0.92
11,12,3,,,,,,,,,2.305
11,12,3,,,,,,,,,3.945
11,13,3,,,,,,,,,5.6475
11,13,3,,,,,,,,,3.72
11,13,3,,,,,,,,,0.58
11,13,3,,,,,,,,,1.1575
11,14,3,,,,,,,,,5.8475
11,14,3,,,,,,,,,6.425
11,14,3,,,,,,,,,6.715
11,14,3,,,,,,,,,6.415
11,15,3,,,,,,,,,0.92
11,15,3,,,,,,,,,0.665
11,15,3,,,,,,,,,0.37
11,15,3,,,,,,,,,0.3175
11,16,3,,,,,,,,,0.5025
11,16,3,,,,,,,,,0.56
11,16,3,,,,,,,,,0.96
11,16,3,,,,,,,,,0.8
11,17,3,,,,,,,,,0.3175
11,17,3,,,,,,,,,0.4
11,17,3,,,,,,,,,0.3075
11,17,3,,,,,,,,,0.06
11,18,3,,,,,,,,,0.0
11,18,3,,,,,,,,,0.0
11,18,3,,,,,,,,,0.0
11,18,3,,,,,,,,,0.0
11,19,3,,,,,,,,,0.0
11,19,3,,,,,,,,,0.0
11,19,3,,,,,,,,,0.0
11,19,3,,,,,,,,,0.0
11,20,3,,,,,,,,,0.0
11,20,3,,,,,,,,,0.0
11,20,3,,,,,,,,,0.0
11,20,3,,,,,,,,,0.0
11,21,3,,,,,,,,,0.0
11,21,3,,,,,,,,,0.0
11,21,3,,,,,,,,,0.0
11,21,3,,,,,,,,,0.0
11,22,3,,,,,,,,,0.0
11,22,3,,,,,,,,,0.0
11,22,3,,,,,,,,,0.0
11,22,3,,,,,,,,,0.0
11,23,3,,,,,,,,,0.0
11,23,3,,,,,,,,,0.0
11,23,3,,,,,,,,,0.0
11,23,3,,,,,,,,,0.0
11,24,3,,,,,,,,,0.0
11,24,3,,,,,,,,,0.0
11,24,3,,,,,,,,,0.0
11,24,3,,,,,,,,,0.0
11,1,4,,,,,,,,,0.0
11,1,4,,,,,,,,,0.0
11,1,4,,,,,,,,,0.0
11,1,4,,,,,,,,,0.0
11,2,4,,,,,,,,,0.0
11,2,4,,,,,,,,,0.0
11,2,4,,,,,,,,,0.0
11,2,4,,,,,,,,,0.0
11,3,4,,,,,,,,,0.0
11,3,4,,,,,,,,,0.0
11,3,4,,,,,,,,,0.0
11,3,4,,,,,,,,,0.0
11,4,4,,,,,,,,,0.0
11,4,4,,,,,,,,,0.0
11,4,4,,,,,,,,,0.0
11,4,4,,,,,,,,,0.0
11,5,4,,,,,,,,,0.0
11,5,4,,,,,,,,,0.0
11,5,4,,,,,,,,,0.0
11,5,4,,,,,,,,,0.0
11,6,4,,,,,,,,,0.0
11,6,4,,,,,,,,,0.0
11,6,4,,,,,,,,,0.0
11,6,4,,,,,,,,,0.0
11,7,4,,,,,,,,,0.0
11,7,4,,,,,,,,,0.0
11,7,4,,,,,,,,,0.0
11,7,4,,,,,,,,,0.0
11,8,4,,,,,,,,,0.0
11,8,4,,,,,,,,,0.0
11,8,4,,,,,,,,,0.0725
11,8,4,,,,,,,,,0.34
11,9,4,,,,,,,,,0.4325
11,9,4,,,,,,,,,0.6275
11,9,4,,,,,,,,,1.475
11,9,4,,,,,,,,,1.905
11,10,4,,,,,,,,,1.255
11,10,4,,,,,,,,,1.24
11,10,4,,,,,,,,,1.2975
11,10,4,,,,,,,,,0.94
11,11,4,,,,,,,,,1.445
11,11,4,,,,,,,,,0.9525
11,11,4,,,,,,,,,2.77
11,11,4,,,,,,,,,2.005
11,12,4,,,,,,,,,2.0925
11,12,4,,,,,,,,,6.215
11,12,4,,,,,,,,,7.2025
11,12,4,,,,,,,,,4.6525
11,13,4,,,,,,,,,4.9725
11,13,4,,,,,,,,,5.595
11,13,4,,,,,,,,,7.4825
11,13,4,,,,,,,,,4.8875
11,14,4,,,,,,,,,2.8925
11,14,4,,,,,,,,,3.265
11,14,4,,,,,,,,,2.645
11,14,4,,,,,,,,,5.7875
11,15,4,,,,,,,,,3.7075
11,15,4,,,,,,,,,3.1725
11,15,4,,,,,,,,,1.0825
11,15,4,,,,,,,,,0.6175
11,16,4,,,,,,,,,0.65
11,16,4,,,,,,,,,1.0625
11,16,4,,,,,,,,,0.9275
11,16,4,,,,,,,,,1.8625
11,17,4,,,,,,,,,1.9175
11,17,4,,,,,,,,,2.345
11,17,4,,,,,,,,,1.1175
11,17,4,,,,,,,,,0.53
11,18,4,,,,,,,,,0.14
11,18,4,,,,,,,,,0.08
11,18,4,,,,,,,,,0.005
11,18,4,,,,,,,,,0.0
11,19,4,,,,,,,,,0.0
11,19,4,,,,,,,,,0.0
11,19,4,,,,,,,,,0.0
11,19,4,,,,,,,,,0.0
11,20,4,,,,,,,,,0.0
11,20,4,,,,,,,,,0.0
11,20,4,,,,,,,,,0.0
11,20,4,,,,,,,,,0.0
11,21,4,,,,,,,,,0.0
11,21,4,,,,,,,,,0.0
11,21,4,,,,,,,,,0.0
11,21,4,,,,,,,,,0.0
11,22,4,,,,,,,,,0.0
11,22,4,,,,,,,,,0.0
11,22,4,,,,,,,,,0.0
11,22,4,,,,,,,,,0.0
11,23,4,,,,,,,,,0.0
11,23,4,,,,,,,,,0.0
11,23,4,,,,,,,,,0.0
11,23,4,,,,,,,,,0.0
11,24,4,,,,,,,,,0.0
11,24,4,,,,,,,,,0.0
11,24,4,,,,,,,,,0.0
11,24,4,,,,,,,,,0.0
11,1,5,,,,,,,,,0.0
11,1,5,,,,,,,,,0.0
11,1,5,,,,,,,,,0.0
11,1,5,,,,,,,,,0.0
11,2,5,,,,,,,,,0.0
11,2,5,,,,,,,,,0.0
11,2,5,,,,,,,,,0.0
11,2,5,,,,,,,,,0.0
11,3,5,,,,,,,,,0.0
11,3,5,,,,,,,,,0.0
11,3,5,,,,,,,,,0.0
11,3,5,,,,,,,,,0.0
11,4,5,,,,,,,,,0.0
11,4,5,,,,,,,,,0.0
11,4,5,,,,,,,,,0.0
11,4,5,,,,,,,,,0.0
11,5,5,,,,,,,,,0.0
11,5,5,,,,,,,,,0.0
11,5,5,,,,,,,,,0.0
11,5,5,,,,,,,,,0.0
11,6,5,,,,,,,,,0.0
11,6,5,,,,,,,,,0.0
11,6,5,,,,,,,,,0.0
11,6,5,,,,,,,,,0.0
11,7,5,,,,,,,,,0.0
11,7,5,,,,,,,,,0.0
11,7,5,,,,,,,,,0.0
11,7,5,,,,,,,,,0.0
11,8,5,,,,,,,,,0.0
11,8,5,,,,,,,,,0.0
11,8,5,,,,,,,,,0.0
11,8,5,,,,,,,,,0.0
11,9,5,,,,,,,,,0.085
11,9,5,,,,,,,,,0.13
11,9,5,,,,,,,,,0.135
11,9,5,,,,,,,,,0.1925
11,10,5,,,,,,,,,0.3675
11,10,5,,,,,,,,,0.3575
11,10,5,,,,,,,,,0.47
11,10,5,,,,,,,,,1.5475
11,11,5,,,,,,,,,1.97
11,11,5,,,,,,,,,3.4
11,11,5,,,,,,,,,3.4875
11,11,5,,,,,,,,,2.31
11,12,5,,,,,,,,,1.72
11,12,5,,,,,,,,,1.87
11,12,5,,,,,,,,,1.495
11,12,5,,,,,,,,,1.7525
11,13,5,,,,,,,,,3.0225
11,13,5,,,,,,,,,3.5175
11,13,5,,,,,,,,,5.54
11,13,5,,,,,,,,,5.445
11,14,5,,,,,,,,,3.185
11,14,5,,,,,,,,,2.15
11,14,5,,,,,,,,,2.7825
11,14,5,,,,,,,,,3.01
11,15,5,,,,,,,,,6.1125
11,15,5,,,,,,,,,5.7875
11,15,5,,,,,,,,,5.45
11,15,5,,,,,,,,,5.145
11,16,5,,,,,,,,,4.695
11,16,5,,,,,,,,,4.205
11,16,5,,,,,,,,,3.7175
11,16,5,,,,,,,,,3.2425
11,17,5,,,,,,,,,2.54
11,17,5,,,,,,,,,1.8975
11,17,5,,,,,,,,,1.2075
11,17,5,,,,,,,,,0.575
11,18,5,,,,,,,,,0.3325
11,18,5,,,,,,,,,0.17
11,18,5,,,,,,,,,0.02
11,18,5,,,,,,,,,0.0
11,19,5,,,,,,,,,0.0
11,19,5,,,,,,,,,0.0
11,19,5,,,,,,,,,0.0
11,19,5,,,,,,,,,0.0
11,20,5,,,,,,,,,0.0
11,20,5,,,,,,,,,0.0
11,20,5,,,,,,,,,0.0
11,20,5,,,,,,,,,0.0
11,21,5,,,,,,,,,0.0
11,21,5,,,,,,,,,0.0
11,21,5,,,,,,,,,0.0
11,21,5,,,,,,,,,0.0
11,22,5,,,,,,,,,0.0
11,22,5,,,,,,,,,0.0
11,22,5,,,,,,,,,0.0
11,22,5,,,,,,,,,0.0
11,23,5,,,,,,,,,0.0
11,23,5,,,,,,,,,0.0
11,23,5,,,,,,,,,0.0
11,23,5,,,,,,,,,0.0
11,24,5,,,,,,,,,0.0
11,24,5,,,,,,,,,0.0
11,24,5,,,,,,,,,0.0
11,24,5,,,,,,,,,0.0
11,1,6,,,,,,,,,0.0
11,1,6,,,,,,,,,0.0
11,1,6,,,,,,,,,0.0
11,1,6,,,,,,,,,0.0
11,2,6,,,,,,,,,0.0
11,2,6,,,,,,,,,0.0
11,2,6,,,,,,,,,0.0
11,2,6,,,,,,,,,0.0
11,3,6,,,,,,,,,0.0
11,3,6,,,,,,,,,0.0
11,3,6,,,,,,,,,0.0
11,3,6,,,,,,,,,0.0
11,4,6,,,,,,,,,0.0
11,4,6,,,,,,,,,0.0
11,4,6,,,,,,,,,0.0
11,4,6,,,,,,,,,0.0
11,5,6,,,,,,,,,0.0
11,5,6,,,,,,,,,0.0
11,5,6,,,,,,,,,0.0
11,5,6,,,,,,,,,0.0
11,6,6,,,,,,,,,0.0
11,6,6,,,,,,,,,0.0
11,6,6,,,,,,,,,0.0
11,6,6,,,,,,,,,0.0
11,7,6,,,,,,,,,0.0
11,7,6,,,,,,,,,0.0
11,7,6,,,,,,,,,0.0
11,7,6,,,,,,,,,0.0
11,8,6,,,,,,,,,0.0
11,8,6,,,,,,,,,0.0
11,8,6,,,,,,,,,0.0075
11,8,6,,,,,,,,,0.075
11,9,6,,,,,,,,,0.175
11,9,6,,,,,,,,,0.36
11,9,6,,,,,,,,,0.5375
11,9,6,,,,,,,,,2.14
11,10,6,,,,,,,,,3.305
11,10,6,,,,,,,,,3.81
11,10,6,,,,,,,,,4.2375
11,10,6,,,,,,,,,4.7575
11,11,6,,,,,,,,,5.245
11,11,6,,,,,,,,,5.6175
11,11,6,,,,,,,,,5.955
11,11,6,,,,,,,,,6.225
11,12,6,,,,,,,,,6.4
11,12,6,,,,,,,,,6.545
11,12,6,,,,,,,,,6.765
11,12,6,,,,,,,,,6.275
11,13,6,,,,,,,,,3.1375
11,13,6,,,,,,,,,6.3075
11,13,6,,,,,,,,,7.0125
11,13,6,,,,,,,,,6.9075
11,14,6,,,,,,,,,6.725
11,14,6,,,,,,,,,6.475
11,14,6,,,,,,,,,6.71
11,14,6,,,,,,,,,5.43
11,15,6,,,,,,,,,5.665
11,15,6,,,,,,,,,5.875
11,15,6,,,,,,,,,5.515
11,15,6,,,,,,,,,5.135
11,16,6,,,,,,,,,4.755
11,16,6,,,,,,,,,4.3225
11,16,6,,,,,,,,,3.845
11,16,6,,,,,,,,,3.32
11,17,6,,,,,,,,,2.6825
11,17,6,,,,,,,,,1.97
11,17,6,,,,,,,,,1.295
11,17,6,,,,,,,,,0.6725
11,18,6,,,,,,,,,0.295
11,18,6,,,,,,,,,0.12
11,18,6,,,,,,,,,0.015
11,18,6,,,,,,,,,0.0
11,19,6,,,,,,,,,0.0
11,19,6,,,,,,,,,0.0
11,19,6,,,,,,,,,0.0
11,19,6,,,,,,,,,0.0
11,20,6,,,,,,,,,0.0
11,20,6,,,,,,,,,0.0
11,20,6,,,,,,,,,0.0
11,20,6,,,,,,,,,0.0
11,21,6,,,,,,,,,0.0
11,21,6,,,,,,,,,0.0
11,21,6,,,,,,,,,0.0
11,21,6,,,,,,,,,0.0
11,22,6,,,,,,,,,0.0
11,22,6,,,,,,,,,0.0
11,22,6,,,,,,,,,0.0
11,22,6,,,,,,,,,0.0
11,23,6,,,,,,,,,0.0
11,23,6,,,,,,,,,0.0
11,23,6,,,,,,,,,0.0
11,23,6,,,,,,,,,0.0
11,24,6,,,,,,,,,0.0
11,24,6,,,,,,,,,0.0
11,24,6,,,,,,,,,0.0
11,24,6,,,,,,,,,0.0
11,1,7,,,,,,,,,0.0
11,1,7,,,,,,,,,0.0
11,1,7,,,,,,,,,0.0
11,1,7,,,,,,,,,0.0
11,2,7,,,,,,,,,0.0
11,2,7,,,,,,,,,0.0
11,2,7,,,,,,,,,0.0
11,2,7,,,,,,,,,0.0
11,3,7,,,,,,,,,0.0
11,3,7,,,,,,,,,0.0
11,3,7,,,,,,,,,0.0
11,3,7,,,,,,,,,0.0
11,4,7,,,,,,,,,0.0
11,4,7,,,,,,,,,0.0
11,4,7,,,,,,,,,0.0
11,4,7,,,,,,,,,0.0
11,5,7,,,,,,,,,0.0
11,5,7,,,,,,,,,0.0
11,5,7,,,,,,,,,0.0
11,5,7,,,,,,,,,0.0
11,6,7,,,,,,,,,0.0
11,6,7,,,,,,,,,0.0
11,6,7,,,,,,,,,0.0
11,6,7,,,,,,,,,0.0
11,7,7,,,,,,,,,0.0
11,7,7,,,,,,,,,0.0
11,7,7,,,,,,,,,0.0
11,7,7,,,,,,,,,0.0
11,8,7,,,,,,,,,0.0
11,8,7,,,,,,,,,0.0
11,8,7,,,,,,,,,0.0275
11,8,7,,,,,,,,,0.16
11,9,7,,,,,,,,,0.34
11,9,7,,,,,,,,,0.6775
11,9,7,,,,,,,,,1.43
11,9,7,,,,,,,,,1.835
11,10,7,,,,,,,,,3.3175
11,10,7,,,,,,,,,3.805
11,10,7,,,,,,,,,4.16
11,10,7,,,,,,,,,4.985
11,11,7,,,,,,,,,4.7175
11,11,7,,,,,,,,,4.8125
11,11,7,,,,,,,,,5.65
11,11,7,,,,,,,,,6.13
11,12,7,,,,,,,,,6.21
11,12,7,,,,,,,,,6.195
11,12,7,,,,,,,,,6.065
11,12,7,,,,,,,,,6.2225
11,13,7,,,,,,,,,5.135
11,13,7,,,,,,,,,4.605
11,13,7,,,,,,,,,6.2775
11,13,7,,,,,,,,,6.4525
11,14,7,,,,,,,,,4.025
11,14,7,,,,,,,,,4.7375
11,14,7,,,,,,,,,3.35
11,14,7,,,,,,,,,3.255
11,15,7,,,,,,,,,2.2575
11,15,7,,,,,,,,,1.91
11,15,7,,,,,,,,,1.54
11,15,7,,,,,,,,,0.8075
11,16,7,,,,,,,,,0.7425
11,16,7,,,,,,,,,0.7975
11,16,7,,,,,,,,,0.9725
11,16,7,,,,,,,,,0.6775
11,17,7,,,,,,,,,0.825
11,17,7,,,,,,,,,0.415
11,17,7,,,,,,,,,0.215
11,17,7,,,,,,,,,0.16
11,18,7,,,,,,,,,0.0275
11,18,7,,,,,,,,,0.0025
11,18,7,,,,,,,,,0.0
11,18,7,,,,,,,,,0.0
11,19,7,,,,,,,,,0.0
11,19,7,,,,,,,,,0.0
11,19,7,,,,,,,,,0.0
11,19,7,,,,,,,,,0.0
11,20,7,,,,,,,,,0.0
11,20,7,,,,,,,,,0.0
11,20,7,,,,,,,,,0.0
11,20,7,,,,,,,,,0.0
11,21,7,,,,,,,,,0.0
11,21,7,,,,,,,,,0.0
11,21,7,,,,,,,,,0.0
11,21,7,,,,,,,,,0.0
11,22,7,,,,,,,,,0.0
11,22,7,,,,,,,,,0.0
11,22,7,,,,,,,,,0.0
11,22,7,,,,,,,,,0.0
11,23,7,,,,,,,,,0.0
11,23,7,,,,,,,,,0.0
11,23,7,,,,,,,,,0.0
11,23,7,,,,,,,,,0.0
11,24,7,,,,,,,,,0.0
11,24,7,,,,,,,,,0.0
11,24,7,,,,,,,,,0.0
11,24,7,,,,,,,,,0.0
11,1,1,,,,,,,,,0.0
11,1,1,,,,,,,,,0.0
11,1,1,,,,,,,,,0.0
11,1,1,,,,,,,,,0.0
11,2,1,,,,,,,,,0.0
11,2,1,,,,,,,,,0.0
11,2,1,,,,,,,,,0.0
11,2,1,,,,,,,,,0.0
11,3,1,,,,,,,,,0.0
11,3,1,,,,,,,,,0.0
11,3,1,,,,,,,,,0.0
11,3,1,,,,,,,,,0.0
11,4,1,,,,,,,,,0.0
11,4,1,,,,,,,,,0.0
11,4,1,,,,,,,,,0.0
11,4,1,,,,,,,,,0.0
11,5,1,,,,,,,,,0.0
11,5,1,,,,,,,,,0.0
11,5,1,,,,,,,,,0.0
11,5,1,,,,,,,,,0.0
11,6,1,,,,,,,,,0.0
11,6,1,,,,,,,,,0.0
11,6,1,,,,,,,,,0.0
11,6,1,,,,,,,,,0.0
11,7,1,,,,,,,,,0.0
11,7,1,,,,,,,,,0.0
11,7,1,,,,,,,,,0.0
11,7,1,,,,,,,,,0.0
11,8,1,,,,,,,,,0.0
11,8,1,,,,,,,,,0.0
11,8,1,,,,,,,,,0.0
11,8,1,,,,,,,,,0.02
11,9,1,,,,,,,,,0.08
11,9,1,,,,,,,,,0.235
11,9,1,,,,,,,,,0.6025
11,9,1,,,,,,,,,1.13
11,10,1,,,,,,,,,0.78
11,10,1,,,,,,,,,0.4775
11,10,1,,,,,,,,,0.415
11,10,1,,,,,,,,,0.3475
11,11,1,,,,,,,,,0.505
11,11,1,,,,,,,,,0.845
11,11,1,,,,,,,,,1.7275
11,11,1,,,,,,,,,1.49
11,12,1,,,,,,,,,5.2025
11,12,1,,,,,,,,,4.765
11,12,1,,,,,,,,,4.3525
11,12,1,,,,,,,,,5.19
11,13,1,,,,,,,,,3.3925
11,13,1,,,,,,,,,4.74
11,13,1,,,,,,,,,5.2525
11,13,1,,,,,,,,,7.14
11,14,1,,,,,,,,,4.2775
11,14,1,,,,,,,,,6.2725
11,14,1,,,,,,,,,4.36
11,14,1,,,,,,,,,4.24
11,15,1,,,,,,,,,4.91
11,15,1,,,,,,,,,5.155
11,15,1,,,,,,,,,2.175
11,15,1,,,,,,,,,1.1075
11,16,1,,,,,,,,,0.965
11,16,1,,,,,,,,,0.415
11,16,1,,,,,,,,,0.3
11,16,1,,,,,,,,,0.5325
11,17,1,,,,,,,,,0.445
11,17,1,,,,,,,,,0.615
11,17,1,,,,,,,,,0.52
11,17,1,,,,,,,,,0.395
11,18,1,,,,,,,,,0.2025
11,18,1,,,,,,,,,0.075
11,18,1,,,,,,,,,0.0
11,18,1,,,,,,,,,0.0
11,19,1,,,,,,,,,0.0
11,19,1,,,,,,,,,0.0
11,19,1,,,,,,,,,0.0
11,19,1,,,,,,,,,0.0
11,20,1,,,,,,,,,0.0
11,20,1,,,,,,,,,0.0
11,20,1,,,,,,,,,0.0
11,20,1,,,,,,,,,0.0
11,21,1,,,,,,,,,0.0
11,21,1,,,,,,,,,0.0
11,21,1,,,,,,,,,0.0
11,21,1,,,,,,,,,0.0
11,22,1,,,,,,,,,0.0
11,22,1,,,,,,,,,0.0
11,22,1,,,,,,,,,0.0
11,22,1,,,,,,,,,0.0
11,23,1,,,,,,,,,0.0
11,23,1,,,,,,,,,0.0
11,23,1,,,,,,,,,0.0
11,23,1,,,,,,,,,0.0
11,24,1,,,,,,,,,0.0
11,24,1,,,,,,,,,0.0
11,24,1,,,,,,,,,0.0
11,24,1,,,,,,,,,0.0
11,1,2,,,,,,,,,0.0
11,1,2,,,,,,,,,0.0
11,1,2,,,,,,,,,0.0
11,1,2,,,,,,,,,0.0
11,2,2,,,,,,,,,0.0
11,2,2,,,,,,,,,0.0
11,2,2,,,,,,,,,0.0
11,2,2,,,,,,,,,0.0
11,3,2,,,,,,,,,0.0
11,3,2,,,,,,,,,0.0
11,3,2,,,,,,,,,0.0
11,3,2,,,,,,,,,0.0
11,4,2,,,,,,,,,0.0
11,4,2,,,,,,,,,0.0
11,4,2,,,,,,,,,0.0
11,4,2,,,,,,,,,0.0
11,5,2,,,,,,,,,0.0
11,5,2,,,,,,,,,0.0
11,5,2,,,,,,,,,0.0
11,5,2,,,,,,,,,0.0
11,6,2,,,,,,,,,0.0
11,6,2,,,,,,,,,0.0
11,6,2,,,,,,,,,0.0
11,6,2,,,,,,,,,0.0
11,7,2,,,,,,,,,0.0
11,7,2,,,,,,,,,0.0
11,7,2,,,,,,,,,0.0
11,7,2,,,,,,,,,0.0
11,8,2,,,,,,,,,0.0
11,8,2,,,,,,,,,0.0
11,8,2,,,,,,,,,0.0
11,8,2,,,,,,,,,0.0425
11,9,2,,,,,,,,,0.165
11,9,2,,,,,,,,,0.335
11,9,2,,,,,,,,,0.3075
11,9,2,,,,,,,,,0.825
11,10,2,,,,,,,,,1.18
11,10,2,,,,,,,,,1.485
11,10,2,,,,,,,,,3.435
11,10,2,,,,,,,,,2.65
11,11,2,,,,,,,,,4.8525
11,11,2,,,,,,,,,5.57
11,11,2,,,,,,,,,5.325
11,11,2,,,,,,,,,4.9075
11,12,2,,,,,,,,,2.9425
11,12,2,,,,,,,,,2.66
11,12,2,,,,,,,,,3.9725
11,12,2,,,,,,,,,2.7825
11,13,2,,,,,,,,,3.17
11,13,2,,,,,,,,,5.7375
11,13,2,,,,,,,,,4.305
11,13,2,,,,,,,,,5.575
11,14,2,,,,,,,,,4.49
11,14,2,,,,,,,,,3.15
11,14,2,,,,,,,,,3.36
11,14,2,,,,,,,,,3.5325
11,15,2,,,,,,,,,3.2975
11,15,2,,,,,,,,,2.815
11,15,2,,,,,,,,,2.76
11,15,2,,,,,,,,,1.68
11,16,2,,,,,,,,,2.105
11,16,2,,,,,,,,,0.98
11,16,2,,,,,,,,,0.53
11,16,2,,,,,,,,,0.555
11,17,2,,,,,,,,,0.325
11,17,2,,,,,,,,,0.17
11,17,2,,,,,,,,,0.055
11,17,2,,,,,,,,,0.07
11,18,2,,,,,,,,,0.05
11,18,2,,,,,,,,,0.0
11,18,2,,,,,,,,,0.0
11,18,2,,,,,,,,,0.0
11,19,2,,,,,,,,,0.0
11,19,2,,,,,,,,,0.0
11,19,2,,,,,,,,,0.0
11,19,2,,,,,,,,,0.0
11,20,2,,,,,,,,,0.0
11,20,2,,,,,,,,,0.0
11,20,2,,,,,,,,,0.0
11,20,2,,,,,,,,,0.0
11,21,2,,,,,,,,,0.0
11,21,2,,,,,,,,,0.0
11,21,2,,,,,,,,,0.0
11,21,2,,,,,,,,,0.0
11,22,2,,,,,,,,,0.0
11,22,2,,,,,,,,,0.0
11,22,2,,,,,,,,,0.0
11,22,2,,,,,,,,,0.0
11,23,2,,,,,,,,,0.0
11,23,2,,,,,,,,,0.0
11,23,2,,,,,,,,,0.0
11,23,2,,,,,,,,,0.0
11,24,2,,,,,,,,,0.0
11,24,2,,,,,,,,,0.0
11,24,2,,,,,,,,,0.0
11,24,2,,,,,,,,,0.0
11,1,3,,,,,,,,,0.0
11,1,3,,,,,,,,,0.0
11,1,3,,,,,,,,,0.0
11,1,3,,,,,,,,,0.0
11,2,3,,,,,,,,,0.0
11,2,3,,,,,,,,,0.0
11,2,3,,,,,,,,,0.0
11,2,3,,,,,,,,,0.0
11,3,3,,,,,,,,,0.0
11,3,3,,,,,,,,,0.0
11,3,3,,,,,,,,,0.0
11,3,3,,,,,,,,,0.0
11,4,3,,,,,,,,,0.0
11,4,3,,,,,,,,,0.0
11,4,3,,,,,,,,,0.0
11,4,3,,,,,,,,,0.0
11,5,3,,,,,,,,,0.0
11,5,3,,,,,,,,,0.0
11,5,3,,,,,,,,,0.0
11,5,3,,,,,,,,,0.0
11,6,3,,,,,,,,,0.0
11,6,3,,,,,,,,,0.0
11,6,3,,,,,,,,,0.0
11,6,3,,,,,,,,,0.0
11,7,3,,,,,,,,,0.0
11,7,3,,,,,,,,,0.0
11,7,3,,,,,,,,,0.0
11,7,3,,,,,,,,,0.0
11,8,3,,,,,,,,,0.0
11,8,3,,,,,,,,,0.0
11,8,3,,,,,,,,,0.08
11,8,3,,,,,,,,,0.13
11,9,3,,,,,,,,,0.5575
11,9,3,,,,,,,,,0.865
11,9,3,,,,,,,,,0.245
11,9,3,,,,,,,,,0.185
11,10,3,,,,,,,,,0.205
11,10,3,,,,,,,,,0.23
11,10,3,,,,,,,,,0.245
11,10,3,,,,,,,,,0.2375
11,11,3,,,,,,,,,0.2375
11,11,3,,,,,,,,,0.1175
11,11,3,,,,,,,,,0.12
11,11,3,,,,,,,,,0.175
11,12,3,,,,,,,,,0.195
11,12,3,,,,,,,,,0.275
11,12,3,,,,,,,,,0.3275
11,12,3,,,,,,,,,0.44
11,13,3,,,,,,,,,0.3175
11,13,3,,,,,,,,,0.3475
11,13,3,,,,,,,,,0.1925
11,13,3,,,,,,,,,0.2225
11,14,3,,,,,,,,,0.29
11,14,3,,,,,,,,,0.38
11,14,3,,,,,,,,,0.62
11,14,3,,,,,,,,,0.5125
11,15,3,,,,,,,,,0.3575
11,15,3,,,,,,,,,0.245
11,15,3,,,,,,,,,0.3925
11,15,3,,,,,,,,,0.37
11,16,3,,,,,,,,,0.245
11,16,3,,,,,,,,,0.3075
11,16,3,,,,,,,,,0.8625
11,16,3,,,,,,,,,0.935
11,17,3,,,,,,,,,0.485
11,17,3,,,,,,,,,0.165
11,17,3,,,,,,,,,0.115
11,17,3,,,,,,,,,0.105
11,18,3,,,,,,,,,0.0125
11,18,3,,,,,,,,,0.0
11,18,3,,,,,,,,,0.0
11,18,3,,,,,,,,,0.0
11,19,3,,,,,,,,,0.0
11,19,3,,,,,,,,,0.0
11,19,3,,,,,,,,,0.0
11,19,3,,,,,,,,,0.0
11,20,3,,,,,,,,,0.0
11,20,3,,,,,,,,,0.0
11,20,3,,,,,,,,,0.0
11,20,3,,,,,,,,,0.0
11,21,3,,,,,,,,,0.0
11,21,3,,,,,,,,,0.0
11,21,3,,,,,,,,,0.0
11,21,3,,,,,,,,,0.0
11,22,3,,,,,,,,,0.0
11,22,3,,,,,,,,,0.0
11,22,3,,,,,,,,,0.0
11,22,3,,,,,,,,,0.0
11,23,3,,,,,,,,,0.0
11,23,3,,,,,,,,,0.0
11,23,3,,,,,,,,,0.0
11,23,3,,,,,,,,,0.0
11,24,3,,,,,,,,,0.0
11,24,3,,,,,,,,,0.0
11,24,3,,,,,,,,,0.0
11,24,3,,,,,,,,,0.0
11,1,4,,,,,,,,,0.0
11,1,4,,,,,,,,,0.0
11,1,4,,,,,,,,,0.0
11,1,4,,,,,,,,,0.0
11,2,4,,,,,,,,,0.0
11,2,4,,,,,,,,,0.0
11,2,4,,,,,,,,,0.0
11,2,4,,,,,,,,,0.0
11,3,4,,,,,,,,,0.0
11,3,4,,,,,,,,,0.0
11,3,4,,,,,,,,,0.0
11,3,4,,,,,,,,,0.0
11,4,4,,,,,,,,,0.0
11,4,4,,,,,,,,,0.0
11,4,4,,,,,,,,,0.0
11,4,4,,,,,,,,,0.0
11,5,4,,,,,,,,,0.0
11,5,4,,,,,,,,,0.0
11,5,4,,,,,,,,,0.0
11,5,4,,,,,,,,,0.0
11,6,4,,,,,,,,,0.0
11,6,4,,,,,,,,,0.0
11,6,4,,,,,,,,,0.0
11,6,4,,,,,,,,,0.0
11,7,4,,,,,,,,,0.0
11,7,4,,,,,,,,,0.0
11,7,4,,,,,,,,,0.0
11,7,4,,,,,,,,,0.0
11,8,4,,,,,,,,,0.0
11,8,4,,,,,,,,,0.0
11,8,4,,,,,,,,,0.0
11,8,4,,,,,,,,,0.0
11,9,4,,,,,,,,,0.0
11,9,4,,,,,,,,,0.0
11,9,4,,,,,,,,,0.0225
11,9,4,,,,,,,,,0.155
11,10,4,,,,,,,,,0.1475
11,10,4,,,,,,,,,0.1875
11,10,4,,,,,,,,,0.1625
11,10,4,,,,,,,,,0.115
11,11,4,,,,,,,,,0.2475
11,11,4,,,,,,,,,0.2475
11,11,4,,,,,,,,,0.3075
11,11,4,,,,,,,,,0.515
11,12,4,,,,,,,,,0.76
11,12,4,,,,,,,,,1.195
11,12,4,,,,,,,,,1.11
11,12,4,,,,,,,,,1.2675
11,13,4,,,,,,,,,1.385
11,13,4,,,,,,,,,1.9325
11,13,4,,,,,,,,,3.4875
11,13,4,,,,,,,,,2.5075
11,14,4,,,,,,,,,1.01
11,14,4,,,,,,,,,0.44
11,14,4,,,,,,,,,1.5425
11,14,4,,,,,,,,,1.705
11,15,4,,,,,,,,,0.5675
11,15,4,,,,,,,,,0.4025
11,15,4,,,,,,,,,0.2875
11,15,4,,,,,,,,,0.1525
11,16,4,,,,,,,,,0.0475
11,16,4,,,,,,,,,0.13
11,16,4,,,,,,,,,0.1775
11,16,4,,,,,,,,,0.1225
11,17,4,,,,,,,,,0.1625
11,17,4,,,,,,,,,0.0975
11,17,4,,,,,,,,,0.1
11,17,4,,,,,,,,,0.05
11,18,4,,,,,,,,,0.0
11,18,4,,,,,,,,,0.0
11,18,4,,,,,,,,,0.0
11,18,4,,,,,,,,,0.0
11,19,4,,,,,,,,,0.0
11,19,4,,,,,,,,,0.0
11,19,4,,,,,,,,,0.0
11,19,4,,,,,,,,,0.0
11,20,4,,,,,,,,,0.0
11,20,4,,,,,,,,,0.0
11,20,4,,,,,,,,,0.0
11,20,4,,,,,,,,,0.0
11,21,4,,,,,,,,,0.0
11,21,4,,,,,,,,,0.0
11,21,4,,,,,,,,,0.0
11,21,4,,,,,,,,,0.0
11,22,4,,,,,,,,,0.0
11,22,4,,,,,,,,,0.0
11,22,4,,,,,,,,,0.0
11,22,4,,,,,,,,,0.0
11,23,4,,,,,,,,,0.0
11,23,4,,,,,,,,,0.0
11,23,4,,,,,,,,,0.0
11,23,4,,,,,,,,,0.0
11,24,4,,,,,,,,,0.0
11,24,4,,,,,,,,,0.0
11,24,4,,,,,,,,,0.0
11,24,4,,,,,,,,,0.0
11,1,5,,,,,,,,,0.0
11,1,5,,,,,,,,,0.0
11,1,5,,,,,,,,,0.0
11,1,5,,,,,,,,,0.0
11,2,5,,,,,,,,,0.0
11,2,5,,,,,,,,,0.0
11,2,5,,,,,,,,,0.0
11,2,5,,,,,,,,,0.0
11,3,5,,,,,,,,,0.0
11,3,5,,,,,,,,,0.0
11,3,5,,,,,,,,,0.0
11,3,5,,,,,,,,,0.0
11,4,5,,,,,,,,,0.0
11,4,5,,,,,,,,,0.0
11,4,5,,,,,,,,,0.0
11,4,5,,,,,,,,,0.0
11,5,5,,,,,,,,,0.0
11,5,5,,,,,,,,,0.0
11,5,5,,,,,,,,,0.0
11,5,5,,,,,,,,,0.0
11,6,5,,,,,,,,,0.0
11,6,5,,,,,,,,,0.0
11,6,5,,,,,,,,,0.0
11,6,5,,,,,,,,,0.0
11,7,5,,,,,,,,,0.0
11,7,5,,,,,,,,,0.0
11,7,5,,,,,,,,,0.0
11,7,5,,,,,,,,,0.0
11,8,5,,,,,,,,,0.0
11,8,5,,,,,,,,,0.0
11,8,5,,,,,,,,,0.0
11,8,5,,,,,,,,,0.0
11,9,5,,,,,,,,,0.005
11,9,5,,,,,,,,,0.0025
11,9,5,,,,,,,,,0.005
11,9,5,,,,,,,,,0.78
11,10,5,,,,,,,,,0.61
11,10,5,,,,,,,,,0.0675
11,10,5,,,,,,,,,0.225
11,10,5,,,,,,,,,0.5625
11,11,5,,,,,,,,,0.535
11,11,5,,,,,,,,,0.5175
11,11,5,,,,,,,,,0.52
11,11,5,,,,,,,,,0.585
11,12,5,,,,,,,,,0.4575
11,12,5,,,,,,,,,0.34
11,12,5,,,,,,,,,0.4775
11,12,5,,,,,,,,,0.41
11,13,5,,,,,,,,,0.26
11,13,5,,,,,,,,,0.13
11,13,5,,,,,,,,,0.295
11,13,5,,,,,,,,,0.375
11,14,5,,,,,,,,,0.4875
11,14,5,,,,,,,,,0.3825
11,14,5,,,,,,,,,0.2125
11,14,5,,,,,,,,,0.1425
11,15,5,,,,,,,,,0.2175
11,15,5,,,,,,,,,0.19
11,15,5,,,,,,,,,0.1625
11,15,5,,,,,,,,,0.0875
11,16,5,,,,,,,,,0.0675
11,16,5,,,,,,,,,0.0375
11,16,5,,,,,,,,,0.02
11,16,5,,,,,,,,,0.0825
11,17,5,,,,,,,,,0.5525
11,17,5,,,,,,,,,0.4125
11,17,5,,,,,,,,,0.19
11,17,5,,,,,,,,,0.365
11,18,5,,,,,,,,,0.1725
11,18,5,,,,,,,,,0.0375
11,18,5,,,,,,,,,0.0
11,18,5,,,,,,,,,0.0
11,19,5,,,,,,,,,0.0
11,19,5,,,,,,,,,0.0
11,19,5,,,,,,,,,0.0
11,19,5,,,,,,,,,0.0
11,20,5,,,,,,,,,0.0
11,20,5,,,,,,,,,0.0
11,20,5,,,,,,,,,0.0
11,20,5,,,,,,,,,0.0
11,21,5,,,,,,,,,0.0
11,21,5,,,,,,,,,0.0
11,21,5,,,,,,,,,0.0
11,21,5,,,,,,,,,0.0
11,22,5,,,,,,,,,0.0
11,22,5,,,,,,,,,0.0
11,22,5,,,,,,,,,0.0
11,22,5,,,,,,,,,0.0
11,23,5,,,,,,,,,0.0
11,23,5,,,,,,,,,0.0
11,23,5,,,,,,,,,0.0
11,23,5,,,,,,,,,0.0
11,24,5,,,,,,,,,0.0
11,24,5,,,,,,,,,0.0
11,24,5,,,,,,,,,0.0
11,24,5,,,,,,,,,0.0
11,1,6,,,,,,,,,0.0
11,1,6,,,,,,,,,0.0
11,1,6,,,,,,,,,0.0
11,1,6,,,,,,,,,0.0
11,2,6,,,,,,,,,0.0
11,2,6,,,,,,,,,0.0
11,2,6,,,,,,,,,0.0
11,2,6,,,,,,,,,0.0
11,3,6,,,,,,,,,0.0
11,3,6,,,,,,,,,0.0
11,3,6,,,,,,,,,0.0
11,3,6,,,,,,,,,0.0
11,4,6,,,,,,,,,0.0
11,4,6,,,,,,,,,0.0
11,4,6,,,,,,,,,0.0
11,4,6,,,,,,,,,0.0
11,5,6,,,,,,,,,0.0
11,5,6,,,,,,,,,0.0
11,5,6,,,,,,,,,0.0
11,5,6,,,,,,,,,0.0
11,6,6,,,,,,,,,0.0
11,6,6,,,,,,,,,0.0
11,6,6,,,,,,,,,0.0
11,6,6,,,,,,,,,0.0
11,7,6,,,,,,,,,0.0
11,7,6,,,,,,,,,0.0
11,7,6,,,,,,,,,0.0
11,7,6,,,,,,,,,0.0
11,8,6,,,,,,,,,0.0
11,8,6,,,,,,,,,0.0
11,8,6,,,,,,,,,0.0
11,8,6,,,,,,,,,0.0
11,9,6,,,,,,,,,0.0375
11,9,6,,,,,,,,,0.0475
11,9,6,,,,,,,,,0.175
11,9,6,,,,,,,,,0.2325
11,10,6,,,,,,,,,0.2975
11,10,6,,,,,,,,,1.795
11,10,6,,,,,,,,,3.035
11,10,6,,,,,,,,,2.395
11,11,6,,,,,,,,,1.7375
11,11,6,,,,,,,,,1.7025
11,11,6,,,,,,,,,3.8625
11,11,6,,,,,,,,,5.1275
11,12,6,,,,,,,,,2.2925
11,12,6,,,,,,,,,3.51
11,12,6,,,,,,,,,2.3525
11,12,6,,,,,,,,,3.18
11,13,6,,,,,,,,,0.6275
11,13,6,,,,,,,,,0.36
11,13,6,,,,,,,,,0.4725
11,13,6,,,,,,,,,0.6625
11,14,6,,,,,,,,,1.5575
11,14,6,,,,,,,,,1.9
11,14,6,,,,,,,,,0.94
11,14,6,,,,,,,,,0.46
11,15,6,,,,,,,,,0.565
11,15,6,,,,,,,,,0.68
11,15,6,,,,,,,,,0.5775
11,15,6,,,,,,,,,3.87
11,16,6,,,,,,,,,5.0925
11,16,6,,,,,,,,,3.205
11,16,6,,,,,,,,,1.5
11,16,6,,,,,,,,,0.305
11,17,6,,,,,,,,,0.1
11,17,6,,,,,,,,,0.185
11,17,6,,,,,,,,,0.085
11,17,6,,,,,,,,,0.19
11,18,6,,,,,,,,,0.285
11,18,6,,,,,,,,,0.0525
11,18,6,,,,,,,,,0.0
11,18,6,,,,,,,,,0.0
11,19,6,,,,,,,,,0.0
11,19,6,,,,,,,,,0.0
11,19,6,,,,,,,,,0.0
11,19,6,,,,,,,,,0.0
11,20,6,,,,,,,,,0.0
11,20,6,,,,,,,,,0.0
11,20,6,,,,,,,,,0.0
11,20,6,,,,,,,,,0.0
11,21,6,,,,,,,,,0.0
11,21,6,,,,,,,,,0.0
11,21,6,,,,,,,,,0.0
11,21,6,,,,,,,,,0.0
11,22,6,,,,,,,,,0.0
11,22,6,,,,,,,,,0.0
11,22,6,,,,,,,,,0.0
11,22,6,,,,,,,,,0.0
11,23,6,,,,,,,,,0.0
11,23,6,,,,,,,,,0.0
11,23,6,,,,,,,,,0.0
11,23,6,,,,,,,,,0.0
11,24,6,,,,,,,,,0.0
11,24,6,,,,,,,,,0.0
11,24,6,,,,,,,,,0.0
11,24,6,,,,,,,,,0.0
11,1,7,,,,,,,,,0.0
11,1,7,,,,,,,,,0.0
11,1,7,,,,,,,,,0.0
11,1,7,,,,,,,,,0.0
11,2,7,,,,,,,,,0.0
11,2,7,,,,,,,,,0.0
11,2,7,,,,,,,,,0.0
11,2,7,,,,,,,,,0.0
11,3,7,,,,,,,,,0.0
11,3,7,,,,,,,,,0.0
11,3,7,,,,,,,,,0.0
11,3,7,,,,,,,,,0.0
11,4,7,,,,,,,,,0.0
11,4,7,,,,,,,,,0.0
11,4,7,,,,,,,,,0.0
11,4,7,,,,,,,,,0.0
11,5,7,,,,,,,,,0.0
11,5,7,,,,,,,,,0.0
11,5,7,,,,,,,,,0.0
11,5,7,,,,,,,,,0.0
11,6,7,,,,,,,,,0.0
11,6,7,,,,,,,,,0.0
11,6,7,,,,,,,,,0.0
11,6,7,,,,,,,,,0.0
11,7,7,,,,,,,,,0.0
11,7,7,,,,,,,,,0.0
11,7,7,,,,,,,,,0.0
11,7,7,,,,,,,,,0.0
11,8,7,,,,,,,,,0.0
11,8,7,,,,,,,,,0.0
11,8,7,,,,,,,,,0.0
11,8,7,,,,,,,,,0.0
11,9,7,,,,,,,,,0.0075
11,9,7,,,,,,,,,0.05
11,9,7,,,,,,,,,0.1625
11,9,7,,,,,,,,,0.03
11,10,7,,,,,,,,,0.1425
11,10,7,,,,,,,,,0.25
11,10,7,,,,,,,,,0.5
11,10,7,,,,,,,,,0.7725
11,11,7,,,,,,,,,0.82
11,11,7,,,,,,,,,0.4075
11,11,7,,,,,,,,,0.23
11,11,7,,,,,,,,,0.2825
11,12,7,,,,,,,,,0.755
11,12,7,,,,,,,,,1.7925
11,12,7,,,,,,,,,0.455
11,12,7,,,,,,,,,0.31
11,13,7,,,,,,,,,1.7575
11,13,7,,,,,,,,,2.45
11,13,7,,,,,,,,,4.755
11,13,7,,,,,,,,,3.7225
11,14,7,,,,,,,,,2.9275
11,14,7,,,,,,,,,1.3375
11,14,7,,,,,,,,,1.1825
11,14,7,,,,,,,,,1.29
11,15,7,,,,,,,,,0.8025
11,15,7,,,,,,,,,1.0425
11,15,7,,,,,,,,,0.625
11,15,7,,,,,,,,,0.535
11,16,7,,,,,,,,,0.54
11,16,7,,,,,,,,,0.7475
11,16,7,,,,,,,,,0.56
11,16,7,,,,,,,,,0.8975
11,17,7,,,,,,,,,1.295
11,17,7,,,,,,,,,1.0125
11,17,7,,,,,,,,,0.76
11,17,7,,,,,,,,,0.185
11,18,7,,,,,,,,,0.0125
11,18,7,,,,,,,,,0.0
11,18,7,,,,,,,,,0.0
11,18,7,,,,,,,,,0.0
11,19,7,,,,,,,,,0.0
11,19,7,,,,,,,,,0.0
11,19,7,,,,,,,,,0.0
11,19,7,,,,,,,,,0.0
11,20,7,,,,,,,,,0.0
11,20,7,,,,,,,,,0.0
11,20,7,,,,,,,,,0.0
11,20,7,,,,,,,,,0.0
11,21,7,,,,,,,,,0.0
11,21,7,,,,,,,,,0.0
11,21,7,,,,,,,,,0.0
11,21,7,,,,,,,,,0.0
11,22,7,,,,,,,,,0.0
11,22,7,,,,,,,,,0.0
11,22,7,,,,,,,,,0.0
11,22,7,,,,,,,,,0.0
11,23,7,,,,,,,,,0.0
11,23,7,,,,,,,,,0.0
11,23,7,,,,,,,,,0.0
11,23,7,,,,,,,,,0.0
11,24,7,,,,,,,,,0.0
11,24,7,,,,,,,,,0.0
11,24,7,,,,,,,,,0.0
11,24,7,,,,,,,,,0.0
11,1,1,,,,,,,,,0.0
11,1,1,,,,,,,,,0.0
11,1,1,,,,,,,,,0.0
11,1,1,,,,,,,,,0.0
11,2,1,,,,,,,,,0.0
11,2,1,,,,,,,,,0.0
11,2,1,,,,,,,,,0.0
11,2,1,,,,,,,,,0.0
11,3,1,,,,,,,,,0.0
11,3,1,,,,,,,,,0.0
11,3,1,,,,,,,,,0.0
11,3,1,,,,,,,,,0.0
11,4,1,,,,,,,,,0.0
11,4,1,,,,,,,,,0.0
11,4,1,,,,,,,,,0.0
11,4,1,,,,,,,,,0.0
11,5,1,,,,,,,,,0.0
11,5,1,,,,,,,,,0.0
11,5,1,,,,,,,,,0.0
11,5,1,,,,,,,,,0.0
11,6,1,,,,,,,,,0.0
11,6,1,,,,,,,,,0.0
11,6,1,,,,,,,,,0.0
11,6,1,,,,,,,,,0.0
11,7,1,,,,,,,,,0.0
11,7,1,,,,,,,,,0.0
11,7,1,,,,,,,,,0.0
11,7,1,,,,,,,,,0.0
11,8,1,,,,,,,,,0.0
11,8,1,,,,,,,,,0.0
11,8,1,,,,,,,,,0.0
11,8,1,,,,,,,,,0.0025
11,9,1,,,,,,,,,0.065
11,9,1,,,,,,,,,0.17
11,9,1,,,,,,,,,0.25
11,9,1,,,,,,,,,0.47
11,10,1,,,,,,,,,0.2
11,10,1,,,,,,,,,0.395
11,10,1,,,,,,,,,0.845
11,10,1,,,,,,,,,0.855
11,11,1,,,,,,,,,1.885
11,11,1,,,,,,,,,5.6025
11,11,1,,,,,,,,,5.905
11,11,1,,,,,,,,,4.8675
11,12,1,,,,,,,,,6.28
11,12,1,,,,,,,,,6.45
11,12,1,,,,,,,,,6.64
11,12,1,,,,,,,,,6.6975
11,13,1,,,,,,,,,6.745
11,13,1,,,,,,,,,6.82
11,13,1,,,,,,,,,6.8325
11,13,1,,,,,,,,,6.6725
11,14,1,,,,,,,,,5.535
11,14,1,,,,,,,,,6.0925
11,14,1,,,,,,,,,6.5875
11,14,1,,,,,,,,,6.44
11,15,1,,,,,,,,,6.02
11,15,1,,,,,,,,,5.7
11,15,1,,,,,,,,,5.3475
11,15,1,,,,,,,,,5.0375
11,16,1,,,,,,,,,4.625
11,16,1,,,,,,,,,4.1875
11,16,1,,,,,,,,,3.7225
11,16,1,,,,,,,,,3.02
11,17,1,,,,,,,,,2.2875
11,17,1,,,,,,,,,1.5775
11,17,1,,,,,,,,,0.845
11,17,1,,,,,,,,,0.395
11,18,1,,,,,,,,,0.1125
11,18,1,,,,,,,,,0.0325
11,18,1,,,,,,,,,0.0
11,18,1,,,,,,,,,0.0
11,19,1,,,,,,,,,0.0
11,19,1,,,,,,,,,0.0
11,19,1,,,,,,,,,0.0
11,19,1,,,,,,,,,0.0
11,20,1,,,,,,,,,0.0
11,20,1,,,,,,,,,0.0
11,20,1,,,,,,,,,0.0
11,20,1,,,,,,,,,0.0
11,21,1,,,,,,,,,0.0
11,21,1,,,,,,,,,0.0
11,21,1,,,,,,,,,0.0
11,21,1,,,,,,,,,0.0
11,22,1,,,,,,,,,0.0
11,22,1,,,,,,,,,0.0
11,22,1,,,,,,,,,0.0
11,22,1,,,,,,,,,0.0
11,23,1,,,,,,,,,0.0
11,23,1,,,,,,,,,0.0
11,23,1,,,,,,,,,0.0
11,23,1,,,,,,,,,0.0
11,24,1,,,,,,,,,0.0
11,24,1,,,,,,,,,0.0
11,24,1,,,,,,,,,0.0
11,24,1,,,,,,,,,0.0
11,1,2,,,,,,,,,0.0
11,1,2,,,,,,,,,0.0
11,1,2,,,,,,,,,0.0
11,1,2,,,,,,,,,0.0
11,2,2,,,,,,,,,0.0
11,2,2,,,,,,,,,0.0
11,2,2,,,,,,,,,0.0
11,2,2,,,,,,,,,0.0
11,3,2,,,,,,,,,0.0
11,3,2,,,,,,,,,0.0
11,3,2,,,,,,,,,0.0
11,3,2,,,,,,,,,0.0
11,4,2,,,,,,,,,0.0
11,4,2,,,,,,,,,0.0
11,4,2,,,,,,,,,0.0
11,4,2,,,,,,,,,0.0
11,5,2,,,,,,,,,0.0
11,5,2,,,,,,,,,0.0
11,5,2,,,,,,,,,0.0
11,5,2,,,,,,,,,0.0
11,6,2,,,,,,,,,0.0
11,6,2,,,,,,,,,0.0
11,6,2,,,,,,,,,0.0
11,6,2,,,,,,,,,0.0
11,7,2,,,,,,,,,0.0
11,7,2,,,,,,,,,0.0
11,7,2,,,,,,,,,0.0
11,7,2,,,,,,,,,0.0
11,8,2,,,,,,,,,0.0
11,8,2,,,,,,,,,0.0
11,8,2,,,,,,,,,0.0
11,8,2,,,,,,,,,0.045
11,9,2,,,,,,,,,0.1525
11,9,2,,,,,,,,,0.37
11,9,2,,,,,,,,,0.8525
11,9,2,,,,,,,,,1.605
11,10,2,,,,,,,,,2.445
11,10,2,,,,,,,,,3.2925
11,10,2,,,,,,,,,4.03
11,10,2,,,,,,,,,4.5375
11,11,2,,,,,,,,,4.99
11,11,2,,,,,,,,,5.385
11,11,2,,,,,,,,,5.74
11,11,2,,,,,,,,,6.055
11,12,2,,,,,,,,,6.305
11,12,2,,,,,,,,,6.4825
11,12,2,,,,,,,,,6.595
11,12,2,,,,,,,,,6.665
11,13,2,,,,,,,,,6.7175
11,13,2,,,,,,,,,6.675
11,13,2,,,,,,,,,6.69
11,13,2,,,,,,,,,6.55
11,14,2,,,,,,,,,6.605
11,14,2,,,,,,,,,6.525
11,14,2,,,,,,,,,6.3475
11,14,2,,,,,,,,,6.1975
11,15,2,,,,,,,,,6.0175
11,15,2,,,,,,,,,5.765
11,15,2,,,,,,,,,5.4575
11,15,2,,,,,,,,,5.09
11,16,2,,,,,,,,,4.7125
11,16,2,,,,,,,,,4.29
11,16,2,,,,,,,,,3.795
11,16,2,,,,,,,,,3.12
11,17,2,,,,,,,,,2.3775
11,17,2,,,,,,,,,1.6275
11,17,2,,,,,,,,,0.8675
11,17,2,,,,,,,,,0.4025
11,18,2,,,,,,,,,0.1675
11,18,2,,,,,,,,,0.045
11,18,2,,,,,,,,,0.0
11,18,2,,,,,,,,,0.0
11,19,2,,,,,,,,,0.0
11,19,2,,,,,,,,,0.0
11,19,2,,,,,,,,,0.0
11,19,2,,,,,,,,,0.0
11,20,2,,,,,,,,,0.0
11,20,2,,,,,,,,,0.0
11,20,2,,,,,,,,,0.0
11,20,2,,,,,,,,,0.0
11,21,2,,,,,,,,,0.0
11,21,2,,,,,,,,,0.0
11,21,2,,,,,,,,,0.0
11,21,2,,,,,,,,,0.0
11,22,2,,,,,,,,,0.0
11,22,2,,,,,,,,,0.0
11,22,2,,,,,,,,,0.0
11,22,2,,,,,,,,,0.0
11,23,2,,,,,,,,,0.0
11,23,2,,,,,,,,,0.0
11,23,2,,,,,,,,,0.0
11,23,2,,,,,,,,,0.0
11,24,2,,,,,,,,,0.0
11,24,2,,,,,,,,,0.0
11,24,2,,,,,,,,,0.0
11,24,2,,,,,,,,,0.0
11,1,3,,,,,,,,,0.0
11,1,3,,,,,,,,,0.0
11,1,3,,,,,,,,,0.0
11,1,3,,,,,,,,,0.0
11,2,3,,,,,,,,,0.0
11,2,3,,,,,,,,,0.0
11,2,3,,,,,,,,,0.0
11,2,3,,,,,,,,,0.0
11,3,3,,,,,,,,,0.0
11,3,3,,,,,,,,,0.0
11,3,3,,,,,,,,,0.0
11,3,3,,,,,,,,,0.0
11,4,3,,,,,,,,,0.0
11,4,3,,,,,,,,,0.0
11,4,3,,,,,,,,,0.0
11,4,3,,,,,,,,,0.0
11,5,3,,,,,,,,,0.0
11,5,3,,,,,,,,,0.0
11,5,3,,,,,,,,,0.0
11,5,3,,,,,,,,,0.0
11,6,3,,,,,,,,,0.0
11,6,3,,,,,,,,,0.0
11,6,3,,,,,,,,,0.0
11,6,3,,,,,,,,,0.0
11,7,3,,,,,,,,,0.0
11,7,3,,,,,,,,,0.0
11,7,3,,,,,,,,,0.0
11,7,3,,,,,,,,,0.0
11,8,3,,,,,,,,,0.0
11,8,3,,,,,,,,,0.0
11,8,3,,,,,,,,,0.0
11,8,3,,,,,,,,,0.115
11,9,3,,,,,,,,,0.37
11,9,3,,,,,,,,,0.5675
11,9,3,,,,,,,,,0.7875
11,9,3,,,,,,,,,0.79
11,10,3,,,,,,,,,1.39
11,10,3,,,,,,,,,2.845
11,10,3,,,,,,,,,2.905
11,10,3,,,,,,,,,2.3375
11,11,3,,,,,,,,,3.345
11,11,3,,,,,,,,,3.06
11,11,3,,,,,,,,,5.3225
11,11,3,,,,,,,,,5.39
11,12,3,,,,,,,,,3.625
11,12,3,,,,,,,,,4.5
11,12,3,,,,,,,,,6.6775
11,12,3,,,,,,,,,6.65
11,13,3,,,,,,,,,6.8325
11,13,3,,,,,,,,,7.01
11,13,3,,,,,,,,,6.9825
11,13,3,,,,,,,,,6.9825
11,14,3,,,,,,,,,6.895
11,14,3,,,,,,,,,6.795
11,14,3,,,,,,,,,6.585
11,14,3,,,,,,,,,6.385
11,15,3,,,,,,,,,6.045
11,15,3,,,,,,,,,5.7825
11,15,3,,,,,,,,,5.44
11,15,3,,,,,,,,,5.11
11,16,3,,,,,,,,,4.7625
11,16,3,,,,,,,,,4.3275
11,16,3,,,,,,,,,3.75
11,16,3,,,,,,,,,3.085
11,17,3,,,,,,,,,2.3225
11,17,3,,,,,,,,,1.5575
11,17,3,,,,,,,,,0.825
11,17,3,,,,,,,,,0.36
11,18,3,,,,,,,,,0.135
11,18,3,,,,,,,,,0.025
11,18,3,,,,,,,,,0.0
11,18,3,,,,,,,,,0.0
11,19,3,,,,,,,,,0.0
11,19,3,,,,,,,,,0.0
11,19,3,,,,,,,,,0.0
11,19,3,,,,,,,,,0.0
11,20,3,,,,,,,,,0.0
11,20,3,,,,,,,,,0.0
11,20,3,,,,,,,,,0.0
11,20,3,,,,,,,,,0.0
11,21,3,,,,,,,,,0.0
11,21,3,,,,,,,,,0.0
11,21,3,,,,,,,,,0.0
11,21,3,,,,,,,,,0.0
11,22,3,,,,,,,,,0.0
11,22,3,,,,,,,,,0.0
11,22,3,,,,,,,,,0.0
11,22,3,,,,,,,,,0.0
11,23,3,,,,,,,,,0.0
11,23,3,,,,,,,,,0.0
11,23,3,,,,,,,,,0.0
11,23,3,,,,,,,,,0.0
11,24,3,,,,,,,,,0.0
11,24,3,,,,,,,,,0.0
11,24,3,,,,,,,,,0.0
11,24,3,,,,,,,,,0.0
11,1,4,,,,,,,,,0.0
11,1,4,,,,,,,,,0.0
11,1,4,,,,,,,,,0.0
11,1,4,,,,,,,,,0.0
11,2,4,,,,,,,,,0.0
11,2,4,,,,,,,,,0.0
11,2,4,,,,,,,,,0.0
11,2,4,,,,,,,,,0.0
11,3,4,,,,,,,,,0.0
11,3,4,,,,,,,,,0.0
11,3,4,,,,,,,,,0.0
11,3,4,,,,,,,,,0.0
11,4,4,,,,,,,,,0.0
11,4,4,,,,,,,,,0.0
11,4,4,,,,,,,,,0.0
11,4,4,,,,,,,,,0.0
11,5,4,,,,,,,,,0.0
11,5,4,,,,,,,,,0.0
11,5,4,,,,,,,,,0.0
11,5,4,,,,,,,,,0.0
11,6,4,,,,,,,,,0.0
11,6,4,,,,,,,,,0.0
11,6,4,,,,,,,,,0.0
11,6,4,,,,,,,,,0.0
11,7,4,,,,,,,,,0.0
11,7,4,,,,,,,,,0.0
11,7,4,,,,,,,,,0.0
11,7,4,,,,,,,,,0.0
11,8,4,,,,,,,,,0.0
11,8,4,,,,,,,,,0.0
11,8,4,,,,,,,,,0.0
11,8,4,,,,,,,,,0.0425
11,9,4,,,,,,,,,0.16
11,9,4,,,,,,,,,0.3275
11,9,4,,,,,,,,,0.745
11,9,4,,,,,,,,,1.4775
11,10,4,,,,,,,,,2.395
11,10,4,,,,,,,,,3.2175
11,10,4,,,,,,,,,4.1175
11,10,4,,,,,,,,,4.6575
11,11,4,,,,,,,,,5.15
11,11,4,,,,,,,,,5.585
11,11,4,,,,,,,,,5.995
11,11,4,,,,,,,,,6.2725
11,12,4,,,,,,,,,6.54
11,12,4,,,,,,,,,6.78
11,12,4,,,,,,,,,6.93
11,12,4,,,,,,,,,7.05
11,13,4,,,,,,,,,7.09
11,13,4,,,,,,,,,7.12
11,13,4,,,,,,,,,7.135
11,13,4,,,,,,,,,7.07
11,14,4,,,,,,,,,6.9625
11,14,4,,,,,,,,,6.8375
11,14,4,,,,,,,,,6.6675
11,14,4,,,,,,,,,6.4425
11,15,4,,,,,,,,,6.19
11,15,4,,,,,,,,,5.89
11,15,4,,,,,,,,,5.385
11,15,4,,,,,,,,,5.215
11,16,4,,,,,,,,,4.775
11,16,4,,,,,,,,,4.295
11,16,4,,,,,,,,,3.8625
11,16,4,,,,,,,,,3.0525
11,17,4,,,,,,,,,2.2375
11,17,4,,,,,,,,,1.405
11,17,4,,,,,,,,,0.75
11,17,4,,,,,,,,,0.3075
11,18,4,,,,,,,,,0.1075
11,18,4,,,,,,,,,0.0275
11,18,4,,,,,,,,,0.0
11,18,4,,,,,,,,,0.0
11,19,4,,,,,,,,,0.0
11,19,4,,,,,,,,,0.0
11,19,4,,,,,,,,,0.0
11,19,4,,,,,,,,,0.0
11,20,4,,,,,,,,,0.0
11,20,4,,,,,,,,,0.0
11,20,4,,,,,,,,,0.0
11,20,4,,,,,,,,,0.0
11,21,4,,,,,,,,,0.0
11,21,4,,,,,,,,,0.0
11,21,4,,,,,,,,,0.0
11,21,4,,,,,,,,,0.0
11,22,4,,,,,,,,,0.0
11,22,4,,,,,,,,,0.0
11,22,4,,,,,,,,,0.0
11,22,4,,,,,,,,,0.0
11,23,4,,,,,,,,,0.0
11,23,4,,,,,,,,,0.0
11,23,4,,,,,,,,,0.0
11,23,4,,,,,,,,,0.0
11,24,4,,,,,,,,,0.0
11,24,4,,,,,,,,,0.0
11,24,4,,,,,,,,,0.0
11,24,4,,,,,,,,,0.0
11,1,5,,,,,,,,,0.0
11,1,5,,,,,,,,,0.0
11,1,5,,,,,,,,,0.0
11,1,5,,,,,,,,,0.0
11,2,5,,,,,,,,,0.0
11,2,5,,,,,,,,,0.0
11,2,5,,,,,,,,,0.0
11,2,5,,,,,,,,,0.0
11,3,5,,,,,,,,,0.0
11,3,5,,,,,,,,,0.0
11,3,5,,,,,,,,,0.0
11,3,5,,,,,,,,,0.0
11,4,5,,,,,,,,,0.0
11,4,5,,,,,,,,,0.0
11,4,5,,,,,,,,,0.0
11,4,5,,,,,,,,,0.0
11,5,5,,,,,,,,,0.0
11,5,5,,,,,,,,,0.0
11,5,5,,,,,,,,,0.0
11,5,5,,,,,,,,,0.0
11,6,5,,,,,,,,,0.0
11,6,5,,,,,,,,,0.0
11,6,5,,,,,,,,,0.0
11,6,5,,,,,,,,,0.0
11,7,5,,,,,,,,,0.0
11,7,5,,,,,,,,,0.0
11,7,5,,,,,,,,,0.0
11,7,5,,,,,,,,,0.0
11,8,5,,,,,,,,,0.0
11,8,5,,,,,,,,,0.0
11,8,5,,,,,,,,,0.0
11,8,5,,,,,,,,,0.0325
11,9,5,,,,,,,,,0.1425
11,9,5,,,,,,,,,0.285
11,9,5,,,,,,,,,0.645
11,9,5,,,,,,,,,1.3475
11,10,5,,,,,,,,,2.2225
11,10,5,,,,,,,,,2.995
11,10,5,,,,,,,,,3.955
11,10,5,,,,,,,,,4.53
11,11,5,,,,,,,,,5.0125
11,11,5,,,,,,,,,5.465
11,11,5,,,,,,,,,5.825
11,11,5,,,,,,,,,6.1575
11,12,5,,,,,,,,,6.405
11,12,5,,,,,,,,,6.6275
11,12,5,,,,,,,,,6.7925
11,12,5,,,,,,,,,6.8725
11,13,5,,,,,,,,,6.8975
11,13,5,,,,,,,,,6.93
11,13,5,,,,,,,,,6.955
11,13,5,,,,,,,,,6.9125
11,14,5,,,,,,,,,6.8675
11,14,5,,,,,,,,,6.7575
11,14,5,,,,,,,,,6.515
11,14,5,,,,,,,,,6.3725
11,15,5,,,,,,,,,6.105
11,15,5,,,,,,,,,5.7575
11,15,5,,,,,,,,,5.415
11,15,5,,,,,,,,,5.0275
11,16,5,,,,,,,,,4.6375
11,16,5,,,,,,,,,4.2525
11,16,5,,,,,,,,,3.68
11,16,5,,,,,,,,,2.995
11,17,5,,,,,,,,,2.22
11,17,5,,,,,,,,,1.3925
11,17,5,,,,,,,,,0.7125
11,17,5,,,,,,,,,0.3075
11,18,5,,,,,,,,,0.11
11,18,5,,,,,,,,,0.03
11,18,5,,,,,,,,,0.0
11,18,5,,,,,,,,,0.0
11,19,5,,,,,,,,,0.0
11,19,5,,,,,,,,,0.0
11,19,5,,,,,,,,,0.0
11,19,5,,,,,,,,,0.0
11,20,5,,,,,,,,,0.0
11,20,5,,,,,,,,,0.0
11,20,5,,,,,,,,,0.0
11,20,5,,,,,,,,,0.0
11,21,5,,,,,,,,,0.0
11,21,5,,,,,,,,,0.0
11,21,5,,,,,,,,,0.0
11,21,5,,,,,,,,,0.0
11,22,5,,,,,,,,,0.0
11,22,5,,,,,,,,,0.0
11,22,5,,,,,,,,,0.0
11,22,5,,,,,,,,,0.0
11,23,5,,,,,,,,,0.0
11,23,5,,,,,,,,,0.0
11,23,5,,,,,,,,,0.0
11,23,5,,,,,,,,,0.0
11,24,5,,,,,,,,,0.0
11,24,5,,,,,,,,,0.0
11,24,5,,,,,,,,,0.0
11,24,5,,,,,,,,,0.0
11,1,6,,,,,,,,,0.0
11,1,6,,,,,,,,,0.0
11,1,6,,,,,,,,,0.0
11,1,6,,,,,,,,,0.0
11,2,6,,,,,,,,,0.0
11,2,6,,,,,,,,,0.0
11,2,6,,,,,,,,,0.0
11,2,6,,,,,,,,,0.0
11,3,6,,,,,,,,,0.0
11,3,6,,,,,,,,,0.0
11,3,6,,,,,,,,,0.0
11,3,6,,,,,,,,,0.0
11,4,6,,,,,,,,,0.0
11,4,6,,,,,,,,,0.0
11,4,6,,,,,,,,,0.0
11,4,6,,,,,,,,,0.0
11,5,6,,,,,,,,,0.0
11,5,6,,,,,,,,,0.0
11,5,6,,,,,,,,,0.0
11,5,6,,,,,,,,,0.0
11,6,6,,,,,,,,,0.0
11,6,6,,,,,,,,,0.0
11,6,6,,,,,,,,,0.0
11,6,6,,,,,,,,,0.0
11,7,6,,,,,,,,,0.0
11,7,6,,,,,,,,,0.0
11,7,6,,,,,,,,,0.0
11,7,6,,,,,,,,,0.0
11,8,6,,,,,,,,,0.0
11,8,6,,,,,,,,,0.0
11,8,6,,,,,,,,,0.0
11,8,6,,,,,,,,,0.05
11,9,6,,,,,,,,,0.2425
11,9,6,,,,,,,,,0.34
11,9,6,,,,,,,,,0.6625
11,9,6,,,,,,,,,1.115
11,10,6,,,,,,,,,1.475
11,10,6,,,,,,,,,1.975
11,10,6,,,,,,,,,2.745
11,10,6,,,,,,,,,3.1575
11,11,6,,,,,,,,,3.89
11,11,6,,,,,,,,,4.5175
11,11,6,,,,,,,,,4.0475
11,11,6,,,,,,,,,5.205
11,12,6,,,,,,,,,5.79
11,12,6,,,,,,,,,4.405
11,12,6,,,,,,,,,5.3425
11,12,6,,,,,,,,,5.98
11,13,6,,,,,,,,,6.2625
11,13,6,,,,,,,,,5.495
11,13,6,,,,,,,,,5.55
11,13,6,,,,,,,,,5.28
11,14,6,,,,,,,,,4.295
11,14,6,,,,,,,,,3.3225
11,14,6,,,,,,,,,2.635
11,14,6,,,,,,,,,2.0025
11,15,6,,,,,,,,,1.835
11,15,6,,,,,,,,,1.48
11,15,6,,,,,,,,,1.3575
11,15,6,,,,,,,,,1.27
11,16,6,,,,,,,,,1.3275
11,16,6,,,,,,,,,1.5725
11,16,6,,,,,,,,,1.405
11,16,6,,,,,,,,,1.11
11,17,6,,,,,,,,,0.805
11,17,6,,,,,,,,,0.585
11,17,6,,,,,,,,,0.3875
11,17,6,,,,,,,,,0.1625
11,18,6,,,,,,,,,0.025
11,18,6,,,,,,,,,0.0
11,18,6,,,,,,,,,0.0
11,18,6,,,,,,,,,0.0
11,19,6,,,,,,,,,0.0
11,19,6,,,,,,,,,0.0
11,19,6,,,,,,,,,0.0
11,19,6,,,,,,,,,0.0
11,20,6,,,,,,,,,0.0
11,20,6,,,,,,,,,0.0
11,20,6,,,,,,,,,0.0
11,20,6,,,,,,,,,0.0
11,21,6,,,,,,,,,0.0
11,21,6,,,,,,,,,0.0
11,21,6,,,,,,,,,0.0
11,21,6,,,,,,,,,0.0
11,22,6,,,,,,,,,0.0
11,22,6,,,,,,,,,0.0
11,22,6,,,,,,,,,0.0
11,22,6,,,,,,,,,0.0
11,23,6,,,,,,,,,0.0
11,23,6,,,,,,,,,0.0
11,23,6,,,,,,,,,0.0
11,23,6,,,,,,,,,0.0
11,24,6,,,,,,,,,0.0
11,24,6,,,,,,,,,0.0
11,24,6,,,,,,,,,0.0
11,24,6,,,,,,,,,0.0
11,1,7,,,,,,,,,0.0
11,1,7,,,,,,,,,0.0
11,1,7,,,,,,,,,0.0
11,1,7,,,,,,,,,0.0
11,2,7,,,,,,,,,0.0
11,2,7,,,,,,,,,0.0
11,2,7,,,,,,,,,0.0
11,2,7,,,,,,,,,0.0
11,3,7,,,,,,,,,0.0
11,3,7,,,,,,,,,0.0
11,3,7,,,,,,,,,0.0
11,3,7,,,,,,,,,0.0
11,4,7,,,,,,,,,0.0
11,4,7,,,,,,,,,0.0
11,4,7,,,,,,,,,0.0
11,4,7,,,,,,,,,0.0
11,5,7,,,,,,,,,0.0
11,5,7,,,,,,,,,0.0
11,5,7,,,,,,,,,0.0
11,5,7,,,,,,,,,0.0
11,6,7,,,,,,,,,0.0
11,6,7,,,,,,,,,0.0
11,6,7,,,,,,,,,0.0
11,6,7,,,,,,,,,0.0
11,7,7,,,,,,,,,0.0
11,7,7,,,,,,,,,0.0
11,7,7,,,,,,,,,0.0
11,7,7,,,,,,,,,0.0
11,8,7,,,,,,,,,0.0
11,8,7,,,,,,,,,0.0
11,8,7,,,,,,,,,0.0
11,8,7,,,,,,,,,0.0
11,9,7,,,,,,,,,0.005
11,9,7,,,,,,,,,0.1125
11,9,7,,,,,,,,,0.2375
11,9,7,,,,,,,,,0.32
11,10,7,,,,,,,,,0.43
11,10,7,,,,,,,,,0.6175
11,10,7,,,,,,,,,0.5825
11,10,7,,,,,,,,,0.24
11,11,7,,,,,,,,,0.315
11,11,7,,,,,,,,,1.0725
11,11,7,,,,,,,,,1.51
11,11,7,,,,,,,,,0.85
11,12,7,,,,,,,,,1.25
11,12,7,,,,,,,,,1.585
11,12,7,,,,,,,,,2.095
11,12,7,,,,,,,,,1.5775
11,13,7,,,,,,,,,1.97
11,13,7,,,,,,,,,0.9825
11,13,7,,,,,,,,,1.525
11,13,7,,,,,,,,,1.94
11,14,7,,,,,,,,,1.0525
11,14,7,,,,,,,,,1.09
11,14,7,,,,,,,,,0.9025
11,14,7,,,,,,,,,1.31
11,15,7,,,,,,,,,1.08
11,15,7,,,,,,,,,0.7
11,15,7,,,,,,,,,0.65
11,15,7,,,,,,,,,0.73
11,16,7,,,,,,,,,0.7
11,16,7,,,,,,,,,0.575
11,16,7,,,,,,,,,0.58
11,16,7,,,,,,,,,0.6975
11,17,7,,,,,,,,,0.935
11,17,7,,,,,,,,,0.4425
11,17,7,,,,,,,,,0.2425
11,17,7,,,,,,,,,0.2075
11,18,7,,,,,,,,,0.06
11,18,7,,,,,,,,,0.0
11,18,7,,,,,,,,,0.0
11,18,7,,,,,,,,,0.0
11,19,7,,,,,,,,,0.0
11,19,7,,,,,,,,,0.0
11,19,7,,,,,,,,,0.0
11,19,7,,,,,,,,,0.0
11,20,7,,,,,,,,,0.0
11,20,7,,,,,,,,,0.0
11,20,7,,,,,,,,,0.0
11,20,7,,,,,,,,,0.0
11,21,7,,,,,,,,,0.0
11,21,7,,,,,,,,,0.0
11,21,7,,,,,,,,,0.0
11,21,7,,,,,,,,,0.0
11,22,7,,,,,,,,,0.0
11,22,7,,,,,,,,,0.0
11,22,7,,,,,,,,,0.0
11,22,7,,,,,,,,,0.0
11,23,7,,,,,,,,,0.0
11,23,7,,,,,,,,,0.0
11,23,7,,,,,,,,,0.0
11,23,7,,,,,,,,,0.0
11,24,7,,,,,,,,,0.0
11,24,7,,,,,,,,,0.0
11,24,7,,,,,,,,,0.0
11,24,7,,,,,,,,,0.0
11,1,1,,,,,,,,,0.0
11,1,1,,,,,,,,,0.0
11,1,1,,,,,,,,,0.0
11,1,1,,,,,,,,,0.0
11,2,1,,,,,,,,,0.0
11,2,1,,,,,,,,,0.0
11,2,1,,,,,,,,,0.0
11,2,1,,,,,,,,,0.0
11,3,1,,,,,,,,,0.0
11,3,1,,,,,,,,,0.0
11,3,1,,,,,,,,,0.0
11,3,1,,,,,,,,,0.0
11,4,1,,,,,,,,,0.0
11,4,1,,,,,,,,,0.0
11,4,1,,,,,,,,,0.0
11,4,1,,,,,,,,,0.0
11,5,1,,,,,,,,,0.0
11,5,1,,,,,,,,,0.0
11,5,1,,,,,,,,,0.0
11,5,1,,,,,,,,,0.0
11,6,1,,,,,,,,,0.0
11,6,1,,,,,,,,,0.0
11,6,1,,,,,,,,,0.0
11,6,1,,,,,,,,,0.0
11,7,1,,,,,,,,,0.0
11,7,1,,,,,,,,,0.0
11,7,1,,,,,,,,,0.0
11,7,1,,,,,,,,,0.0
11,8,1,,,,,,,,,0.0
11,8,1,,,,,,,,,0.0
11,8,1,,,,,,,,,0.0
11,8,1,,,,,,,,,0.0
11,9,1,,,,,,,,,0.0
11,9,1,,,,,,,,,0.0075
11,9,1,,,,,,,,,0.1
11,9,1,,,,,,,,,0.17
11,10,1,,,,,,,,,0.18
11,10,1,,,,,,,,,0.375
11,10,1,,,,,,,,,0.3725
11,10,1,,,,,,,,,0.2
11,11,1,,,,,,,,,0.4125
11,11,1,,,,,,,,,0.535
11,11,1,,,,,,,,,0.5
11,11,1,,,,,,,,,0.46
11,12,1,,,,,,,,,0.6525
11,12,1,,,,,,,,,1.525
11,12,1,,,,,,,,,1.385
11,12,1,,,,,,,,,3.615
11,13,1,,,,,,,,,3.1175
11,13,1,,,,,,,,,1.6975
11,13,1,,,,,,,,,1.9125
11,13,1,,,,,,,,,1.6025
11,14,1,,,,,,,,,1.38
11,14,1,,,,,,,,,1.4075
11,14,1,,,,,,,,,1.52
11,14,1,,,,,,,,,1.56
11,15,1,,,,,,,,,1.7525
11,15,1,,,,,,,,,2.51
11,15,1,,,,,,,,,1.68
11,15,1,,,,,,,,,2.755
11,16,1,,,,,,,,,3.7
11,16,1,,,,,,,,,4.08
11,16,1,,,,,,,,,3.07
11,16,1,,,,,,,,,1.025
11,17,1,,,,,,,,,1.52
11,17,1,,,,,,,,,0.325
11,17,1,,,,,,,,,0.5375
11,17,1,,,,,,,,,0.3875
11,18,1,,,,,,,,,0.155
11,18,1,,,,,,,,,0.03
11,18,1,,,,,,,,,0.0
11,18,1,,,,,,,,,0.0
11,19,1,,,,,,,,,0.0
11,19,1,,,,,,,,,0.0
11,19,1,,,,,,,,,0.0
11,19,1,,,,,,,,,0.0
11,20,1,,,,,,,,,0.0
11,20,1,,,,,,,,,0.0
11,20,1,,,,,,,,,0.0
11,20,1,,,,,,,,,0.0
11,21,1,,,,,,,,,0.0
11,21,1,,,,,,,,,0.0
11,21,1,,,,,,,,,0.0
11,21,1,,,,,,,,,0.0
11,22,1,,,,,,,,,0.0
11,22,1,,,,,,,,,0.0
11,22,1,,,,,,,,,0.0
11,22,1,,,,,,,,,0.0
11,23,1,,,,,,,,,0.0
11,23,1,,,,,,,,,0.0
11,23,1,,,,,,,,,0.0
11,23,1,,,,,,,,,0.0
11,24,1,,,,,,,,,0.0
11,24,1,,,,,,,,,0.0
11,24,1,,,,,,,,,0.0
11,24,1,,,,,,,,,0.0
11,1,2,,,,,,,,,0.0
11,1,2,,,,,,,,,0.0
11,1,2,,,,,,,,,0.0
11,1,2,,,,,,,,,0.0
11,2,2,,,,,,,,,0.0
11,2,2,,,,,,,,,0.0
11,2,2,,,,,,,,,0.0
11,2,2,,,,,,,,,0.0
11,3,2,,,,,,,,,0.0
11,3,2,,,,,,,,,0.0
11,3,2,,,,,,,,,0.0
11,3,2,,,,,,,,,0.0
11,4,2,,,,,,,,,0.0
11,4,2,,,,,,,,,0.0
11,4,2,,,,,,,,,0.0
11,4,2,,,,,,,,,0.0
11,5,2,,,,,,,,,0.0
11,5,2,,,,,,,,,0.0
11,5,2,,,,,,,,,0.0
11,5,2,,,,,,,,,0.0
11,6,2,,,,,,,,,0.0
11,6,2,,,,,,,,,0.0
11,6,2,,,,,,,,,0.0
11,6,2,,,,,,,,,0.0
11,7,2,,,,,,,,,0.0
11,7,2,,,,,,,,,0.0
11,7,2,,,,,,,,,0.0
11,7,2,,,,,,,,,0.0
11,8,2,,,,,,,,,0.0
11,8,2,,,,,,,,,0.0
11,8,2,,,,,,,,,0.0
11,8,2,,,,,,,,,0.02
11,9,2,,,,,,,,,0.15
11,9,2,,,,,,,,,0.275
11,9,2,,,,,,,,,0.5625
11,9,2,,,,,,,,,1.09
11,10,2,,,,,,,,,0.8375
11,10,2,,,,,,,,,2.1325
11,10,2,,,,,,,,,3.3175
11,10,2,,,,,,,,,4.095
11,11,2,,,,,,,,,4.6
11,11,2,,,,,,,,,4.6675
11,11,2,,,,,,,,,4.925
11,11,2,,,,,,,,,5.6325
11,12,2,,,,,,,,,5.93
11,12,2,,,,,,,,,6.1975
11,12,2,,,,,,,,,6.3575
11,12,2,,,,,,,,,6.62
11,13,2,,,,,,,,,6.615
11,13,2,,,,,,,,,6.7
11,13,2,,,,,,,,,6.6825
11,13,2,,,,,,,,,6.565
11,14,2,,,,,,,,,6.5325
11,14,2,,,,,,,,,6.5925
11,14,2,,,,,,,,,6.665
11,14,2,,,,,,,,,6.385
11,15,2,,,,,,,,,5.94
11,15,2,,,,,,,,,5.8425
11,15,2,,,,,,,,,5.4075
11,15,2,,,,,,,,,5.02
11,16,2,,,,,,,,,4.7425
11,16,2,,,,,,,,,4.5825
11,16,2,,,,,,,,,3.8575
11,16,2,,,,,,,,,2.94
11,17,2,,,,,,,,,2.1125
11,17,2,,,,,,,,,1.165
11,17,2,,,,,,,,,0.5975
11,17,2,,,,,,,,,0.245
11,18,2,,,,,,,,,0.09
11,18,2,,,,,,,,,0.01
11,18,2,,,,,,,,,0.0
11,18,2,,,,,,,,,0.0
11,19,2,,,,,,,,,0.0
11,19,2,,,,,,,,,0.0
11,19,2,,,,,,,,,0.0
11,19,2,,,,,,,,,0.0
11,20,2,,,,,,,,,0.0
11,20,2,,,,,,,,,0.0
11,20,2,,,,,,,,,0.0
11,20,2,,,,,,,,,0.0
11,21,2,,,,,,,,,0.0
11,21,2,,,,,,,,,0.0
11,21,2,,,,,,,,,0.0
11,21,2,,,,,,,,,0.0
11,22,2,,,,,,,,,0.0
11,22,2,,,,,,,,,0.0
11,22,2,,,,,,,,,0.0
11,22,2,,,,,,,,,0.0
11,23,2,,,,,,,,,0.0
11,23,2,,,,,,,,,0.0
11,23,2,,,,,,,,,0.0
11,23,2,,,,,,,,,0.0
11,24,2,,,,,,,,,0.0
11,24,2,,,,,,,,,0.0
11,24,2,,,,,,,,,0.0
11,24,2,,,,,,,,,0.0
11,1,3,,,,,,,,,0.0
11,1,3,,,,,,,,,0.0
11,1,3,,,,,,,,,0.0
11,1,3,,,,,,,,,0.0
11,2,3,,,,,,,,,0.0
11,2,3,,,,,,,,,0.0
11,2,3,,,,,,,,,0.0
11,2,3,,,,,,,,,0.0
11,3,3,,,,,,,,,0.0
11,3,3,,,,,,,,,0.0
11,3,3,,,,,,,,,0.0
11,3,3,,,,,,,,,0.0
11,4,3,,,,,,,,,0.0
11,4,3,,,,,,,,,0.0
11,4,3,,,,,,,,,0.0
11,4,3,,,,,,,,,0.0
11,5,3,,,,,,,,,0.0
11,5,3,,,,,,,,,0.0
11,5,3,,,,,,,,,0.0
11,5,3,,,,,,,,,0.0
11,6,3,,,,,,,,,0.0
11,6,3,,,,,,,,,0.0
11,6,3,,,,,,,,,0.0
11,6,3,,,,,,,,,0.0
11,7,3,,,,,,,,,0.0
11,7,3,,,,,,,,,0.0
11,7,3,,,,,,,,,0.0
11,7,3,,,,,,,,,0.0
11,8,3,,,,,,,,,0.0
11,8,3,,,,,,,,,0.0
11,8,3,,,,,,,,,0.0
11,8,3,,,,,,,,,0.02
11,9,3,,,,,,,,,0.1125
11,9,3,,,,,,,,,0.21
11,9,3,,,,,,,,,0.47
11,9,3,,,,,,,,,0.92
11,10,3,,,,,,,,,1.745
11,10,3,,,,,,,,,2.54
11,10,3,,,,,,,,,2.535
11,10,3,,,,,,,,,4.29
11,11,3,,,,,,,,,2.665
11,11,3,,,,,,,,,4.7875
11,11,3,,,,,,,,,5.26
11,11,3,,,,,,,,,4.565
11,12,3,,,,,,,,,6.0125
11,12,3,,,,,,,,,6.105
11,12,3,,,,,,,,,6.47
11,12,3,,,,,,,,,6.6125
11,13,3,,,,,,,,,6.64
11,13,3,,,,,,,,,6.66
11,13,3,,,,,,,,,6.7
11,13,3,,,,,,,,,6.595
11,14,3,,,,,,,,,6.5525
11,14,3,,,,,,,,,6.45
11,14,3,,,,,,,,,6.285
11,14,3,,,,,,,,,6.0675
11,15,3,,,,,,,,,5.835
11,15,3,,,,,,,,,5.5725
11,15,3,,,,,,,,,5.26
11,15,3,,,,,,,,,4.95
11,16,3,,,,,,,,,4.1175
11,16,3,,,,,,,,,3.6825
11,16,3,,,,,,,,,3.415
11,16,3,,,,,,,,,2.905
11,17,3,,,,,,,,,2.0375
11,17,3,,,,,,,,,1.13
11,17,3,,,,,,,,,0.6075
11,17,3,,,,,,,,,0.255
11,18,3,,,,,,,,,0.095
11,18,3,,,,,,,,,0.0175
11,18,3,,,,,,,,,0.0
11,18,3,,,,,,,,,0.0
11,19,3,,,,,,,,,0.0
11,19,3,,,,,,,,,0.0
11,19,3,,,,,,,,,0.0
11,19,3,,,,,,,,,0.0
11,20,3,,,,,,,,,0.0
11,20,3,,,,,,,,,0.0
11,20,3,,,,,,,,,0.0
11,20,3,,,,,,,,,0.0
11,21,3,,,,,,,,,0.0
11,21,3,,,,,,,,,0.0
11,21,3,,,,,,,,,0.0
11,21,3,,,,,,,,,0.0
11,22,3,,,,,,,,,0.0
11,22,3,,,,,,,,,0.0
11,22,3,,,,,,,,,0.0
11,22,3,,,,,,,,,0.0
11,23,3,,,,,,,,,0.0
11,23,3,,,,,,,,,0.0
11,23,3,,,,,,,,,0.0
11,23,3,,,,,,,,,0.0
11,24,3,,,,,,,,,0.0
11,24,3,,,,,,,,,0.0
11,24,3,,,,,,,,,0.0
11,24,3,,,,,,,,,0.0
11,1,4,,,,,,,,,0.0
11,1,4,,,,,,,,,0.0
11,1,4,,,,,,,,,0.0
11,1,4,,,,,,,,,0.0
11,2,4,,,,,,,,,0.0
11,2,4,,,,,,,,,0.0
11,2,4,,,,,,,,,0.0
11,2,4,,,,,,,,,0.0
11,3,4,,,,,,,,,0.0
11,3,4,,,,,,,,,0.0
11,3,4,,,,,,,,,0.0
11,3,4,,,,,,,,,0.0
11,4,4,,,,,,,,,0.0
11,4,4,,,,,,,,,0.0
11,4,4,,,,,,,,,0.0
11,4,4,,,,,,,,,0.0
11,5,4,,,,,,,,,0.0
11,5,4,,,,,,,,,0.0
11,5,4,,,,,,,,,0.0
11,5,4,,,,,,,,,0.0
11,6,4,,,,,,,,,0.0
11,6,4,,,,,,,,,0.0
11,6,4,,,,,,,,,0.0
11,6,4,,,,,,,,,0.0
11,7,4,,,,,,,,,0.0
11,7,4,,,,,,,,,0.0
11,7,4,,,,,,,,,0.0
11,7,4,,,,,,,,,0.0
11,8,4,,,,,,,,,0.0
11,8,4,,,,,,,,,0.0
11,8,4,,,,,,,,,0.0
11,8,4,,,,,,,,,0.005
11,9,4,,,,,,,,,0.0825
11,9,4,,,,,,,,,0.1675
11,9,4,,,,,,,,,0.3475
11,9,4,,,,,,,,,0.7925
11,10,4,,,,,,,,,1.575
11,10,4,,,,,,,,,2.315
11,10,4,,,,,,,,,3.0175
11,10,4,,,,,,,,,3.9925
11,11,4,,,,,,,,,4.5325
11,11,4,,,,,,,,,4.88
11,11,4,,,,,,,,,5.1375
11,11,4,,,,,,,,,5.4275
11,12,4,,,,,,,,,5.74
11,12,4,,,,,,,,,6.025
11,12,4,,,,,,,,,6.305
11,12,4,,,,,,,,,6.4875
11,13,4,,,,,,,,,6.59
11,13,4,,,,,,,,,6.645
11,13,4,,,,,,,,,6.675
11,13,4,,,,,,,,,6.675
11,14,4,,,,,,,,,6.7025
11,14,4,,,,,,,,,6.3825
11,14,4,,,,,,,,,6.7325
11,14,4,,,,,,,,,5.7725
11,15,4,,,,,,,,,5.38
11,15,4,,,,,,,,,4.9175
11,15,4,,,,,,,,,5.6275
11,15,4,,,,,,,,,5.1375
11,16,4,,,,,,,,,4.5075
11,16,4,,,,,,,,,4.1025
11,16,4,,,,,,,,,3.7675
11,16,4,,,,,,,,,2.9375
11,17,4,,,,,,,,,1.9925
11,17,4,,,,,,,,,1.2425
11,17,4,,,,,,,,,0.655
11,17,4,,,,,,,,,0.2675
11,18,4,,,,,,,,,0.125
11,18,4,,,,,,,,,0.0275
11,18,4,,,,,,,,,0.0
11,18,4,,,,,,,,,0.0
11,19,4,,,,,,,,,0.0
11,19,4,,,,,,,,,0.0
11,19,4,,,,,,,,,0.0
11,19,4,,,,,,,,,0.0
11,20,4,,,,,,,,,0.0
11,20,4,,,,,,,,,0.0
11,20,4,,,,,,,,,0.0
11,20,4,,,,,,,,,0.0
11,21,4,,,,,,,,,0.0
11,21,4,,,,,,,,,0.0
11,21,4,,,,,,,,,0.0
11,21,4,,,,,,,,,0.0
11,22,4,,,,,,,,,0.0
11,22,4,,,,,,,,,0.0
11,22,4,,,,,,,,,0.0
11,22,4,,,,,,,,,0.0
11,23,4,,,,,,,,,0.0
11,23,4,,,,,,,,,0.0
11,23,4,,,,,,,,,0.0
11,23,4,,,,,,,,,0.0
11,24,4,,,,,,,,,0.0
11,24,4,,,,,,,,,0.0
11,24,4,,,,,,,,,0.0
11,24,4,,,,,,,,,0.0
11,1,5,,,,,,,,,0.0
11,1,5,,,,,,,,,0.0
11,1,5,,,,,,,,,0.0
11,1,5,,,,,,,,,0.0
11,2,5,,,,,,,,,0.0
11,2,5,,,,,,,,,0.0
11,2,5,,,,,,,,,0.0
11,2,5,,,,,,,,,0.0
11,3,5,,,,,,,,,0.0
11,3,5,,,,,,,,,0.0
11,3,5,,,,,,,,,0.0
11,3,5,,,,,,,,,0.0
11,4,5,,,,,,,,,0.0
11,4,5,,,,,,,,,0.0
11,4,5,,,,,,,,,0.0
11,4,5,,,,,,,,,0.0
11,5,5,,,,,,,,,0.0
11,5,5,,,,,,,,,0.0
11,5,5,,,,,,,,,0.0
11,5,5,,,,,,,,,0.0
11,6,5,,,,,,,,,0.0
11,6,5,,,,,,,,,0.0
11,6,5,,,,,,,,,0.0
11,6,5,,,,,,,,,0.0
11,7,5,,,,,,,,,0.0
11,7,5,,,,,,,,,0.0
11,7,5,,,,,,,,,0.0
11,7,5,,,,,,,,,0.0
11,8,5,,,,,,,,,0.0
11,8,5,,,,,,,,,0.0
11,8,5,,,,,,,,,0.0
11,8,5,,,,,,,,,0.01
11,9,5,,,,,,,,,0.12
11,9,5,,,,,,,,,0.2425
11,9,5,,,,,,,,,0.375
11,9,5,,,,,,,,,0.53
11,10,5,,,,,,,,,0.9325
11,10,5,,,,,,,,,2.46
11,10,5,,,,,,,,,3.18
11,10,5,,,,,,,,,4.07
11,11,5,,,,,,,,,4.75
11,11,5,,,,,,,,,5.1925
11,11,5,,,,,,,,,5.465
11,11,5,,,,,,,,,4.87
11,12,5,,,,,,,,,5.8875
11,12,5,,,,,,,,,3.31
11,12,5,,,,,,,,,3.6
11,12,5,,,,,,,,,3.9275
11,13,5,,,,,,,,,3.3625
11,13,5,,,,,,,,,1.7475
11,13,5,,,,,,,,,2.895
11,13,5,,,,,,,,,2.7275
11,14,5,,,,,,,,,1.8
11,14,5,,,,,,,,,2.27
11,14,5,,,,,,,,,0.9425
11,14,5,,,,,,,,,1.77
11,15,5,,,,,,,,,2.425
11,15,5,,,,,,,,,3.9125
11,15,5,,,,,,,,,4.9975
11,15,5,,,,,,,,,3.655
11,16,5,,,,,,,,,1.845
11,16,5,,,,,,,,,1.38
11,16,5,,,,,,,,,1.0975
11,16,5,,,,,,,,,0.685
11,17,5,,,,,,,,,0.57
11,17,5,,,,,,,,,0.4425
11,17,5,,,,,,,,,0.32
11,17,5,,,,,,,,,0.1775
11,18,5,,,,,,,,,0.0725
11,18,5,,,,,,,,,0.0025
11,18,5,,,,,,,,,0.0
11,18,5,,,,,,,,,0.0
11,19,5,,,,,,,,,0.0
11,19,5,,,,,,,,,0.0
11,19,5,,,,,,,,,0.0
11,19,5,,,,,,,,,0.0
11,20,5,,,,,,,,,0.0
11,20,5,,,,,,,,,0.0
11,20,5,,,,,,,,,0.0
11,20,5,,,,,,,,,0.0
11,21,5,,,,,,,,,0.0
11,21,5,,,,,,,,,0.0
11,21,5,,,,,,,,,0.0
11,21,5,,,,,,,,,0.0
11,22,5,,,,,,,,,0.0
11,22,5,,,,,,,,,0.0
11,22,5,,,,,,,,,0.0
11,22,5,,,,,,,,,0.0
11,23,5,,,,,,,,,0.0
11,23,5,,,,,,,,,0.0
11,23,5,,,,,,,,,0.0
11,23,5,,,,,,,,,0.0
11,24,5,,,,,,,,,0.0
11,24,5,,,,,,,,,0.0
11,24,5,,,,,,,,,0.0
11,24,5,,,,,,,,,0.0
11,1,6,,,,,,,,,0.0
11,1,6,,,,,,,,,0.0
11,1,6,,,,,,,,,0.0
11,1,6,,,,,,,,,0.0
11,2,6,,,,,,,,,0.0
11,2,6,,,,,,,,,0.0
11,2,6,,,,,,,,,0.0
11,2,6,,,,,,,,,0.0
11,3,6,,,,,,,,,0.0
11,3,6,,,,,,,,,0.0
11,3,6,,,,,,,,,0.0
11,3,6,,,,,,,,,0.0
11,4,6,,,,,,,,,0.0
11,4,6,,,,,,,,,0.0
11,4,6,,,,,,,,,0.0
11,4,6,,,,,,,,,0.0
11,5,6,,,,,,,,,0.0
11,5,6,,,,,,,,,0.0
11,5,6,,,,,,,,,0.0
11,5,6,,,,,,,,,0.0
11,6,6,,,,,,,,,0.0
11,6,6,,,,,,,,,0.0
11,6,6,,,,,,,,,0.0
11,6,6,,,,,,,,,0.0
11,7,6,,,,,,,,,0.0
11,7,6,,,,,,,,,0.0
11,7,6,,,,,,,,,0.0
11,7,6,,,,,,,,,0.0
11,8,6,,,,,,,,,0.0
11,8,6,,,,,,,,,0.0
11,8,6,,,,,,,,,0.0
11,8,6,,,,,,,,,0.0
11,9,6,,,,,,,,,0.0525
11,9,6,,,,,,,,,0.1625
11,9,6,,,,,,,,,0.2775
11,9,6,,,,,,,,,0.3
11,10,6,,,,,,,,,0.555
11,10,6,,,,,,,,,2.0725
11,10,6,,,,,,,,,2.9425
11,10,6,,,,,,,,,1.5025
11,11,6,,,,,,,,,1.6025
11,11,6,,,,,,,,,1.6275
11,11,6,,,,,,,,,0.4825
11,11,6,,,,,,,,,0.5025
11,12,6,,,,,,,,,0.725
11,12,6,,,,,,,,,1.515
11,12,6,,,,,,,,,1.69
11,12,6,,,,,,,,,1.38
11,13,6,,,,,,,,,1.11
11,13,6,,,,,,,,,0.73
11,13,6,,,,,,,,,0.3975
11,13,6,,,,,,,,,0.4
11,14,6,,,,,,,,,0.635
11,14,6,,,,,,,,,0.755
11,14,6,,,,,,,,,0.915
11,14,6,,,,,,,,,0.3975
11,15,6,,,,,,,,,0.3
11,15,6,,,,,,,,,0.4425
11,15,6,,,,,,,,,0.4625
11,15,6,,,,,,,,,0.285
11,16,6,,,,,,,,,0.24
11,16,6,,,,,,,,,0.155
11,16,6,,,,,,,,,0.2975
11,16,6,,,,,,,,,0.5425
11,17,6,,,,,,,,,0.2175
11,17,6,,,,,,,,,0.1525
11,17,6,,,,,,,,,0.0825
11,17,6,,,,,,,,,0.0375
11,18,6,,,,,,,,,0.0225
11,18,6,,,,,,,,,0.0
11,18,6,,,,,,,,,0.0
11,18,6,,,,,,,,,0.0
11,19,6,,,,,,,,,0.0
11,19,6,,,,,,,,,0.0
11,19,6,,,,,,,,,0.0
11,19,6,,,,,,,,,0.0
11,20,6,,,,,,,,,0.0
11,20,6,,,,,,,,,0.0
11,20,6,,,,,,,,,0.0
11,20,6,,,,,,,,,0.0
11,21,6,,,,,,,,,0.0
11,21,6,,,,,,,,,0.0
11,21,6,,,,,,,,,0.0
11,21,6,,,,,,,,,0.0
11,22,6,,,,,,,,,0.0
11,22,6,,,,,,,,,0.0
11,22,6,,,,,,,,,0.0
11,22,6,,,,,,,,,0.0
11,23,6,,,,,,,,,0.0
11,23,6,,,,,,,,,0.0
11,23,6,,,,,,,,,0.0
11,23,6,,,,,,,,,0.0
11,24,6,,,,,,,,,0.0
11,24,6,,,,,,,,,0.0
11,24,6,,,,,,,,,0.0
11,24,6,,,,,,,,,0.0
11,1,7,,,,,,,,,0.0
11,1,7,,,,,,,,,0.0
11,1,7,,,,,,,,,0.0
11,1,7,,,,,,,,,0.0
11,2,7,,,,,,,,,0.0
11,2,7,,,,,,,,,0.0
11,2,7,,,,,,,,,0.0
11,2,7,,,,,,,,,0.0
11,3,7,,,,,,,,,0.0
11,3,7,,,,,,,,,0.0
11,3,7,,,,,,,,,0.0
11,3,7,,,,,,,,,0.0
11,4,7,,,,,,,,,0.0
11,4,7,,,,,,,,,0.0
11,4,7,,,,,,,,,0.0
11,4,7,,,,,,,,,0.0
11,5,7,,,,,,,,,0.0
11,5,7,,,,,,,,,0.0
11,5,7,,,,,,,,,0.0
11,5,7,,,,,,,,,0.0
11,6,7,,,,,,,,,0.0
11,6,7,,,,,,,,,0.0
11,6,7,,,,,,,,,0.0
11,6,7,,,,,,,,,0.0
11,7,7,,,,,,,,,0.0
11,7,7,,,,,,,,,0.0
11,7,7,,,,,,,,,0.0
11,7,7,,,,,,,,,0.0
11,8,7,,,,,,,,,0.0
11,8,7,,,,,,,,,0.0
11,8,7,,,,,,,,,0.0
11,8,7,,,,,,,,,0.0
11,9,7,,,,,,,,,0.065
11,9,7,,,,,,,,,0.1825
11,9,7,,,,,,,,,0.3425
11,9,7,,,,,,,,,0.74
11,10,7,,,,,,,,,1.3825
11,10,7,,,,,,,,,2.29
11,10,7,,,,,,,,,3.025
11,10,7,,,,,,,,,3.9875
11,11,7,,,,,,,,,4.7475
11,11,7,,,,,,,,,5.24
11,11,7,,,,,,,,,5.605
11,11,7,,,,,,,,,6.06
11,12,7,,,,,,,,,5.9825
11,12,7,,,,,,,,,5.8075
11,12,7,,,,,,,,,6.5075
11,12,7,,,,,,,,,6.7425
11,13,7,,,,,,,,,6.8375
11,13,7,,,,,,,,,6.885
11,13,7,,,,,,,,,6.8775
11,13,7,,,,,,,,,6.86
11,14,7,,,,,,,,,6.73
11,14,7,,,,,,,,,6.605
11,14,7,,,,,,,,,6.4575
11,14,7,,,,,,,,,6.2725
11,15,7,,,,,,,,,5.89
11,15,7,,,,,,,,,5.69
11,15,7,,,,,,,,,5.37
11,15,7,,,,,,,,,5.085
11,16,7,,,,,,,,,4.695
11,16,7,,,,,,,,,4.1725
11,16,7,,,,,,,,,3.635
11,16,7,,,,,,,,,2.9
11,17,7,,,,,,,,,1.975
11,17,7,,,,,,,,,1.07
11,17,7,,,,,,,,,0.485
11,17,7,,,,,,,,,0.1975
11,18,7,,,,,,,,,0.085
11,18,7,,,,,,,,,0.015
11,18,7,,,,,,,,,0.0
11,18,7,,,,,,,,,0.0
11,19,7,,,,,,,,,0.0
11,19,7,,,,,,,,,0.0
11,19,7,,,,,,,,,0.0
11,19,7,,,,,,,,,0.0
11,20,7,,,,,,,,,0.0
11,20,7,,,,,,,,,0.0
11,20,7,,,,,,,,,0.0
11,20,7,,,,,,,,,0.0
11,21,7,,,,,,,,,0.0
11,21,7,,,,,,,,,0.0
11,21,7,,,,,,,,,0.0
11,21,7,,,,,,,,,0.0
11,22,7,,,,,,,,,0.0
11,22,7,,,,,,,,,0.0
11,22,7,,,,,,,,,0.0
11,22,7,,,,,,,,,0.0
11,23,7,,,,,,,,,0.0
11,23,7,,,,,,,,,0.0
11,23,7,,,,,,,,,0.0
11,23,7,,,,,,,,,0.0
11,24,7,,,,,,,,,0.0
11,24,7,,,,,,,,,0.0
11,24,7,,,,,,,,,0.0
11,24,7,,,,,,,,,0.0
12,1,1,,,,,,,,,0.0
12,1,1,,,,,,,,,0.0
12,1,1,,,,,,,,,0.0
12,1,1,,,,,,,,,0.0
12,2,1,,,,,,,,,0.0
12,2,1,,,,,,,,,0.0
12,2,1,,,,,,,,,0.0
12,2,1,,,,,,,,,0.0
12,3,1,,,,,,,,,0.0
12,3,1,,,,,,,,,0.0
12,3,1,,,,,,,,,0.0
12,3,1,,,,,,,,,0.0
12,4,1,,,,,,,,,0.0
12,4,1,,,,,,,,,0.0
12,4,1,,,,,,,,,0.0
12,4,1,,,,,,,,,0.0
12,5,1,,,,,,,,,0.0
12,5,1,,,,,,,,,0.0
12,5,1,,,,,,,,,0.0
12,5,1,,,,,,,,,0.0
12,6,1,,,,,,,,,0.0
12,6,1,,,,,,,,,0.0
12,6,1,,,,,,,,,0.0
12,6,1,,,,,,,,,0.0
12,7,1,,,,,,,,,0.0
12,7,1,,,,,,,,,0.0
12,7,1,,,,,,,,,0.0
12,7,1,,,,,,,,,0.0
12,8,1,,,,,,,,,0.0
12,8,1,,,,,,,,,0.0
12,8,1,,,,,,,,,0.0
12,8,1,,,,,,,,,0.0
12,9,1,,,,,,,,,0.11
12,9,1,,,,,,,,,0.33
12,9,1,,,,,,,,,0.49
12,9,1,,,,,,,,,0.6875
12,10,1,,,,,,,,,0.9625
12,10,1,,,,,,,,,1.7825
12,10,1,,,,,,,,,1.73
12,10,1,,,,,,,,,1.96
12,11,1,,,,,,,,,3.41
12,11,1,,,,,,,,,3.235
12,11,1,,,,,,,,,3.3425
12,11,1,,,,,,,,,4.24
12,12,1,,,,,,,,,4.67
12,12,1,,,,,,,,,5.53
12,12,1,,,,,,,,,5.955
12,12,1,,,,,,,,,6.3625
12,13,1,,,,,,,,,6.4675
12,13,1,,,,,,,,,5.5075
12,13,1,,,,,,,,,6.4225
12,13,1,,,,,,,,,5.6725
12,14,1,,,,,,,,,4.5225
12,14,1,,,,,,,,,4.275
12,14,1,,,,,,,,,4.19
12,14,1,,,,,,,,,3.7375
12,15,1,,,,,,,,,2.9475
12,15,1,,,,,,,,,3.0075
12,15,1,,,,,,,,,4.345
12,15,1,,,,,,,,,1.7325
12,16,1,,,,,,,,,1.14
12,16,1,,,,,,,,,1.5
12,16,1,,,,,,,,,1.015
12,16,1,,,,,,,,,0.935
12,17,1,,,,,,,,,0.5825
12,17,1,,,,,,,,,0.345
12,17,1,,,,,,,,,0.1775
12,17,1,,,,,,,,,0.06
12,18,1,,,,,,,,,0.015
12,18,1,,,,,,,,,0.0
12,18,1,,,,,,,,,0.0
12,18,1,,,,,,,,,0.0
12,19,1,,,,,,,,,0.0
12,19,1,,,,,,,,,0.0
12,19,1,,,,,,,,,0.0
12,19,1,,,,,,,,,0.0
12,20,1,,,,,,,,,0.0
12,20,1,,,,,,,,,0.0
12,20,1,,,,,,,,,0.0
12,20,1,,,,,,,,,0.0
12,21,1,,,,,,,,,0.0
12,21,1,,,,,,,,,0.0
12,21,1,,,,,,,,,0.0
12,21,1,,,,,,,,,0.0
12,22,1,,,,,,,,,0.0
12,22,1,,,,,,,,,0.0
12,22,1,,,,,,,,,0.0
12,22,1,,,,,,,,,0.0
12,23,1,,,,,,,,,0.0
12,23,1,,,,,,,,,0.0
12,23,1,,,,,,,,,0.0
12,23,1,,,,,,,,,0.0
12,24,1,,,,,,,,,0.0
12,24,1,,,,,,,,,0.0
12,24,1,,,,,,,,,0.0
12,24,1,,,,,,,,,0.0
12,1,2,,,,,,,,,0.0
12,1,2,,,,,,,,,0.0
12,1,2,,,,,,,,,0.0
12,1,2,,,,,,,,,0.0
12,2,2,,,,,,,,,0.0
12,2,2,,,,,,,,,0.0
12,2,2,,,,,,,,,0.0
12,2,2,,,,,,,,,0.0
12,3,2,,,,,,,,,0.0
12,3,2,,,,,,,,,0.0
12,3,2,,,,,,,,,0.0
12,3,2,,,,,,,,,0.0
12,4,2,,,,,,,,,0.0
12,4,2,,,,,,,,,0.0
12,4,2,,,,,,,,,0.0
12,4,2,,,,,,,,,0.0
12,5,2,,,,,,,,,0.0
12,5,2,,,,,,,,,0.0
12,5,2,,,,,,,,,0.0
12,5,2,,,,,,,,,0.0
12,6,2,,,,,,,,,0.0
12,6,2,,,,,,,,,0.0
12,6,2,,,,,,,,,0.0
12,6,2,,,,,,,,,0.0
12,7,2,,,,,,,,,0.0
12,7,2,,,,,,,,,0.0
12,7,2,,,,,,,,,0.0
12,7,2,,,,,,,,,0.0
12,8,2,,,,,,,,,0.0
12,8,2,,,,,,,,,0.0
12,8,2,,,,,,,,,0.0
12,8,2,,,,,,,,,0.0
12,9,2,,,,,,,,,0.08
12,9,2,,,,,,,,,0.2875
12,9,2,,,,,,,,,0.405
12,9,2,,,,,,,,,0.2875
12,10,2,,,,,,,,,0.28
12,10,2,,,,,,,,,1.04
12,10,2,,,,,,,,,2.565
12,10,2,,,,,,,,,3.3625
12,11,2,,,,,,,,,4.255
12,11,2,,,,,,,,,4.68
12,11,2,,,,,,,,,4.0875
12,11,2,,,,,,,,,4.13
12,12,2,,,,,,,,,6.405
12,12,2,,,,,,,,,5.795
12,12,2,,,,,,,,,1.6825
12,12,2,,,,,,,,,0.37
12,13,2,,,,,,,,,0.7025
12,13,2,,,,,,,,,4.24
12,13,2,,,,,,,,,5.0875
12,13,2,,,,,,,,,4.48
12,14,2,,,,,,,,,2.9575
12,14,2,,,,,,,,,6.7525
12,14,2,,,,,,,,,4.1125
12,14,2,,,,,,,,,3.795
12,15,2,,,,,,,,,4.12
12,15,2,,,,,,,,,3.185
12,15,2,,,,,,,,,1.845
12,15,2,,,,,,,,,1.3825
12,16,2,,,,,,,,,0.64
12,16,2,,,,,,,,,0.35
12,16,2,,,,,,,,,0.0425
12,16,2,,,,,,,,,0.01
12,17,2,,,,,,,,,0.0
12,17,2,,,,,,,,,0.0
12,17,2,,,,,,,,,0.0
12,17,2,,,,,,,,,0.0
12,18,2,,,,,,,,,0.0
12,18,2,,,,,,,,,0.0
12,18,2,,,,,,,,,0.0
12,18,2,,,,,,,,,0.0
12,19,2,,,,,,,,,0.0
12,19,2,,,,,,,,,0.0
12,19,2,,,,,,,,,0.0
12,19,2,,,,,,,,,0.0
12,20,2,,,,,,,,,0.0
12,20,2,,,,,,,,,0.0
12,20,2,,,,,,,,,0.0
12,20,2,,,,,,,,,0.0
12,21,2,,,,,,,,,0.0
12,21,2,,,,,,,,,0.0
12,21,2,,,,,,,,,0.0
12,21,2,,,,,,,,,0.0
12,22,2,,,,,,,,,0.0
12,22,2,,,,,,,,,0.0
12,22,2,,,,,,,,,0.0
12,22,2,,,,,,,,,0.0
12,23,2,,,,,,,,,0.0
12,23,2,,,,,,,,,0.0
12,23,2,,,,,,,,,0.0
12,23,2,,,,,,,,,0.0
12,24,2,,,,,,,,,0.0
12,24,2,,,,,,,,,0.0
12,24,2,,,,,,,,,0.0
12,24,2,,,,,,,,,0.0
12,1,3,,,,,,,,,0.0
12,1,3,,,,,,,,,0.0
12,1,3,,,,,,,,,0.0
12,1,3,,,,,,,,,0.0
12,2,3,,,,,,,,,0.0
12,2,3,,,,,,,,,0.0
12,2,3,,,,,,,,,0.0
12,2,3,,,,,,,,,0.0
12,3,3,,,,,,,,,0.0
12,3,3,,,,,,,,,0.0
12,3,3,,,,,,,,,0.0
12,3,3,,,,,,,,,0.0
12,4,3,,,,,,,,,0.0
12,4,3,,,,,,,,,0.0
12,4,3,,,,,,,,,0.0
12,4,3,,,,,,,,,0.0
12,5,3,,,,,,,,,0.0
12,5,3,,,,,,,,,0.0
12,5,3,,,,,,,,,0.0
12,5,3,,,,,,,,,0.0
12,6,3,,,,,,,,,0.0
12,6,3,,,,,,,,,0.0
12,6,3,,,,,,,,,0.0
12,6,3,,,,,,,,,0.0
12,7,3,,,,,,,,,0.0
12,7,3,,,,,,,,,0.0
12,7,3,,,,,,,,,0.0
12,7,3,,,,,,,,,0.0
12,8,3,,,,,,,,,0.0
12,8,3,,,,,,,,,0.0
12,8,3,,,,,,,,,0.0
12,8,3,,,,,,,,,0.0
12,9,3,,,,,,,,,0.04
12,9,3,,,,,,,,,0.21
12,9,3,,,,,,,,,0.3575
12,9,3,,,,,,,,,0.6
12,10,3,,,,,,,,,1.1225
12,10,3,,,,,,,,,1.6575
12,10,3,,,,,,,,,2.4725
12,10,3,,,,,,,,,3.3
12,11,3,,,,,,,,,4.5425
12,11,3,,,,,,,,,3.8725
12,11,3,,,,,,,,,4.9
12,11,3,,,,,,,,,3.5325
12,12,3,,,,,,,,,2.145
12,12,3,,,,,,,,,3.24
12,12,3,,,,,,,,,1.7075
12,12,3,,,,,,,,,1.89
12,13,3,,,,,,,,,2.425
12,13,3,,,,,,,,,2.085
12,13,3,,,,,,,,,4.735
12,13,3,,,,,,,,,1.935
12,14,3,,,,,,,,,2.33
12,14,3,,,,,,,,,2.215
12,14,3,,,,,,,,,1.215
12,14,3,,,,,,,,,0.725
12,15,3,,,,,,,,,0.985
12,15,3,,,,,,,,,1.3275
12,15,3,,,,,,,,,1.3625
12,15,3,,,,,,,,,2.2575
12,16,3,,,,,,,,,2.8775
12,16,3,,,,,,,,,1.26
12,16,3,,,,,,,,,0.795
12,16,3,,,,,,,,,0.32
12,17,3,,,,,,,,,0.21
12,17,3,,,,,,,,,0.29
12,17,3,,,,,,,,,0.1325
12,17,3,,,,,,,,,0.035
12,18,3,,,,,,,,,0.005
12,18,3,,,,,,,,,0.0
12,18,3,,,,,,,,,0.0
12,18,3,,,,,,,,,0.0
12,19,3,,,,,,,,,0.0
12,19,3,,,,,,,,,0.0
12,19,3,,,,,,,,,0.0
12,19,3,,,,,,,,,0.0
12,20,3,,,,,,,,,0.0
12,20,3,,,,,,,,,0.0
12,20,3,,,,,,,,,0.0
12,20,3,,,,,,,,,0.0
12,21,3,,,,,,,,,0.0
12,21,3,,,,,,,,,0.0
12,21,3,,,,,,,,,0.0
12,21,3,,,,,,,,,0.0
12,22,3,,,,,,,,,0.0
12,22,3,,,,,,,,,0.0
12,22,3,,,,,,,,,0.0
12,22,3,,,,,,,,,0.0
12,23,3,,,,,,,,,0.0
12,23,3,,,,,,,,,0.0
12,23,3,,,,,,,,,0.0
12,23,3,,,,,,,,,0.0
12,24,3,,,,,,,,,0.0
12,24,3,,,,,,,,,0.0
12,24,3,,,,,,,,,0.0
12,24,3,,,,,,,,,0.0
12,1,4,,,,,,,,,0.0
12,1,4,,,,,,,,,0.0
12,1,4,,,,,,,,,0.0
12,1,4,,,,,,,,,0.0
12,2,4,,,,,,,,,0.0
12,2,4,,,,,,,,,0.0
12,2,4,,,,,,,,,0.0
12,2,4,,,,,,,,,0.0
12,3,4,,,,,,,,,0.0
12,3,4,,,,,,,,,0.0
12,3,4,,,,,,,,,0.0
12,3,4,,,,,,,,,0.0
12,4,4,,,,,,,,,0.0
12,4,4,,,,,,,,,0.0
12,4,4,,,,,,,,,0.0
12,4,4,,,,,,,,,0.0
12,5,4,,,,,,,,,0.0
12,5,4,,,,,,,,,0.0
12,5,4,,,,,,,,,0.0
12,5,4,,,,,,,,,0.0
12,6,4,,,,,,,,,0.0
12,6,4,,,,,,,,,0.0
12,6,4,,,,,,,,,0.0
12,6,4,,,,,,,,,0.0
12,7,4,,,,,,,,,0.0
12,7,4,,,,,,,,,0.0
12,7,4,,,,,,,,,0.0
12,7,4,,,,,,,,,0.0
12,8,4,,,,,,,,,0.0
12,8,4,,,,,,,,,0.0
12,8,4,,,,,,,,,0.0
12,8,4,,,,,,,,,0.0
12,9,4,,,,,,,,,0.0
12,9,4,,,,,,,,,0.01
12,9,4,,,,,,,,,0.125
12,9,4,,,,,,,,,0.18
12,10,4,,,,,,,,,0.265
12,10,4,,,,,,,,,0.2925
12,10,4,,,,,,,,,0.33
12,10,4,,,,,,,,,0.3425
12,11,4,,,,,,,,,0.3825
12,11,4,,,,,,,,,0.45
12,11,4,,,,,,,,,0.575
12,11,4,,,,,,,,,0.4475
12,12,4,,,,,,,,,0.82
12,12,4,,,,,,,,,0.8875
12,12,4,,,,,,,,,0.905
12,12,4,,,,,,,,,0.91
12,13,4,,,,,,,,,0.88
12,13,4,,,,,,,,,0.9825
12,13,4,,,,,,,,,1.0925
12,13,4,,,,,,,,,1.24
12,14,4,,,,,,,,,1.235
12,14,4,,,,,,,,,1.3
12,14,4,,,,,,,,,1.45
12,14,4,,,,,,,,,1.2875
12,15,4,,,,,,,,,1.2425
12,15,4,,,,,,,,,1.4425
12,15,4,,,,,,,,,1.3575
12,15,4,,,,,,,,,1.4
12,16,4,,,,,,,,,1.215
12,16,4,,,,,,,,,1.26
12,16,4,,,,,,,,,0.975
12,16,4,,,,,,,,,0.76
12,17,4,,,,,,,,,0.59
12,17,4,,,,,,,,,0.4625
12,17,4,,,,,,,,,0.33
12,17,4,,,,,,,,,0.225
12,18,4,,,,,,,,,0.035
12,18,4,,,,,,,,,0.0
12,18,4,,,,,,,,,0.0
12,18,4,,,,,,,,,0.0
12,19,4,,,,,,,,,0.0
12,19,4,,,,,,,,,0.0
12,19,4,,,,,,,,,0.0
12,19,4,,,,,,,,,0.0
12,20,4,,,,,,,,,0.0
12,20,4,,,,,,,,,0.0
12,20,4,,,,,,,,,0.0
12,20,4,,,,,,,,,0.0
12,21,4,,,,,,,,,0.0
12,21,4,,,,,,,,,0.0
12,21,4,,,,,,,,,0.0
12,21,4,,,,,,,,,0.0
12,22,4,,,,,,,,,0.0
12,22,4,,,,,,,,,0.0
12,22,4,,,,,,,,,0.0
12,22,4,,,,,,,,,0.0
12,23,4,,,,,,,,,0.0
12,23,4,,,,,,,,,0.0
12,23,4,,,,,,,,,0.0
12,23,4,,,,,,,,,0.0
12,24,4,,,,,,,,,0.0
12,24,4,,,,,,,,,0.0
12,24,4,,,,,,,,,0.0
12,24,4,,,,,,,,,0.0
12,1,5,,,,,,,,,0.0
12,1,5,,,,,,,,,0.0
12,1,5,,,,,,,,,0.0
12,1,5,,,,,,,,,0.0
12,2,5,,,,,,,,,0.0
12,2,5,,,,,,,,,0.0
12,2,5,,,,,,,,,0.0
12,2,5,,,,,,,,,0.0
12,3,5,,,,,,,,,0.0
12,3,5,,,,,,,,,0.0
12,3,5,,,,,,,,,0.0
12,3,5,,,,,,,,,0.0
12,4,5,,,,,,,,,0.0
12,4,5,,,,,,,,,0.0
12,4,5,,,,,,,,,0.0
12,4,5,,,,,,,,,0.0
12,5,5,,,,,,,,,0.0
12,5,5,,,,,,,,,0.0
12,5,5,,,,,,,,,0.0
12,5,5,,,,,,,,,0.0
12,6,5,,,,,,,,,0.0
12,6,5,,,,,,,,,0.0
12,6,5,,,,,,,,,0.0
12,6,5,,,,,,,,,0.0
12,7,5,,,,,,,,,0.0
12,7,5,,,,,,,,,0.0
12,7,5,,,,,,,,,0.0
12,7,5,,,,,,,,,0.0
12,8,5,,,,,,,,,0.0
12,8,5,,,,,,,,,0.0
12,8,5,,,,,,,,,0.0
12,8,5,,,,,,,,,0.0
12,9,5,,,,,,,,,0.0
12,9,5,,,,,,,,,0.0
12,9,5,,,,,,,,,0.0175
12,9,5,,,,,,,,,0.105
12,10,5,,,,,,,,,0.0475
12,10,5,,,,,,,,,0.0725
12,10,5,,,,,,,,,0.2425
12,10,5,,,,,,,,,0.185
12,11,5,,,,,,,,,0.3325
12,11,5,,,,,,,,,0.335
12,11,5,,,,,,,,,0.3725
12,11,5,,,,,,,,,0.59
12,12,5,,,,,,,,,0.645
12,12,5,,,,,,,,,0.47
12,12,5,,,,,,,,,1.215
12,12,5,,,,,,,,,2.475
12,13,5,,,,,,,,,1.795
12,13,5,,,,,,,,,1.7575
12,13,5,,,,,,,,,1.92
12,13,5,,,,,,,,,2.52
12,14,5,,,,,,,,,0.98
12,14,5,,,,,,,,,0.38
12,14,5,,,,,,,,,0.6775
12,14,5,,,,,,,,,0.575
12,15,5,,,,,,,,,0.655
12,15,5,,,,,,,,,0.51
12,15,5,,,,,,,,,0.9825
12,15,5,,,,,,,,,0.575
12,16,5,,,,,,,,,0.3725
12,16,5,,,,,,,,,0.3725
12,16,5,,,,,,,,,0.295
12,16,5,,,,,,,,,0.2875
12,17,5,,,,,,,,,0.1975
12,17,5,,,,,,,,,0.0675
12,17,5,,,,,,,,,0.01
12,17,5,,,,,,,,,0.0
12,18,5,,,,,,,,,0.0
12,18,5,,,,,,,,,0.0
12,18,5,,,,,,,,,0.0
12,18,5,,,,,,,,,0.0
12,19,5,,,,,,,,,0.0
12,19,5,,,,,,,,,0.0
12,19,5,,,,,,,,,0.0
12,19,5,,,,,,,,,0.0
12,20,5,,,,,,,,,0.0
12,20,5,,,,,,,,,0.0
12,20,5,,,,,,,,,0.0
12,20,5,,,,,,,,,0.0
12,21,5,,,,,,,,,0.0
12,21,5,,,,,,,,,0.0
12,21,5,,,,,,,,,0.0
12,21,5,,,,,,,,,0.0
12,22,5,,,,,,,,,0.0
12,22,5,,,,,,,,,0.0
12,22,5,,,,,,,,,0.0
12,22,5,,,,,,,,,0.0
12,23,5,,,,,,,,,0.0
12,23,5,,,,,,,,,0.0
12,23,5,,,,,,,,,0.0
12,23,5,,,,,,,,,0.0
12,24,5,,,,,,,,,0.0
12,24,5,,,,,,,,,0.0
12,24,5,,,,,,,,,0.0
12,24,5,,,,,,,,,0.0
12,1,6,,,,,,,,,0.0
12,1,6,,,,,,,,,0.0
12,1,6,,,,,,,,,0.0
12,1,6,,,,,,,,,0.0
12,2,6,,,,,,,,,0.0
12,2,6,,,,,,,,,0.0
12,2,6,,,,,,,,,0.0
12,2,6,,,,,,,,,0.0
12,3,6,,,,,,,,,0.0
12,3,6,,,,,,,,,0.0
12,3,6,,,,,,,,,0.0
12,3,6,,,,,,,,,0.0
12,4,6,,,,,,,,,0.0
12,4,6,,,,,,,,,0.0
12,4,6,,,,,,,,,0.0
12,4,6,,,,,,,,,0.0
12,5,6,,,,,,,,,0.0
12,5,6,,,,,,,,,0.0
12,5,6,,,,,,,,,0.0
12,5,6,,,,,,,,,0.0
12,6,6,,,,,,,,,0.0
12,6,6,,,,,,,,,0.0
12,6,6,,,,,,,,,0.0
12,6,6,,,,,,,,,0.0
12,7,6,,,,,,,,,0.0
12,7,6,,,,,,,,,0.0
12,7,6,,,,,,,,,0.0
12,7,6,,,,,,,,,0.0
12,8,6,,,,,,,,,0.0
12,8,6,,,,,,,,,0.0
12,8,6,,,,,,,,,0.0
12,8,6,,,,,,,,,0.0
12,9,6,,,,,,,,,0.0
12,9,6,,,,,,,,,0.0
12,9,6,,,,,,,,,0.0
12,9,6,,,,,,,,,0.0025
12,10,6,,,,,,,,,0.04
12,10,6,,,,,,,,,0.0375
12,10,6,,,,,,,,,0.04
12,10,6,,,,,,,,,0.08
12,11,6,,,,,,,,,0.075
12,11,6,,,,,,,,,0.1
12,11,6,,,,,,,,,0.185
12,11,6,,,,,,,,,0.235
12,12,6,,,,,,,,,0.205
12,12,6,,,,,,,,,0.2825
12,12,6,,,,,,,,,0.2325
12,12,6,,,,,,,,,0.2825
12,13,6,,,,,,,,,0.445
12,13,6,,,,,,,,,0.34
12,13,6,,,,,,,,,0.2875
12,13,6,,,,,,,,,0.36
12,14,6,,,,,,,,,0.275
12,14,6,,,,,,,,,0.1625
12,14,6,,,,,,,,,0.37
12,14,6,,,,,,,,,0.375
12,15,6,,,,,,,,,0.18
12,15,6,,,,,,,,,0.2125
12,15,6,,,,,,,,,0.2425
12,15,6,,,,,,,,,0.215
12,16,6,,,,,,,,,0.3425
12,16,6,,,,,,,,,0.25
12,16,6,,,,,,,,,0.2325
12,16,6,,,,,,,,,0.1
12,17,6,,,,,,,,,0.0825
12,17,6,,,,,,,,,0.0425
12,17,6,,,,,,,,,0.0375
12,17,6,,,,,,,,,0.03
12,18,6,,,,,,,,,0.005
12,18,6,,,,,,,,,0.0
12,18,6,,,,,,,,,0.0
12,18,6,,,,,,,,,0.0
12,19,6,,,,,,,,,0.0
12,19,6,,,,,,,,,0.0
12,19,6,,,,,,,,,0.0
12,19,6,,,,,,,,,0.0
12,20,6,,,,,,,,,0.0
12,20,6,,,,,,,,,0.0
12,20,6,,,,,,,,,0.0
12,20,6,,,,,,,,,0.0
12,21,6,,,,,,,,,0.0
12,21,6,,,,,,,,,0.0
12,21,6,,,,,,,,,0.0
12,21,6,,,,,,,,,0.0
12,22,6,,,,,,,,,0.0
12,22,6,,,,,,,,,0.0
12,22,6,,,,,,,,,0.0
12,22,6,,,,,,,,,0.0
12,23,6,,,,,,,,,0.0
12,23,6,,,,,,,,,0.0
12,23,6,,,,,,,,,0.0
12,23,6,,,,,,,,,0.0
12,24,6,,,,,,,,,0.0
12,24,6,,,,,,,,,0.0
12,24,6,,,,,,,,,0.0
12,24,6,,,,,,,,,0.0
12,1,7,,,,,,,,,0.0
12,1,7,,,,,,,,,0.0
12,1,7,,,,,,,,,0.0
12,1,7,,,,,,,,,0.0
12,2,7,,,,,,,,,0.0
12,2,7,,,,,,,,,0.0
12,2,7,,,,,,,,,0.0
12,2,7,,,,,,,,,0.0
12,3,7,,,,,,,,,0.0
12,3,7,,,,,,,,,0.0
12,3,7,,,,,,,,,0.0
12,3,7,,,,,,,,,0.0
12,4,7,,,,,,,,,0.0
12,4,7,,,,,,,,,0.0
12,4,7,,,,,,,,,0.0
12,4,7,,,,,,,,,0.0
12,5,7,,,,,,,,,0.0
12,5,7,,,,,,,,,0.0
12,5,7,,,,,,,,,0.0
12,5,7,,,,,,,,,0.0
12,6,7,,,,,,,,,0.0
12,6,7,,,,,,,,,0.0
12,6,7,,,,,,,,,0.0
12,6,7,,,,,,,,,0.0
12,7,7,,,,,,,,,0.0
12,7,7,,,,,,,,,0.0
12,7,7,,,,,,,,,0.0
12,7,7,,,,,,,,,0.0
12,8,7,,,,,,,,,0.0
12,8,7,,,,,,,,,0.0
12,8,7,,,,,,,,,0.0
12,8,7,,,,,,,,,0.0
12,9,7,,,,,,,,,0.0
12,9,7,,,,,,,,,0.0275
12,9,7,,,,,,,,,0.065
12,9,7,,,,,,,,,0.1
12,10,7,,,,,,,,,0.19
12,10,7,,,,,,,,,0.2575
12,10,7,,,,,,,,,0.375
12,10,7,,,,,,,,,0.605
12,11,7,,,,,,,,,0.53
12,11,7,,,,,,,,,0.34
12,11,7,,,,,,,,,0.5375
12,11,7,,,,,,,,,0.38
12,12,7,,,,,,,,,0.395
12,12,7,,,,,,,,,0.45
12,12,7,,,,,,,,,0.67
12,12,7,,,,,,,,,0.57
12,13,7,,,,,,,,,0.5575
12,13,7,,,,,,,,,0.7075
12,13,7,,,,,,,,,1.45
12,13,7,,,,,,,,,1.625
12,14,7,,,,,,,,,2.035
12,14,7,,,,,,,,,1.9375
12,14,7,,,,,,,,,1.62
12,14,7,,,,,,,,,1.53
12,15,7,,,,,,,,,1.4
12,15,7,,,,,,,,,2.06
12,15,7,,,,,,,,,2.4975
12,15,7,,,,,,,,,1.02
12,16,7,,,,,,,,,1.905
12,16,7,,,,,,,,,0.94
12,16,7,,,,,,,,,0.85
12,16,7,,,,,,,,,0.68
12,17,7,,,,,,,,,0.675
12,17,7,,,,,,,,,0.56
12,17,7,,,,,,,,,0.2575
12,17,7,,,,,,,,,0.085
12,18,7,,,,,,,,,0.005
12,18,7,,,,,,,,,0.0
12,18,7,,,,,,,,,0.0
12,18,7,,,,,,,,,0.0
12,19,7,,,,,,,,,0.0
12,19,7,,,,,,,,,0.0
12,19,7,,,,,,,,,0.0
12,19,7,,,,,,,,,0.0
12,20,7,,,,,,,,,0.0
12,20,7,,,,,,,,,0.0
12,20,7,,,,,,,,,0.0
12,20,7,,,,,,,,,0.0
12,21,7,,,,,,,,,0.0
12,21,7,,,,,,,,,0.0
12,21,7,,,,,,,,,0.0
12,21,7,,,,,,,,,0.0
12,22,7,,,,,,,,,0.0
12,22,7,,,,,,,,,0.0
12,22,7,,,,,,,,,0.0
12,22,7,,,,,,,,,0.0
12,23,7,,,,,,,,,0.0
12,23,7,,,,,,,,,0.0
12,23,7,,,,,,,,,0.0
12,23,7,,,,,,,,,0.0
12,24,7,,,,,,,,,0.0
12,24,7,,,,,,,,,0.0
12,24,7,,,,,,,,,0.0
12,24,7,,,,,,,,,0.0
12,1,1,,,,,,,,,0.0
12,1,1,,,,,,,,,0.0
12,1,1,,,,,,,,,0.0
12,1,1,,,,,,,,,0.0
12,2,1,,,,,,,,,0.0
12,2,1,,,,,,,,,0.0
12,2,1,,,,,,,,,0.0
12,2,1,,,,,,,,,0.0
12,3,1,,,,,,,,,0.0
12,3,1,,,,,,,,,0.0
12,3,1,,,,,,,,,0.0
12,3,1,,,,,,,,,0.0
12,4,1,,,,,,,,,0.0
12,4,1,,,,,,,,,0.0
12,4,1,,,,,,,,,0.0
12,4,1,,,,,,,,,0.0
12,5,1,,,,,,,,,0.0
12,5,1,,,,,,,,,0.0
12,5,1,,,,,,,,,0.0
12,5,1,,,,,,,,,0.0
12,6,1,,,,,,,,,0.0
12,6,1,,,,,,,,,0.0
12,6,1,,,,,,,,,0.0
12,6,1,,,,,,,,,0.0
12,7,1,,,,,,,,,0.0
12,7,1,,,,,,,,,0.0
12,7,1,,,,,,,,,0.0
12,7,1,,,,,,,,,0.0
12,8,1,,,,,,,,,0.0
12,8,1,,,,,,,,,0.0
12,8,1,,,,,,,,,0.0
12,8,1,,,,,,,,,0.0
12,9,1,,,,,,,,,0.005
12,9,1,,,,,,,,,0.085
12,9,1,,,,,,,,,0.155
12,9,1,,,,,,,,,0.125
12,10,1,,,,,,,,,0.11
12,10,1,,,,,,,,,0.3425
12,10,1,,,,,,,,,0.39
12,10,1,,,,,,,,,0.535
12,11,1,,,,,,,,,0.755
12,11,1,,,,,,,,,0.925
12,11,1,,,,,,,,,1.4175
12,11,1,,,,,,,,,1.0225
12,12,1,,,,,,,,,0.7625
12,12,1,,,,,,,,,0.765
12,12,1,,,,,,,,,0.67
12,12,1,,,,,,,,,1.0
12,13,1,,,,,,,,,0.8725
12,13,1,,,,,,,,,0.9075
12,13,1,,,,,,,,,0.8
12,13,1,,,,,,,,,1.0275
12,14,1,,,,,,,,,1.8875
12,14,1,,,,,,,,,1.2625
12,14,1,,,,,,,,,0.62
12,14,1,,,,,,,,,0.675
12,15,1,,,,,,,,,0.64
12,15,1,,,,,,,,,0.6625
12,15,1,,,,,,,,,0.605
12,15,1,,,,,,,,,0.81
12,16,1,,,,,,,,,0.52
12,16,1,,,,,,,,,0.295
12,16,1,,,,,,,,,0.3225
12,16,1,,,,,,,,,0.18
12,17,1,,,,,,,,,0.115
12,17,1,,,,,,,,,0.1975
12,17,1,,,,,,,,,0.1175
12,17,1,,,,,,,,,0.0325
12,18,1,,,,,,,,,0.0025
12,18,1,,,,,,,,,0.0
12,18,1,,,,,,,,,0.0
12,18,1,,,,,,,,,0.0
12,19,1,,,,,,,,,0.0
12,19,1,,,,,,,,,0.0
12,19,1,,,,,,,,,0.0
12,19,1,,,,,,,,,0.0
12,20,1,,,,,,,,,0.0
12,20,1,,,,,,,,,0.0
12,20,1,,,,,,,,,0.0
12,20,1,,,,,,,,,0.0
12,21,1,,,,,,,,,0.0
12,21,1,,,,,,,,,0.0
12,21,1,,,,,,,,,0.0
12,21,1,,,,,,,,,0.0
12,22,1,,,,,,,,,0.0
12,22,1,,,,,,,,,0.0
12,22,1,,,,,,,,,0.0
12,22,1,,,,,,,,,0.0
12,23,1,,,,,,,,,0.0
12,23,1,,,,,,,,,0.0
12,23,1,,,,,,,,,0.0
12,23,1,,,,,,,,,0.0
12,24,1,,,,,,,,,0.0
12,24,1,,,,,,,,,0.0
12,24,1,,,,,,,,,0.0
12,24,1,,,,,,,,,0.0
12,1,2,,,,,,,,,0.0
12,1,2,,,,,,,,,0.0
12,1,2,,,,,,,,,0.0
12,1,2,,,,,,,,,0.0
12,2,2,,,,,,,,,0.0
12,2,2,,,,,,,,,0.0
12,2,2,,,,,,,,,0.0
12,2,2,,,,,,,,,0.0
12,3,2,,,,,,,,,0.0
12,3,2,,,,,,,,,0.0
12,3,2,,,,,,,,,0.0
12,3,2,,,,,,,,,0.0
12,4,2,,,,,,,,,0.0
12,4,2,,,,,,,,,0.0
12,4,2,,,,,,,,,0.0
12,4,2,,,,,,,,,0.0
12,5,2,,,,,,,,,0.0
12,5,2,,,,,,,,,0.0
12,5,2,,,,,,,,,0.0
12,5,2,,,,,,,,,0.0
12,6,2,,,,,,,,,0.0
12,6,2,,,,,,,,,0.0
12,6,2,,,,,,,,,0.0
12,6,2,,,,,,,,,0.0
12,7,2,,,,,,,,,0.0
12,7,2,,,,,,,,,0.0
12,7,2,,,,,,,,,0.0
12,7,2,,,,,,,,,0.0
12,8,2,,,,,,,,,0.0
12,8,2,,,,,,,,,0.0
12,8,2,,,,,,,,,0.0
12,8,2,,,,,,,,,0.0
12,9,2,,,,,,,,,0.0
12,9,2,,,,,,,,,0.0
12,9,2,,,,,,,,,0.015
12,9,2,,,,,,,,,0.0225
12,10,2,,,,,,,,,0.0275
12,10,2,,,,,,,,,0.105
12,10,2,,,,,,,,,0.17
12,10,2,,,,,,,,,0.2025
12,11,2,,,,,,,,,0.2775
12,11,2,,,,,,,,,0.1825
12,11,2,,,,,,,,,0.115
12,11,2,,,,,,,,,0.0875
12,12,2,,,,,,,,,0.32
12,12,2,,,,,,,,,0.195
12,12,2,,,,,,,,,0.175
12,12,2,,,,,,,,,0.2
12,13,2,,,,,,,,,0.6925
12,13,2,,,,,,,,,0.8775
12,13,2,,,,,,,,,0.565
12,13,2,,,,,,,,,0.7125
12,14,2,,,,,,,,,0.835
12,14,2,,,,,,,,,1.095
12,14,2,,,,,,,,,1.275
12,14,2,,,,,,,,,1.4125
12,15,2,,,,,,,,,0.9925
12,15,2,,,,,,,,,0.895
12,15,2,,,,,,,,,0.5825
12,15,2,,,,,,,,,1.21
12,16,2,,,,,,,,,2.1525
12,16,2,,,,,,,,,1.455
12,16,2,,,,,,,,,2.33
12,16,2,,,,,,,,,1.78
12,17,2,,,,,,,,,1.0225
12,17,2,,,,,,,,,0.615
12,17,2,,,,,,,,,0.5175
12,17,2,,,,,,,,,0.2625
12,18,2,,,,,,,,,0.1025
12,18,2,,,,,,,,,0.005
12,18,2,,,,,,,,,0.0
12,18,2,,,,,,,,,0.0
12,19,2,,,,,,,,,0.0
12,19,2,,,,,,,,,0.0
12,19,2,,,,,,,,,0.0
12,19,2,,,,,,,,,0.0
12,20,2,,,,,,,,,0.0
12,20,2,,,,,,,,,0.0
12,20,2,,,,,,,,,0.0
12,20,2,,,,,,,,,0.0
12,21,2,,,,,,,,,0.0
12,21,2,,,,,,,,,0.0
12,21,2,,,,,,,,,0.0
12,21,2,,,,,,,,,0.0
12,22,2,,,,,,,,,0.0
12,22,2,,,,,,,,,0.0
12,22,2,,,,,,,,,0.0
12,22,2,,,,,,,,,0.0
12,23,2,,,,,,,,,0.0
12,23,2,,,,,,,,,0.0
12,23,2,,,,,,,,,0.0
12,23,2,,,,,,,,,0.0
12,24,2,,,,,,,,,0.0
12,24,2,,,,,,,,,0.0
12,24,2,,,,,,,,,0.0
12,24,2,,,,,,,,,0.0
12,1,3,,,,,,,,,0.0
12,1,3,,,,,,,,,0.0
12,1,3,,,,,,,,,0.0
12,1,3,,,,,,,,,0.0
12,2,3,,,,,,,,,0.0
12,2,3,,,,,,,,,0.0
12,2,3,,,,,,,,,0.0
12,2,3,,,,,,,,,0.0
12,3,3,,,,,,,,,0.0
12,3,3,,,,,,,,,0.0
12,3,3,,,,,,,,,0.0
12,3,3,,,,,,,,,0.0
12,4,3,,,,,,,,,0.0
12,4,3,,,,,,,,,0.0
12,4,3,,,,,,,,,0.0
12,4,3,,,,,,,,,0.0
12,5,3,,,,,,,,,0.0
12,5,3,,,,,,,,,0.0
12,5,3,,,,,,,,,0.0
12,5,3,,,,,,,,,0.0
12,6,3,,,,,,,,,0.0
12,6,3,,,,,,,,,0.0
12,6,3,,,,,,,,,0.0
12,6,3,,,,,,,,,0.0
12,7,3,,,,,,,,,0.0
12,7,3,,,,,,,,,0.0
12,7,3,,,,,,,,,0.0
12,7,3,,,,,,,,,0.0
12,8,3,,,,,,,,,0.0
12,8,3,,,,,,,,,0.0
12,8,3,,,,,,,,,0.0
12,8,3,,,,,,,,,0.0
12,9,3,,,,,,,,,0.0
12,9,3,,,,,,,,,0.0225
12,9,3,,,,,,,,,0.135
12,9,3,,,,,,,,,0.235
12,10,3,,,,,,,,,0.7
12,10,3,,,,,,,,,0.82
12,10,3,,,,,,,,,2.185
12,10,3,,,,,,,,,2.805
12,11,3,,,,,,,,,3.67
12,11,3,,,,,,,,,4.3525
12,11,3,,,,,,,,,4.795
12,11,3,,,,,,,,,5.165
12,12,3,,,,,,,,,5.45
12,12,3,,,,,,,,,5.68
12,12,3,,,,,,,,,5.91
12,12,3,,,,,,,,,6.095
12,13,3,,,,,,,,,6.21
12,13,3,,,,,,,,,6.2625
12,13,3,,,,,,,,,6.195
12,13,3,,,,,,,,,6.27
12,14,3,,,,,,,,,6.2925
12,14,3,,,,,,,,,6.205
12,14,3,,,,,,,,,6.0425
12,14,3,,,,,,,,,5.855
12,15,3,,,,,,,,,5.6275
12,15,3,,,,,,,,,5.285
12,15,3,,,,,,,,,4.9975
12,15,3,,,,,,,,,4.735
12,16,3,,,,,,,,,4.2875
12,16,3,,,,,,,,,3.93
12,16,3,,,,,,,,,3.36
12,16,3,,,,,,,,,2.6025
12,17,3,,,,,,,,,1.63
12,17,3,,,,,,,,,0.935
12,17,3,,,,,,,,,0.4875
12,17,3,,,,,,,,,0.255
12,18,3,,,,,,,,,0.12
12,18,3,,,,,,,,,0.0125
12,18,3,,,,,,,,,0.0
12,18,3,,,,,,,,,0.0
12,19,3,,,,,,,,,0.0
12,19,3,,,,,,,,,0.0
12,19,3,,,,,,,,,0.0
12,19,3,,,,,,,,,0.0
12,20,3,,,,,,,,,0.0
12,20,3,,,,,,,,,0.0
12,20,3,,,,,,,,,0.0
12,20,3,,,,,,,,,0.0
12,21,3,,,,,,,,,0.0
12,21,3,,,,,,,,,0.0
12,21,3,,,,,,,,,0.0
12,21,3,,,,,,,,,0.0
12,22,3,,,,,,,,,0.0
12,22,3,,,,,,,,,0.0
12,22,3,,,,,,,,,0.0
12,22,3,,,,,,,,,0.0
12,23,3,,,,,,,,,0.0
12,23,3,,,,,,,,,0.0
12,23,3,,,,,,,,,0.0
12,23,3,,,,,,,,,0.0
12,24,3,,,,,,,,,0.0
12,24,3,,,,,,,,,0.0
12,24,3,,,,,,,,,0.0
12,24,3,,,,,,,,,0.0
12,1,4,,,,,,,,,0.0
12,1,4,,,,,,,,,0.0
12,1,4,,,,,,,,,0.0
12,1,4,,,,,,,,,0.0
12,2,4,,,,,,,,,0.0
12,2,4,,,,,,,,,0.0
12,2,4,,,,,,,,,0.0
12,2,4,,,,,,,,,0.0
12,3,4,,,,,,,,,0.0
12,3,4,,,,,,,,,0.0
12,3,4,,,,,,,,,0.0
12,3,4,,,,,,,,,0.0
12,4,4,,,,,,,,,0.0
12,4,4,,,,,,,,,0.0
12,4,4,,,,,,,,,0.0
12,4,4,,,,,,,,,0.0
12,5,4,,,,,,,,,0.0
12,5,4,,,,,,,,,0.0
12,5,4,,,,,,,,,0.0
12,5,4,,,,,,,,,0.0
12,6,4,,,,,,,,,0.0
12,6,4,,,,,,,,,0.0
12,6,4,,,,,,,,,0.0
12,6,4,,,,,,,,,0.0
12,7,4,,,,,,,,,0.0
12,7,4,,,,,,,,,0.0
12,7,4,,,,,,,,,0.0
12,7,4,,,,,,,,,0.0
12,8,4,,,,,,,,,0.0
12,8,4,,,,,,,,,0.0
12,8,4,,,,,,,,,0.0
12,8,4,,,,,,,,,0.0
12,9,4,,,,,,,,,0.0025
12,9,4,,,,,,,,,0.125
12,9,4,,,,,,,,,0.245
12,9,4,,,,,,,,,0.2525
12,10,4,,,,,,,,,0.3125
12,10,4,,,,,,,,,0.4625
12,10,4,,,,,,,,,0.9275
12,10,4,,,,,,,,,0.97
12,11,4,,,,,,,,,1.1675
12,11,4,,,,,,,,,1.2575
12,11,4,,,,,,,,,1.3575
12,11,4,,,,,,,,,1.2725
12,12,4,,,,,,,,,1.7225
12,12,4,,,,,,,,,1.5075
12,12,4,,,,,,,,,1.435
12,12,4,,,,,,,,,1.59
12,13,4,,,,,,,,,1.95
12,13,4,,,,,,,,,2.2025
12,13,4,,,,,,,,,1.795
12,13,4,,,,,,,,,2.1925
12,14,4,,,,,,,,,2.26
12,14,4,,,,,,,,,1.9275
12,14,4,,,,,,,,,1.84
12,14,4,,,,,,,,,1.4325
12,15,4,,,,,,,,,1.05
12,15,4,,,,,,,,,0.9175
12,15,4,,,,,,,,,0.855
12,15,4,,,,,,,,,0.63
12,16,4,,,,,,,,,0.665
12,16,4,,,,,,,,,0.5
12,16,4,,,,,,,,,0.32
12,16,4,,,,,,,,,0.235
12,17,4,,,,,,,,,0.15
12,17,4,,,,,,,,,0.11
12,17,4,,,,,,,,,0.0575
12,17,4,,,,,,,,,0.025
12,18,4,,,,,,,,,0.01
12,18,4,,,,,,,,,0.0
12,18,4,,,,,,,,,0.0
12,18,4,,,,,,,,,0.0
12,19,4,,,,,,,,,0.0
12,19,4,,,,,,,,,0.0
12,19,4,,,,,,,,,0.0
12,19,4,,,,,,,,,0.0
12,20,4,,,,,,,,,0.0
12,20,4,,,,,,,,,0.0
12,20,4,,,,,,,,,0.0
12,20,4,,,,,,,,,0.0
12,21,4,,,,,,,,,0.0
12,21,4,,,,,,,,,0.0
12,21,4,,,,,,,,,0.0
12,21,4,,,,,,,,,0.0
12,22,4,,,,,,,,,0.0
12,22,4,,,,,,,,,0.0
12,22,4,,,,,,,,,0.0
12,22,4,,,,,,,,,0.0
12,23,4,,,,,,,,,0.0
12,23,4,,,,,,,,,0.0
12,23,4,,,,,,,,,0.0
12,23,4,,,,,,,,,0.0
12,24,4,,,,,,,,,0.0
12,24,4,,,,,,,,,0.0
12,24,4,,,,,,,,,0.0
12,24,4,,,,,,,,,0.0
12,1,5,,,,,,,,,0.0
12,1,5,,,,,,,,,0.0
12,1,5,,,,,,,,,0.0
12,1,5,,,,,,,,,0.0
12,2,5,,,,,,,,,0.0
12,2,5,,,,,,,,,0.0
12,2,5,,,,,,,,,0.0
12,2,5,,,,,,,,,0.0
12,3,5,,,,,,,,,0.0
12,3,5,,,,,,,,,0.0
12,3,5,,,,,,,,,0.0
12,3,5,,,,,,,,,0.0
12,4,5,,,,,,,,,0.0
12,4,5,,,,,,,,,0.0
12,4,5,,,,,,,,,0.0
12,4,5,,,,,,,,,0.0
12,5,5,,,,,,,,,0.0
12,5,5,,,,,,,,,0.0
12,5,5,,,,,,,,,0.0
12,5,5,,,,,,,,,0.0
12,6,5,,,,,,,,,0.0
12,6,5,,,,,,,,,0.0
12,6,5,,,,,,,,,0.0
12,6,5,,,,,,,,,0.0
12,7,5,,,,,,,,,0.0
12,7,5,,,,,,,,,0.0
12,7,5,,,,,,,,,0.0
12,7,5,,,,,,,,,0.0
12,8,5,,,,,,,,,0.0
12,8,5,,,,,,,,,0.0
12,8,5,,,,,,,,,0.0
12,8,5,,,,,,,,,0.0
12,9,5,,,,,,,,,0.0
12,9,5,,,,,,,,,0.0
12,9,5,,,,,,,,,0.005
12,9,5,,,,,,,,,0.04
12,10,5,,,,,,,,,0.11
12,10,5,,,,,,,,,0.1375
12,10,5,,,,,,,,,0.2125
12,10,5,,,,,,,,,0.265
12,11,5,,,,,,,,,0.275
12,11,5,,,,,,,,,0.265
12,11,5,,,,,,,,,0.2825
12,11,5,,,,,,,,,0.3675
12,12,5,,,,,,,,,0.7125
12,12,5,,,,,,,,,0.835
12,12,5,,,,,,,,,0.605
12,12,5,,,,,,,,,0.5375
12,13,5,,,,,,,,,0.48
12,13,5,,,,,,,,,0.445
12,13,5,,,,,,,,,0.545
12,13,5,,,,,,,,,0.525
12,14,5,,,,,,,,,0.69
12,14,5,,,,,,,,,0.865
12,14,5,,,,,,,,,0.915
12,14,5,,,,,,,,,0.795
12,15,5,,,,,,,,,0.6325
12,15,5,,,,,,,,,0.59
12,15,5,,,,,,,,,0.575
12,15,5,,,,,,,,,0.555
12,16,5,,,,,,,,,0.5375
12,16,5,,,,,,,,,0.545
12,16,5,,,,,,,,,0.56
12,16,5,,,,,,,,,0.525
12,17,5,,,,,,,,,0.36
12,17,5,,,,,,,,,0.2
12,17,5,,,,,,,,,0.1
12,17,5,,,,,,,,,0.04
12,18,5,,,,,,,,,0.005
12,18,5,,,,,,,,,0.0
12,18,5,,,,,,,,,0.0
12,18,5,,,,,,,,,0.0
12,19,5,,,,,,,,,0.0
12,19,5,,,,,,,,,0.0
12,19,5,,,,,,,,,0.0
12,19,5,,,,,,,,,0.0
12,20,5,,,,,,,,,0.0
12,20,5,,,,,,,,,0.0
12,20,5,,,,,,,,,0.0
12,20,5,,,,,,,,,0.0
12,21,5,,,,,,,,,0.0
12,21,5,,,,,,,,,0.0
12,21,5,,,,,,,,,0.0
12,21,5,,,,,,,,,0.0
12,22,5,,,,,,,,,0.0
12,22,5,,,,,,,,,0.0
12,22,5,,,,,,,,,0.0
12,22,5,,,,,,,,,0.0
12,23,5,,,,,,,,,0.0
12,23,5,,,,,,,,,0.0
12,23,5,,,,,,,,,0.0
12,23,5,,,,,,,,,0.0
12,24,5,,,,,,,,,0.0
12,24,5,,,,,,,,,0.0
12,24,5,,,,,,,,,0.0
12,24,5,,,,,,,,,0.0
12,1,6,,,,,,,,,0.0
12,1,6,,,,,,,,,0.0
12,1,6,,,,,,,,,0.0
12,1,6,,,,,,,,,0.0
12,2,6,,,,,,,,,0.0
12,2,6,,,,,,,,,0.0
12,2,6,,,,,,,,,0.0
12,2,6,,,,,,,,,0.0
12,3,6,,,,,,,,,0.0
12,3,6,,,,,,,,,0.0
12,3,6,,,,,,,,,0.0
12,3,6,,,,,,,,,0.0
12,4,6,,,,,,,,,0.0
12,4,6,,,,,,,,,0.0
12,4,6,,,,,,,,,0.0
12,4,6,,,,,,,,,0.0
12,5,6,,,,,,,,,0.0
12,5,6,,,,,,,,,0.0
12,5,6,,,,,,,,,0.0
12,5,6,,,,,,,,,0.0
12,6,6,,,,,,,,,0.0
12,6,6,,,,,,,,,0.0
12,6,6,,,,,,,,,0.0
12,6,6,,,,,,,,,0.0
12,7,6,,,,,,,,,0.0
12,7,6,,,,,,,,,0.0
12,7,6,,,,,,,,,0.0
12,7,6,,,,,,,,,0.0
12,8,6,,,,,,,,,0.0
12,8,6,,,,,,,,,0.0
12,8,6,,,,,,,,,0.0
12,8,6,,,,,,,,,0.0
12,9,6,,,,,,,,,0.0
12,9,6,,,,,,,,,0.0775
12,9,6,,,,,,,,,0.185
12,9,6,,,,,,,,,0.3575
12,10,6,,,,,,,,,0.695
12,10,6,,,,,,,,,1.155
12,10,6,,,,,,,,,1.8625
12,10,6,,,,,,,,,2.44
12,11,6,,,,,,,,,3.16
12,11,6,,,,,,,,,4.0
12,11,6,,,,,,,,,4.43
12,11,6,,,,,,,,,4.955
12,12,6,,,,,,,,,5.1475
12,12,6,,,,,,,,,5.43
12,12,6,,,,,,,,,5.4325
12,12,6,,,,,,,,,5.9575
12,13,6,,,,,,,,,6.0675
12,13,6,,,,,,,,,6.14
12,13,6,,,,,,,,,6.2375
12,13,6,,,,,,,,,6.16
12,14,6,,,,,,,,,6.0275
12,14,6,,,,,,,,,5.94
12,14,6,,,,,,,,,5.8125
12,14,6,,,,,,,,,5.6375
12,15,6,,,,,,,,,5.4225
12,15,6,,,,,,,,,5.175
12,15,6,,,,,,,,,4.8525
12,15,6,,,,,,,,,4.4775
12,16,6,,,,,,,,,4.11
12,16,6,,,,,,,,,3.6675
12,16,6,,,,,,,,,3.135
12,16,6,,,,,,,,,2.4
12,17,6,,,,,,,,,1.5425
12,17,6,,,,,,,,,0.855
12,17,6,,,,,,,,,0.4225
12,17,6,,,,,,,,,0.1975
12,18,6,,,,,,,,,0.1025
12,18,6,,,,,,,,,0.015
12,18,6,,,,,,,,,0.0
12,18,6,,,,,,,,,0.0
12,19,6,,,,,,,,,0.0
12,19,6,,,,,,,,,0.0
12,19,6,,,,,,,,,0.0
12,19,6,,,,,,,,,0.0
12,20,6,,,,,,,,,0.0
12,20,6,,,,,,,,,0.0
12,20,6,,,,,,,,,0.0
12,20,6,,,,,,,,,0.0
12,21,6,,,,,,,,,0.0
12,21,6,,,,,,,,,0.0
12,21,6,,,,,,,,,0.0
12,21,6,,,,,,,,,0.0
12,22,6,,,,,,,,,0.0
12,22,6,,,,,,,,,0.0
12,22,6,,,,,,,,,0.0
12,22,6,,,,,,,,,0.0
12,23,6,,,,,,,,,0.0
12,23,6,,,,,,,,,0.0
12,23,6,,,,,,,,,0.0
12,23,6,,,,,,,,,0.0
12,24,6,,,,,,,,,0.0
12,24,6,,,,,,,,,0.0
12,24,6,,,,,,,,,0.0
12,24,6,,,,,,,,,0.0
12,1,7,,,,,,,,,0.0
12,1,7,,,,,,,,,0.0
12,1,7,,,,,,,,,0.0
12,1,7,,,,,,,,,0.0
12,2,7,,,,,,,,,0.0
12,2,7,,,,,,,,,0.0
12,2,7,,,,,,,,,0.0
12,2,7,,,,,,,,,0.0
12,3,7,,,,,,,,,0.0
12,3,7,,,,,,,,,0.0
12,3,7,,,,,,,,,0.0
12,3,7,,,,,,,,,0.0
12,4,7,,,,,,,,,0.0
12,4,7,,,,,,,,,0.0
12,4,7,,,,,,,,,0.0
12,4,7,,,,,,,,,0.0
12,5,7,,,,,,,,,0.0
12,5,7,,,,,,,,,0.0
12,5,7,,,,,,,,,0.0
12,5,7,,,,,,,,,0.0
12,6,7,,,,,,,,,0.0
12,6,7,,,,,,,,,0.0
12,6,7,,,,,,,,,0.0
12,6,7,,,,,,,,,0.0
12,7,7,,,,,,,,,0.0
12,7,7,,,,,,,,,0.0
12,7,7,,,,,,,,,0.0
12,7,7,,,,,,,,,0.0
12,8,7,,,,,,,,,0.0
12,8,7,,,,,,,,,0.0
12,8,7,,,,,,,,,0.0
12,8,7,,,,,,,,,0.0
12,9,7,,,,,,,,,0.005
12,9,7,,,,,,,,,0.0825
12,9,7,,,,,,,,,0.19
12,9,7,,,,,,,,,0.345
12,10,7,,,,,,,,,0.6875
12,10,7,,,,,,,,,1.185
12,10,7,,,,,,,,,1.975
12,10,7,,,,,,,,,2.7675
12,11,7,,,,,,,,,3.535
12,11,7,,,,,,,,,4.43
12,11,7,,,,,,,,,4.965
12,11,7,,,,,,,,,5.32
12,12,7,,,,,,,,,5.605
12,12,7,,,,,,,,,5.865
12,12,7,,,,,,,,,6.0625
12,12,7,,,,,,,,,6.235
12,13,7,,,,,,,,,6.275
12,13,7,,,,,,,,,6.36
12,13,7,,,,,,,,,6.33
12,13,7,,,,,,,,,6.245
12,14,7,,,,,,,,,6.23
12,14,7,,,,,,,,,6.23
12,14,7,,,,,,,,,5.995
12,14,7,,,,,,,,,4.6875
12,15,7,,,,,,,,,3.945
12,15,7,,,,,,,,,4.015
12,15,7,,,,,,,,,3.0275
12,15,7,,,,,,,,,2.33
12,16,7,,,,,,,,,2.0875
12,16,7,,,,,,,,,1.6175
12,16,7,,,,,,,,,1.1975
12,16,7,,,,,,,,,1.02
12,17,7,,,,,,,,,0.8
12,17,7,,,,,,,,,0.595
12,17,7,,,,,,,,,0.4175
12,17,7,,,,,,,,,0.23
12,18,7,,,,,,,,,0.0625
12,18,7,,,,,,,,,0.0
12,18,7,,,,,,,,,0.0
12,18,7,,,,,,,,,0.0
12,19,7,,,,,,,,,0.0
12,19,7,,,,,,,,,0.0
12,19,7,,,,,,,,,0.0
12,19,7,,,,,,,,,0.0
12,20,7,,,,,,,,,0.0
12,20,7,,,,,,,,,0.0
12,20,7,,,,,,,,,0.0
12,20,7,,,,,,,,,0.0
12,21,7,,,,,,,,,0.0
12,21,7,,,,,,,,,0.0
12,21,7,,,,,,,,,0.0
12,21,7,,,,,,,,,0.0
12,22,7,,,,,,,,,0.0
12,22,7,,,,,,,,,0.0
12,22,7,,,,,,,,,0.0
12,22,7,,,,,,,,,0.0
12,23,7,,,,,,,,,0.0
12,23,7,,,,,,,,,0.0
12,23,7,,,,,,,,,0.0
12,23,7,,,,,,,,,0.0
12,24,7,,,,,,,,,0.0
12,24,7,,,,,,,,,0.0
12,24,7,,,,,,,,,0.0
12,24,7,,,,,,,,,0.0
12,1,1,,,,,,,,,0.0
12,1,1,,,,,,,,,0.0
12,1,1,,,,,,,,,0.0
12,1,1,,,,,,,,,0.0
12,2,1,,,,,,,,,0.0
12,2,1,,,,,,,,,0.0
12,2,1,,,,,,,,,0.0
12,2,1,,,,,,,,,0.0
12,3,1,,,,,,,,,0.0
12,3,1,,,,,,,,,0.0
12,3,1,,,,,,,,,0.0
12,3,1,,,,,,,,,0.0
12,4,1,,,,,,,,,0.0
12,4,1,,,,,,,,,0.0
12,4,1,,,,,,,,,0.0
12,4,1,,,,,,,,,0.0
12,5,1,,,,,,,,,0.0
12,5,1,,,,,,,,,0.0
12,5,1,,,,,,,,,0.0
12,5,1,,,,,,,,,0.0
12,6,1,,,,,,,,,0.0
12,6,1,,,,,,,,,0.0
12,6,1,,,,,,,,,0.0
12,6,1,,,,,,,,,0.0
12,7,1,,,,,,,,,0.0
12,7,1,,,,,,,,,0.0
12,7,1,,,,,,,,,0.0
12,7,1,,,,,,,,,0.0
12,8,1,,,,,,,,,0.0
12,8,1,,,,,,,,,0.0
12,8,1,,,,,,,,,0.0
12,8,1,,,,,,,,,0.0
12,9,1,,,,,,,,,0.0
12,9,1,,,,,,,,,0.0
12,9,1,,,,,,,,,0.0
12,9,1,,,,,,,,,0.0
12,10,1,,,,,,,,,0.0225
12,10,1,,,,,,,,,0.055
12,10,1,,,,,,,,,0.125
12,10,1,,,,,,,,,0.1
12,11,1,,,,,,,,,0.14
12,11,1,,,,,,,,,0.205
12,11,1,,,,,,,,,0.405
12,11,1,,,,,,,,,0.4575
12,12,1,,,,,,,,,0.635
12,12,1,,,,,,,,,0.6575
12,12,1,,,,,,,,,0.6
12,12,1,,,,,,,,,0.585
12,13,1,,,,,,,,,0.425
12,13,1,,,,,,,,,0.335
12,13,1,,,,,,,,,0.385
12,13,1,,,,,,,,,0.2875
12,14,1,,,,,,,,,0.625
12,14,1,,,,,,,,,0.6475
12,14,1,,,,,,,,,0.5025
12,14,1,,,,,,,,,0.44
12,15,1,,,,,,,,,0.655
12,15,1,,,,,,,,,0.6
12,15,1,,,,,,,,,0.4475
12,15,1,,,,,,,,,0.505
12,16,1,,,,,,,,,0.435
12,16,1,,,,,,,,,0.095
12,16,1,,,,,,,,,0.0775
12,16,1,,,,,,,,,0.09
12,17,1,,,,,,,,,0.0125
12,17,1,,,,,,,,,0.0
12,17,1,,,,,,,,,0.0
12,17,1,,,,,,,,,0.0025
12,18,1,,,,,,,,,0.0
12,18,1,,,,,,,,,0.0
12,18,1,,,,,,,,,0.0
12,18,1,,,,,,,,,0.0
12,19,1,,,,,,,,,0.0
12,19,1,,,,,,,,,0.0
12,19,1,,,,,,,,,0.0
12,19,1,,,,,,,,,0.0
12,20,1,,,,,,,,,0.0
12,20,1,,,,,,,,,0.0
12,20,1,,,,,,,,,0.0
12,20,1,,,,,,,,,0.0
12,21,1,,,,,,,,,0.0
12,21,1,,,,,,,,,0.0
12,21,1,,,,,,,,,0.0
12,21,1,,,,,,,,,0.0
12,22,1,,,,,,,,,0.0
12,22,1,,,,,,,,,0.0
12,22,1,,,,,,,,,0.0
12,22,1,,,,,,,,,0.0
12,23,1,,,,,,,,,0.0
12,23,1,,,,,,,,,0.0
12,23,1,,,,,,,,,0.0
12,23,1,,,,,,,,,0.0
12,24,1,,,,,,,,,0.0
12,24,1,,,,,,,,,0.0
12,24,1,,,,,,,,,0.0
12,24,1,,,,,,,,,0.0
12,1,2,,,,,,,,,0.0
12,1,2,,,,,,,,,0.0
12,1,2,,,,,,,,,0.0
12,1,2,,,,,,,,,0.0
12,2,2,,,,,,,,,0.0
12,2,2,,,,,,,,,0.0
12,2,2,,,,,,,,,0.0
12,2,2,,,,,,,,,0.0
12,3,2,,,,,,,,,0.0
12,3,2,,,,,,,,,0.0
12,3,2,,,,,,,,,0.0
12,3,2,,,,,,,,,0.0
12,4,2,,,,,,,,,0.0
12,4,2,,,,,,,,,0.0
12,4,2,,,,,,,,,0.0
12,4,2,,,,,,,,,0.0
12,5,2,,,,,,,,,0.0
12,5,2,,,,,,,,,0.0
12,5,2,,,,,,,,,0.0
12,5,2,,,,,,,,,0.0
12,6,2,,,,,,,,,0.0
12,6,2,,,,,,,,,0.0
12,6,2,,,,,,,,,0.0
12,6,2,,,,,,,,,0.0
12,7,2,,,,,,,,,0.0
12,7,2,,,,,,,,,0.0
12,7,2,,,,,,,,,0.0
12,7,2,,,,,,,,,0.0
12,8,2,,,,,,,,,0.0
12,8,2,,,,,,,,,0.0
12,8,2,,,,,,,,,0.0
12,8,2,,,,,,,,,0.0
12,9,2,,,,,,,,,0.0
12,9,2,,,,,,,,,0.04
12,9,2,,,,,,,,,0.17
12,9,2,,,,,,,,,0.3325
12,10,2,,,,,,,,,0.53
12,10,2,,,,,,,,,0.7725
12,10,2,,,,,,,,,1.04
12,10,2,,,,,,,,,1.11
12,11,2,,,,,,,,,1.295
12,11,2,,,,,,,,,1.61
12,11,2,,,,,,,,,2.36
12,11,2,,,,,,,,,2.3675
12,12,2,,,,,,,,,3.0925
12,12,2,,,,,,,,,5.1575
12,12,2,,,,,,,,,5.5675
12,12,2,,,,,,,,,6.5125
12,13,2,,,,,,,,,5.7825
12,13,2,,,,,,,,,4.745
12,13,2,,,,,,,,,5.95
12,13,2,,,,,,,,,6.81
12,14,2,,,,,,,,,2.3675
12,14,2,,,,,,,,,5.735
12,14,2,,,,,,,,,2.065
12,14,2,,,,,,,,,3.5
12,15,2,,,,,,,,,4.235
12,15,2,,,,,,,,,5.35
12,15,2,,,,,,,,,4.935
12,15,2,,,,,,,,,4.14
12,16,2,,,,,,,,,3.1175
12,16,2,,,,,,,,,1.835
12,16,2,,,,,,,,,3.17
12,16,2,,,,,,,,,2.6725
12,17,2,,,,,,,,,1.645
12,17,2,,,,,,,,,0.9775
12,17,2,,,,,,,,,0.505
12,17,2,,,,,,,,,0.22
12,18,2,,,,,,,,,0.09
12,18,2,,,,,,,,,0.015
12,18,2,,,,,,,,,0.0
12,18,2,,,,,,,,,0.0
12,19,2,,,,,,,,,0.0
12,19,2,,,,,,,,,0.0
12,19,2,,,,,,,,,0.0
12,19,2,,,,,,,,,0.0
12,20,2,,,,,,,,,0.0
12,20,2,,,,,,,,,0.0
12,20,2,,,,,,,,,0.0
12,20,2,,,,,,,,,0.0
12,21,2,,,,,,,,,0.0
12,21,2,,,,,,,,,0.0
12,21,2,,,,,,,,,0.0
12,21,2,,,,,,,,,0.0
12,22,2,,,,,,,,,0.0
12,22,2,,,,,,,,,0.0
12,22,2,,,,,,,,,0.0
12,22,2,,,,,,,,,0.0
12,23,2,,,,,,,,,0.0
12,23,2,,,,,,,,,0.0
12,23,2,,,,,,,,,0.0
12,23,2,,,,,,,,,0.0
12,24,2,,,,,,,,,0.0
12,24,2,,,,,,,,,0.0
12,24,2,,,,,,,,,0.0
12,24,2,,,,,,,,,0.0
12,1,3,,,,,,,,,0.0
12,1,3,,,,,,,,,0.0
12,1,3,,,,,,,,,0.0
12,1,3,,,,,,,,,0.0
12,2,3,,,,,,,,,0.0
12,2,3,,,,,,,,,0.0
12,2,3,,,,,,,,,0.0
12,2,3,,,,,,,,,0.0
12,3,3,,,,,,,,,0.0
12,3,3,,,,,,,,,0.0
12,3,3,,,,,,,,,0.0
12,3,3,,,,,,,,,0.0
12,4,3,,,,,,,,,0.0
12,4,3,,,,,,,,,0.0
12,4,3,,,,,,,,,0.0
12,4,3,,,,,,,,,0.0
12,5,3,,,,,,,,,0.0
12,5,3,,,,,,,,,0.0
12,5,3,,,,,,,,,0.0
12,5,3,,,,,,,,,0.0
12,6,3,,,,,,,,,0.0
12,6,3,,,,,,,,,0.0
12,6,3,,,,,,,,,0.0
12,6,3,,,,,,,,,0.0
12,7,3,,,,,,,,,0.0
12,7,3,,,,,,,,,0.0
12,7,3,,,,,,,,,0.0
12,7,3,,,,,,,,,0.0
12,8,3,,,,,,,,,0.0
12,8,3,,,,,,,,,0.0
12,8,3,,,,,,,,,0.0
12,8,3,,,,,,,,,0.0
12,9,3,,,,,,,,,0.0375
12,9,3,,,,,,,,,0.105
12,9,3,,,,,,,,,0.245
12,9,3,,,,,,,,,0.3975
12,10,3,,,,,,,,,0.395
12,10,3,,,,,,,,,0.355
12,10,3,,,,,,,,,0.51
12,10,3,,,,,,,,,0.6475
12,11,3,,,,,,,,,0.675
12,11,3,,,,,,,,,0.6225
12,11,3,,,,,,,,,0.7875
12,11,3,,,,,,,,,1.2575
12,12,3,,,,,,,,,1.615
12,12,3,,,,,,,,,1.1375
12,12,3,,,,,,,,,1.005
12,12,3,,,,,,,,,1.11
12,13,3,,,,,,,,,1.925
12,13,3,,,,,,,,,2.4125
12,13,3,,,,,,,,,2.6275
12,13,3,,,,,,,,,2.9475
12,14,3,,,,,,,,,1.96
12,14,3,,,,,,,,,2.425
12,14,3,,,,,,,,,1.88
12,14,3,,,,,,,,,1.64
12,15,3,,,,,,,,,2.5475
12,15,3,,,,,,,,,1.5925
12,15,3,,,,,,,,,1.215
12,15,3,,,,,,,,,1.0125
12,16,3,,,,,,,,,1.76
12,16,3,,,,,,,,,1.505
12,16,3,,,,,,,,,1.045
12,16,3,,,,,,,,,0.825
12,17,3,,,,,,,,,0.645
12,17,3,,,,,,,,,0.45
12,17,3,,,,,,,,,0.31
12,17,3,,,,,,,,,0.2125
12,18,3,,,,,,,,,0.0675
12,18,3,,,,,,,,,0.0
12,18,3,,,,,,,,,0.0
12,18,3,,,,,,,,,0.0
12,19,3,,,,,,,,,0.0
12,19,3,,,,,,,,,0.0
12,19,3,,,,,,,,,0.0
12,19,3,,,,,,,,,0.0
12,20,3,,,,,,,,,0.0
12,20,3,,,,,,,,,0.0
12,20,3,,,,,,,,,0.0
12,20,3,,,,,,,,,0.0
12,21,3,,,,,,,,,0.0
12,21,3,,,,,,,,,0.0
12,21,3,,,,,,,,,0.0
12,21,3,,,,,,,,,0.0
12,22,3,,,,,,,,,0.0
12,22,3,,,,,,,,,0.0
12,22,3,,,,,,,,,0.0
12,22,3,,,,,,,,,0.0
12,23,3,,,,,,,,,0.0
12,23,3,,,,,,,,,0.0
12,23,3,,,,,,,,,0.0
12,23,3,,,,,,,,,0.0
12,24,3,,,,,,,,,0.0
12,24,3,,,,,,,,,0.0
12,24,3,,,,,,,,,0.0
12,24,3,,,,,,,,,0.0
12,1,4,,,,,,,,,0.0
12,1,4,,,,,,,,,0.0
12,1,4,,,,,,,,,0.0
12,1,4,,,,,,,,,0.0
12,2,4,,,,,,,,,0.0
12,2,4,,,,,,,,,0.0
12,2,4,,,,,,,,,0.0
12,2,4,,,,,,,,,0.0
12,3,4,,,,,,,,,0.0
12,3,4,,,,,,,,,0.0
12,3,4,,,,,,,,,0.0
12,3,4,,,,,,,,,0.0
12,4,4,,,,,,,,,0.0
12,4,4,,,,,,,,,0.0
12,4,4,,,,,,,,,0.0
12,4,4,,,,,,,,,0.0
12,5,4,,,,,,,,,0.0
12,5,4,,,,,,,,,0.0
12,5,4,,,,,,,,,0.0
12,5,4,,,,,,,,,0.0
12,6,4,,,,,,,,,0.0
12,6,4,,,,,,,,,0.0
12,6,4,,,,,,,,,0.0
12,6,4,,,,,,,,,0.0
12,7,4,,,,,,,,,0.0
12,7,4,,,,,,,,,0.0
12,7,4,,,,,,,,,0.0
12,7,4,,,,,,,,,0.0
12,8,4,,,,,,,,,0.0
12,8,4,,,,,,,,,0.0
12,8,4,,,,,,,,,0.0
12,8,4,,,,,,,,,0.0
12,9,4,,,,,,,,,0.0025
12,9,4,,,,,,,,,0.0325
12,9,4,,,,,,,,,0.145
12,9,4,,,,,,,,,0.335
12,10,4,,,,,,,,,0.4125
12,10,4,,,,,,,,,0.67
12,10,4,,,,,,,,,0.775
12,10,4,,,,,,,,,0.8925
12,11,4,,,,,,,,,1.165
12,11,4,,,,,,,,,1.42
12,11,4,,,,,,,,,1.695
12,11,4,,,,,,,,,3.4575
12,12,4,,,,,,,,,2.875
12,12,4,,,,,,,,,2.68
12,12,4,,,,,,,,,2.9575
12,12,4,,,,,,,,,1.8025
12,13,4,,,,,,,,,1.635
12,13,4,,,,,,,,,2.165
12,13,4,,,,,,,,,4.015
12,13,4,,,,,,,,,3.505
12,14,4,,,,,,,,,2.5475
12,14,4,,,,,,,,,2.1525
12,14,4,,,,,,,,,1.9675
12,14,4,,,,,,,,,1.9975
12,15,4,,,,,,,,,2.7775
12,15,4,,,,,,,,,1.16
12,15,4,,,,,,,,,1.535
12,15,4,,,,,,,,,2.1675
12,16,4,,,,,,,,,1.7675
12,16,4,,,,,,,,,0.55
12,16,4,,,,,,,,,0.145
12,16,4,,,,,,,,,0.0475
12,17,4,,,,,,,,,0.04
12,17,4,,,,,,,,,0.0325
12,17,4,,,,,,,,,0.015
12,17,4,,,,,,,,,0.0
12,18,4,,,,,,,,,0.0
12,18,4,,,,,,,,,0.0
12,18,4,,,,,,,,,0.0
12,18,4,,,,,,,,,0.0
12,19,4,,,,,,,,,0.0
12,19,4,,,,,,,,,0.0
12,19,4,,,,,,,,,0.0
12,19,4,,,,,,,,,0.0
12,20,4,,,,,,,,,0.0
12,20,4,,,,,,,,,0.0
12,20,4,,,,,,,,,0.0
12,20,4,,,,,,,,,0.0
12,21,4,,,,,,,,,0.0
12,21,4,,,,,,,,,0.0
12,21,4,,,,,,,,,0.0
12,21,4,,,,,,,,,0.0
12,22,4,,,,,,,,,0.0
12,22,4,,,,,,,,,0.0
12,22,4,,,,,,,,,0.0
12,22,4,,,,,,,,,0.0
12,23,4,,,,,,,,,0.0
12,23,4,,,,,,,,,0.0
12,23,4,,,,,,,,,0.0
12,23,4,,,,,,,,,0.0
12,24,4,,,,,,,,,0.0
12,24,4,,,,,,,,,0.0
12,24,4,,,,,,,,,0.0
12,24,4,,,,,,,,,0.0
12,1,5,,,,,,,,,0.0
12,1,5,,,,,,,,,0.0
12,1,5,,,,,,,,,0.0
12,1,5,,,,,,,,,0.0
12,2,5,,,,,,,,,0.0
12,2,5,,,,,,,,,0.0
12,2,5,,,,,,,,,0.0
12,2,5,,,,,,,,,0.0
12,3,5,,,,,,,,,0.0
12,3,5,,,,,,,,,0.0
12,3,5,,,,,,,,,0.0
12,3,5,,,,,,,,,0.0
12,4,5,,,,,,,,,0.0
12,4,5,,,,,,,,,0.0
12,4,5,,,,,,,,,0.0
12,4,5,,,,,,,,,0.0
12,5,5,,,,,,,,,0.0
12,5,5,,,,,,,,,0.0
12,5,5,,,,,,,,,0.0
12,5,5,,,,,,,,,0.0
12,6,5,,,,,,,,,0.0
12,6,5,,,,,,,,,0.0
12,6,5,,,,,,,,,0.0
12,6,5,,,,,,,,,0.0
12,7,5,,,,,,,,,0.0
12,7,5,,,,,,,,,0.0
12,7,5,,,,,,,,,0.0
12,7,5,,,,,,,,,0.0
12,8,5,,,,,,,,,0.0
12,8,5,,,,,,,,,0.0
12,8,5,,,,,,,,,0.0
12,8,5,,,,,,,,,0.0
12,9,5,,,,,,,,,0.0
12,9,5,,,,,,,,,0.0
12,9,5,,,,,,,,,0.04
12,9,5,,,,,,,,,0.1075
12,10,5,,,,,,,,,0.19
12,10,5,,,,,,,,,0.21
12,10,5,,,,,,,,,0.38
12,10,5,,,,,,,,,0.55
12,11,5,,,,,,,,,0.4575
12,11,5,,,,,,,,,0.69
12,11,5,,,,,,,,,2.555
12,11,5,,,,,,,,,4.32
12,12,5,,,,,,,,,5.4675
12,12,5,,,,,,,,,5.925
12,12,5,,,,,,,,,6.165
12,12,5,,,,,,,,,6.365
12,13,5,,,,,,,,,6.2925
12,13,5,,,,,,,,,6.2225
12,13,5,,,,,,,,,5.6925
12,13,5,,,,,,,,,3.895
12,14,5,,,,,,,,,4.245
12,14,5,,,,,,,,,5.93
12,14,5,,,,,,,,,5.3
12,14,5,,,,,,,,,6.09
12,15,5,,,,,,,,,5.8375
12,15,5,,,,,,,,,5.3075
12,15,5,,,,,,,,,2.75
12,15,5,,,,,,,,,4.43
12,16,5,,,,,,,,,4.525
12,16,5,,,,,,,,,3.9625
12,16,5,,,,,,,,,3.36
12,16,5,,,,,,,,,2.425
12,17,5,,,,,,,,,1.3675
12,17,5,,,,,,,,,0.9825
12,17,5,,,,,,,,,0.55
12,17,5,,,,,,,,,0.3125
12,18,5,,,,,,,,,0.16
12,18,5,,,,,,,,,0.03
12,18,5,,,,,,,,,0.0
12,18,5,,,,,,,,,0.0
12,19,5,,,,,,,,,0.0
12,19,5,,,,,,,,,0.0
12,19,5,,,,,,,,,0.0
12,19,5,,,,,,,,,0.0
12,20,5,,,,,,,,,0.0
12,20,5,,,,,,,,,0.0
12,20,5,,,,,,,,,0.0
12,20,5,,,,,,,,,0.0
12,21,5,,,,,,,,,0.0
12,21,5,,,,,,,,,0.0
12,21,5,,,,,,,,,0.0
12,21,5,,,,,,,,,0.0
12,22,5,,,,,,,,,0.0
12,22,5,,,,,,,,,0.0
12,22,5,,,,,,,,,0.0
12,22,5,,,,,,,,,0.0
12,23,5,,,,,,,,,0.0
12,23,5,,,,,,,,,0.0
12,23,5,,,,,,,,,0.0
12,23,5,,,,,,,,,0.0
12,24,5,,,,,,,,,0.0
12,24,5,,,,,,,,,0.0
12,24,5,,,,,,,,,0.0
12,24,5,,,,,,,,,0.0
12,1,6,,,,,,,,,0.0
12,1,6,,,,,,,,,0.0
12,1,6,,,,,,,,,0.0
12,1,6,,,,,,,,,0.0
12,2,6,,,,,,,,,0.0
12,2,6,,,,,,,,,0.0
12,2,6,,,,,,,,,0.0
12,2,6,,,,,,,,,0.0
12,3,6,,,,,,,,,0.0
12,3,6,,,,,,,,,0.0
12,3,6,,,,,,,,,0.0
12,3,6,,,,,,,,,0.0
12,4,6,,,,,,,,,0.0
12,4,6,,,,,,,,,0.0
12,4,6,,,,,,,,,0.0
12,4,6,,,,,,,,,0.0
12,5,6,,,,,,,,,0.0
12,5,6,,,,,,,,,0.0
12,5,6,,,,,,,,,0.0
12,5,6,,,,,,,,,0.0
12,6,6,,,,,,,,,0.0
12,6,6,,,,,,,,,0.0
12,6,6,,,,,,,,,0.0
12,6,6,,,,,,,,,0.0
12,7,6,,,,,,,,,0.0
12,7,6,,,,,,,,,0.0
12,7,6,,,,,,,,,0.0
12,7,6,,,,,,,,,0.0
12,8,6,,,,,,,,,0.0
12,8,6,,,,,,,,,0.0
12,8,6,,,,,,,,,0.0
12,8,6,,,,,,,,,0.0
12,9,6,,,,,,,,,0.0
12,9,6,,,,,,,,,0.0125
12,9,6,,,,,,,,,0.2075
12,9,6,,,,,,,,,0.4175
12,10,6,,,,,,,,,0.655
12,10,6,,,,,,,,,0.96
12,10,6,,,,,,,,,0.6375
12,10,6,,,,,,,,,0.74
12,11,6,,,,,,,,,0.4725
12,11,6,,,,,,,,,1.06
12,11,6,,,,,,,,,1.59
12,11,6,,,,,,,,,0.795
12,12,6,,,,,,,,,0.445
12,12,6,,,,,,,,,0.825
12,12,6,,,,,,,,,0.75
12,12,6,,,,,,,,,0.64
12,13,6,,,,,,,,,0.595
12,13,6,,,,,,,,,0.4775
12,13,6,,,,,,,,,0.39
12,13,6,,,,,,,,,0.4475
12,14,6,,,,,,,,,0.855
12,14,6,,,,,,,,,1.0625
12,14,6,,,,,,,,,0.76
12,14,6,,,,,,,,,1.23
12,15,6,,,,,,,,,0.84
12,15,6,,,,,,,,,0.43
12,15,6,,,,,,,,,0.8825
12,15,6,,,,,,,,,0.91
12,16,6,,,,,,,,,1.015
12,16,6,,,,,,,,,1.255
12,16,6,,,,,,,,,0.7975
12,16,6,,,,,,,,,0.635
12,17,6,,,,,,,,,0.2575
12,17,6,,,,,,,,,0.2375
12,17,6,,,,,,,,,0.2075
12,17,6,,,,,,,,,0.155
12,18,6,,,,,,,,,0.04
12,18,6,,,,,,,,,0.0
12,18,6,,,,,,,,,0.0
12,18,6,,,,,,,,,0.0
12,19,6,,,,,,,,,0.0
12,19,6,,,,,,,,,0.0
12,19,6,,,,,,,,,0.0
12,19,6,,,,,,,,,0.0
12,20,6,,,,,,,,,0.0
12,20,6,,,,,,,,,0.0
12,20,6,,,,,,,,,0.0
12,20,6,,,,,,,,,0.0
12,21,6,,,,,,,,,0.0
12,21,6,,,,,,,,,0.0
12,21,6,,,,,,,,,0.0
12,21,6,,,,,,,,,0.0
12,22,6,,,,,,,,,0.0
12,22,6,,,,,,,,,0.0
12,22,6,,,,,,,,,0.0
12,22,6,,,,,,,,,0.0
12,23,6,,,,,,,,,0.0
12,23,6,,,,,,,,,0.0
12,23,6,,,,,,,,,0.0
12,23,6,,,,,,,,,0.0
12,24,6,,,,,,,,,0.0
12,24,6,,,,,,,,,0.0
12,24,6,,,,,,,,,0.0
12,24,6,,,,,,,,,0.0
12,1,7,,,,,,,,,0.0
12,1,7,,,,,,,,,0.0
12,1,7,,,,,,,,,0.0
12,1,7,,,,,,,,,0.0
12,2,7,,,,,,,,,0.0
12,2,7,,,,,,,,,0.0
12,2,7,,,,,,,,,0.0
12,2,7,,,,,,,,,0.0
12,3,7,,,,,,,,,0.0
12,3,7,,,,,,,,,0.0
12,3,7,,,,,,,,,0.0
12,3,7,,,,,,,,,0.0
12,4,7,,,,,,,,,0.0
12,4,7,,,,,,,,,0.0
12,4,7,,,,,,,,,0.0
12,4,7,,,,,,,,,0.0
12,5,7,,,,,,,,,0.0
12,5,7,,,,,,,,,0.0
12,5,7,,,,,,,,,0.0
12,5,7,,,,,,,,,0.0
12,6,7,,,,,,,,,0.0
12,6,7,,,,,,,,,0.0
12,6,7,,,,,,,,,0.0
12,6,7,,,,,,,,,0.0
12,7,7,,,,,,,,,0.0
12,7,7,,,,,,,,,0.0
12,7,7,,,,,,,,,0.0
12,7,7,,,,,,,,,0.0
12,8,7,,,,,,,,,0.0
12,8,7,,,,,,,,,0.0
12,8,7,,,,,,,,,0.0
12,8,7,,,,,,,,,0.0
12,9,7,,,,,,,,,0.0
12,9,7,,,,,,,,,0.0
12,9,7,,,,,,,,,0.0025
12,9,7,,,,,,,,,0.19
12,10,7,,,,,,,,,0.4525
12,10,7,,,,,,,,,1.2675
12,10,7,,,,,,,,,0.885
12,10,7,,,,,,,,,0.0225
12,11,7,,,,,,,,,0.26
12,11,7,,,,,,,,,0.2775
12,11,7,,,,,,,,,1.62
12,11,7,,,,,,,,,2.3025
12,12,7,,,,,,,,,5.39
12,12,7,,,,,,,,,2.505
12,12,7,,,,,,,,,0.42
12,12,7,,,,,,,,,0.49
12,13,7,,,,,,,,,5.57
12,13,7,,,,,,,,,3.515
12,13,7,,,,,,,,,1.56
12,13,7,,,,,,,,,0.3775
12,14,7,,,,,,,,,0.71
12,14,7,,,,,,,,,4.295
12,14,7,,,,,,,,,0.9075
12,14,7,,,,,,,,,1.13
12,15,7,,,,,,,,,1.77
12,15,7,,,,,,,,,1.015
12,15,7,,,,,,,,,0.4025
12,15,7,,,,,,,,,0.1
12,16,7,,,,,,,,,0.0175
12,16,7,,,,,,,,,0.045
12,16,7,,,,,,,,,0.1325
12,16,7,,,,,,,,,0.785
12,17,7,,,,,,,,,1.7275
12,17,7,,,,,,,,,1.025
12,17,7,,,,,,,,,0.4125
12,17,7,,,,,,,,,0.195
12,18,7,,,,,,,,,0.1
12,18,7,,,,,,,,,0.015
12,18,7,,,,,,,,,0.0
12,18,7,,,,,,,,,0.0
12,19,7,,,,,,,,,0.0
12,19,7,,,,,,,,,0.0
12,19,7,,,,,,,,,0.0
12,19,7,,,,,,,,,0.0
12,20,7,,,,,,,,,0.0
12,20,7,,,,,,,,,0.0
12,20,7,,,,,,,,,0.0
12,20,7,,,,,,,,,0.0
12,21,7,,,,,,,,,0.0
12,21,7,,,,,,,,,0.0
12,21,7,,,,,,,,,0.0
12,21,7,,,,,,,,,0.0
12,22,7,,,,,,,,,0.0
12,22,7,,,,,,,,,0.0
12,22,7,,,,,,,,,0.0
12,22,7,,,,,,,,,0.0
12,23,7,,,,,,,,,0.0
12,23,7,,,,,,,,,0.0
12,23,7,,,,,,,,,0.0
12,23,7,,,,,,,,,0.0
12,24,7,,,,,,,,,0.0
12,24,7,,,,,,,,,0.0
12,24,7,,,,,,,,,0.0
12,24,7,,,,,,,,,0.0
12,1,1,,,,,,,,,0.0
12,1,1,,,,,,,,,0.0
12,1,1,,,,,,,,,0.0
12,1,1,,,,,,,,,0.0
12,2,1,,,,,,,,,0.0
12,2,1,,,,,,,,,0.0
12,2,1,,,,,,,,,0.0
12,2,1,,,,,,,,,0.0
12,3,1,,,,,,,,,0.0
12,3,1,,,,,,,,,0.0
12,3,1,,,,,,,,,0.0
12,3,1,,,,,,,,,0.0
12,4,1,,,,,,,,,0.0
12,4,1,,,,,,,,,0.0
12,4,1,,,,,,,,,0.0
12,4,1,,,,,,,,,0.0
12,5,1,,,,,,,,,0.0
12,5,1,,,,,,,,,0.0
12,5,1,,,,,,,,,0.0
12,5,1,,,,,,,,,0.0
12,6,1,,,,,,,,,0.0
12,6,1,,,,,,,,,0.0
12,6,1,,,,,,,,,0.0
12,6,1,,,,,,,,,0.0
12,7,1,,,,,,,,,0.0
12,7,1,,,,,,,,,0.0
12,7,1,,,,,,,,,0.0
12,7,1,,,,,,,,,0.0
12,8,1,,,,,,,,,0.0
12,8,1,,,,,,,,,0.0
12,8,1,,,,,,,,,0.0
12,8,1,,,,,,,,,0.0
12,9,1,,,,,,,,,0.0
12,9,1,,,,,,,,,0.0
12,9,1,,,,,,,,,0.0775
12,9,1,,,,,,,,,0.1375
12,10,1,,,,,,,,,0.17
12,10,1,,,,,,,,,0.79
12,10,1,,,,,,,,,1.6575
12,10,1,,,,,,,,,1.0075
12,11,1,,,,,,,,,2.445
12,11,1,,,,,,,,,3.43
12,11,1,,,,,,,,,3.085
12,11,1,,,,,,,,,5.34
12,12,1,,,,,,,,,2.8275
12,12,1,,,,,,,,,1.9425
12,12,1,,,,,,,,,1.5425
12,12,1,,,,,,,,,1.5575
12,13,1,,,,,,,,,1.595
12,13,1,,,,,,,,,2.28
12,13,1,,,,,,,,,3.11
12,13,1,,,,,,,,,4.09
12,14,1,,,,,,,,,6.285
12,14,1,,,,,,,,,5.53
12,14,1,,,,,,,,,6.5375
12,14,1,,,,,,,,,6.245
12,15,1,,,,,,,,,5.5325
12,15,1,,,,,,,,,4.185
12,15,1,,,,,,,,,2.775
12,15,1,,,,,,,,,2.4675
12,16,1,,,,,,,,,1.6325
12,16,1,,,,,,,,,1.0825
12,16,1,,,,,,,,,0.7375
12,16,1,,,,,,,,,0.6075
12,17,1,,,,,,,,,0.515
12,17,1,,,,,,,,,0.235
12,17,1,,,,,,,,,0.085
12,17,1,,,,,,,,,0.03
12,18,1,,,,,,,,,0.0025
12,18,1,,,,,,,,,0.0
12,18,1,,,,,,,,,0.0
12,18,1,,,,,,,,,0.0
12,19,1,,,,,,,,,0.0
12,19,1,,,,,,,,,0.0
12,19,1,,,,,,,,,0.0
12,19,1,,,,,,,,,0.0
12,20,1,,,,,,,,,0.0
12,20,1,,,,,,,,,0.0
12,20,1,,,,,,,,,0.0
12,20,1,,,,,,,,,0.0
12,21,1,,,,,,,,,0.0
12,21,1,,,,,,,,,0.0
12,21,1,,,,,,,,,0.0
12,21,1,,,,,,,,,0.0
12,22,1,,,,,,,,,0.0
12,22,1,,,,,,,,,0.0
12,22,1,,,,,,,,,0.0
12,22,1,,,,,,,,,0.0
12,23,1,,,,,,,,,0.0
12,23,1,,,,,,,,,0.0
12,23,1,,,,,,,,,0.0
12,23,1,,,,,,,,,0.0
12,24,1,,,,,,,,,0.0
12,24,1,,,,,,,,,0.0
12,24,1,,,,,,,,,0.0
12,24,1,,,,,,,,,0.0
12,1,2,,,,,,,,,0.0
12,1,2,,,,,,,,,0.0
12,1,2,,,,,,,,,0.0
12,1,2,,,,,,,,,0.0
12,2,2,,,,,,,,,0.0
12,2,2,,,,,,,,,0.0
12,2,2,,,,,,,,,0.0
12,2,2,,,,,,,,,0.0
12,3,2,,,,,,,,,0.0
12,3,2,,,,,,,,,0.0
12,3,2,,,,,,,,,0.0
12,3,2,,,,,,,,,0.0
12,4,2,,,,,,,,,0.0
12,4,2,,,,,,,,,0.0
12,4,2,,,,,,,,,0.0
12,4,2,,,,,,,,,0.0
12,5,2,,,,,,,,,0.0
12,5,2,,,,,,,,,0.0
12,5,2,,,,,,,,,0.0
12,5,2,,,,,,,,,0.0
12,6,2,,,,,,,,,0.0
12,6,2,,,,,,,,,0.0
12,6,2,,,,,,,,,0.0
12,6,2,,,,,,,,,0.0
12,7,2,,,,,,,,,0.0
12,7,2,,,,,,,,,0.0
12,7,2,,,,,,,,,0.0
12,7,2,,,,,,,,,0.0
12,8,2,,,,,,,,,0.0
12,8,2,,,,,,,,,0.0
12,8,2,,,,,,,,,0.0
12,8,2,,,,,,,,,0.0
12,9,2,,,,,,,,,0.0
12,9,2,,,,,,,,,0.02
12,9,2,,,,,,,,,0.115
12,9,2,,,,,,,,,0.23
12,10,2,,,,,,,,,0.52
12,10,2,,,,,,,,,0.98
12,10,2,,,,,,,,,1.6075
12,10,2,,,,,,,,,2.7775
12,11,2,,,,,,,,,2.475
12,11,2,,,,,,,,,3.8725
12,11,2,,,,,,,,,4.825
12,11,2,,,,,,,,,5.135
12,12,2,,,,,,,,,5.455
12,12,2,,,,,,,,,5.82
12,12,2,,,,,,,,,6.01
12,12,2,,,,,,,,,6.2575
12,13,2,,,,,,,,,6.48
12,13,2,,,,,,,,,6.58
12,13,2,,,,,,,,,6.83
12,13,2,,,,,,,,,6.69
12,14,2,,,,,,,,,6.3975
12,14,2,,,,,,,,,6.285
12,14,2,,,,,,,,,6.5525
12,14,2,,,,,,,,,6.4325
12,15,2,,,,,,,,,6.105
12,15,2,,,,,,,,,5.8375
12,15,2,,,,,,,,,5.5725
12,15,2,,,,,,,,,5.2575
12,16,2,,,,,,,,,4.78
12,16,2,,,,,,,,,4.3075
12,16,2,,,,,,,,,3.745
12,16,2,,,,,,,,,3.065
12,17,2,,,,,,,,,1.9875
12,17,2,,,,,,,,,1.1275
12,17,2,,,,,,,,,0.5575
12,17,2,,,,,,,,,0.255
12,18,2,,,,,,,,,0.125
12,18,2,,,,,,,,,0.0225
12,18,2,,,,,,,,,0.0
12,18,2,,,,,,,,,0.0
12,19,2,,,,,,,,,0.0
12,19,2,,,,,,,,,0.0
12,19,2,,,,,,,,,0.0
12,19,2,,,,,,,,,0.0
12,20,2,,,,,,,,,0.0
12,20,2,,,,,,,,,0.0
12,20,2,,,,,,,,,0.0
12,20,2,,,,,,,,,0.0
12,21,2,,,,,,,,,0.0
12,21,2,,,,,,,,,0.0
12,21,2,,,,,,,,,0.0
12,21,2,,,,,,,,,0.0
12,22,2,,,,,,,,,0.0
12,22,2,,,,,,,,,0.0
12,22,2,,,,,,,,,0.0
12,22,2,,,,,,,,,0.0
12,23,2,,,,,,,,,0.0
12,23,2,,,,,,,,,0.0
12,23,2,,,,,,,,,0.0
12,23,2,,,,,,,,,0.0
12,24,2,,,,,,,,,0.0
12,24,2,,,,,,,,,0.0
12,24,2,,,,,,,,,0.0
12,24,2,,,,,,,,,0.0
12,1,3,,,,,,,,,0.0
12,1,3,,,,,,,,,0.0
12,1,3,,,,,,,,,0.0
12,1,3,,,,,,,,,0.0
12,2,3,,,,,,,,,0.0
12,2,3,,,,,,,,,0.0
12,2,3,,,,,,,,,0.0
12,2,3,,,,,,,,,0.0
12,3,3,,,,,,,,,0.0
12,3,3,,,,,,,,,0.0
12,3,3,,,,,,,,,0.0
12,3,3,,,,,,,,,0.0
12,4,3,,,,,,,,,0.0
12,4,3,,,,,,,,,0.0
12,4,3,,,,,,,,,0.0
12,4,3,,,,,,,,,0.0
12,5,3,,,,,,,,,0.0
12,5,3,,,,,,,,,0.0
12,5,3,,,,,,,,,0.0
12,5,3,,,,,,,,,0.0
12,6,3,,,,,,,,,0.0
12,6,3,,,,,,,,,0.0
12,6,3,,,,,,,,,0.0
12,6,3,,,,,,,,,0.0
12,7,3,,,,,,,,,0.0
12,7,3,,,,,,,,,0.0
12,7,3,,,,,,,,,0.0
12,7,3,,,,,,,,,0.0
12,8,3,,,,,,,,,0.0
12,8,3,,,,,,,,,0.0
12,8,3,,,,,,,,,0.0
12,8,3,,,,,,,,,0.0
12,9,3,,,,,,,,,0.0
12,9,3,,,,,,,,,0.0
12,9,3,,,,,,,,,0.0
12,9,3,,,,,,,,,0.055
12,10,3,,,,,,,,,0.395
12,10,3,,,,,,,,,1.14
12,10,3,,,,,,,,,2.14
12,10,3,,,,,,,,,2.84
12,11,3,,,,,,,,,3.5725
12,11,3,,,,,,,,,4.885
12,11,3,,,,,,,,,4.8625
12,11,3,,,,,,,,,4.9825
12,12,3,,,,,,,,,5.535
12,12,3,,,,,,,,,6.3025
12,12,3,,,,,,,,,6.095
12,12,3,,,,,,,,,6.2125
12,13,3,,,,,,,,,6.25
12,13,3,,,,,,,,,6.4075
12,13,3,,,,,,,,,6.4275
12,13,3,,,,,,,,,6.49
12,14,3,,,,,,,,,6.445
12,14,3,,,,,,,,,6.3425
12,14,3,,,,,,,,,6.19
12,14,3,,,,,,,,,6.05
12,15,3,,,,,,,,,5.8525
12,15,3,,,,,,,,,5.6075
12,15,3,,,,,,,,,5.2775
12,15,3,,,,,,,,,4.91
12,16,3,,,,,,,,,4.5775
12,16,3,,,,,,,,,4.1825
12,16,3,,,,,,,,,3.645
12,16,3,,,,,,,,,2.995
12,17,3,,,,,,,,,1.92
12,17,3,,,,,,,,,1.1525
12,17,3,,,,,,,,,0.57
12,17,3,,,,,,,,,0.265
12,18,3,,,,,,,,,0.135
12,18,3,,,,,,,,,0.0475
12,18,3,,,,,,,,,0.0
12,18,3,,,,,,,,,0.0
12,19,3,,,,,,,,,0.0
12,19,3,,,,,,,,,0.0
12,19,3,,,,,,,,,0.0
12,19,3,,,,,,,,,0.0
12,20,3,,,,,,,,,0.0
12,20,3,,,,,,,,,0.0
12,20,3,,,,,,,,,0.0
12,20,3,,,,,,,,,0.0
12,21,3,,,,,,,,,0.0
12,21,3,,,,,,,,,0.0
12,21,3,,,,,,,,,0.0
12,21,3,,,,,,,,,0.0
12,22,3,,,,,,,,,0.0
12,22,3,,,,,,,,,0.0
12,22,3,,,,,,,,,0.0
12,22,3,,,,,,,,,0.0
12,23,3,,,,,,,,,0.0
12,23,3,,,,,,,,,0.0
12,23,3,,,,,,,,,0.0
12,23,3,,,,,,,,,0.0
12,24,3,,,,,,,,,0.0
12,24,3,,,,,,,,,0.0
12,24,3,,,,,,,,,0.0
12,24,3,,,,,,,,,0.0
12,1,4,,,,,,,,,0.0
12,1,4,,,,,,,,,0.0
12,1,4,,,,,,,,,0.0
12,1,4,,,,,,,,,0.0
12,2,4,,,,,,,,,0.0
12,2,4,,,,,,,,,0.0
12,2,4,,,,,,,,,0.0
12,2,4,,,,,,,,,0.0
12,3,4,,,,,,,,,0.0
12,3,4,,,,,,,,,0.0
12,3,4,,,,,,,,,0.0
12,3,4,,,,,,,,,0.0
12,4,4,,,,,,,,,0.0
12,4,4,,,,,,,,,0.0
12,4,4,,,,,,,,,0.0
12,4,4,,,,,,,,,0.0
12,5,4,,,,,,,,,0.0
12,5,4,,,,,,,,,0.0
12,5,4,,,,,,,,,0.0
12,5,4,,,,,,,,,0.0
12,6,4,,,,,,,,,0.0
12,6,4,,,,,,,,,0.0
12,6,4,,,,,,,,,0.0
12,6,4,,,,,,,,,0.0
12,7,4,,,,,,,,,0.0
12,7,4,,,,,,,,,0.0
12,7,4,,,,,,,,,0.0
12,7,4,,,,,,,,,0.0
12,8,4,,,,,,,,,0.0
12,8,4,,,,,,,,,0.0
12,8,4,,,,,,,,,0.0
12,8,4,,,,,,,,,0.0
12,9,4,,,,,,,,,0.0
12,9,4,,,,,,,,,0.0
12,9,4,,,,,,,,,0.0025
12,9,4,,,,,,,,,0.1
12,10,4,,,,,,,,,0.2425
12,10,4,,,,,,,,,0.3225
12,10,4,,,,,,,,,0.3425
12,10,4,,,,,,,,,0.465
12,11,4,,,,,,,,,0.795
12,11,4,,,,,,,,,1.845
12,11,4,,,,,,,,,4.15
12,11,4,,,,,,,,,3.87
12,12,4,,,,,,,,,3.5325
12,12,4,,,,,,,,,1.485
12,12,4,,,,,,,,,2.31
12,12,4,,,,,,,,,3.115
12,13,4,,,,,,,,,4.155
12,13,4,,,,,,,,,2.9325
12,13,4,,,,,,,,,3.0975
12,13,4,,,,,,,,,1.68
12,14,4,,,,,,,,,1.49
12,14,4,,,,,,,,,1.6125
12,14,4,,,,,,,,,2.825
12,14,4,,,,,,,,,1.955
12,15,4,,,,,,,,,4.73
12,15,4,,,,,,,,,3.4
12,15,4,,,,,,,,,5.3675
12,15,4,,,,,,,,,1.485
12,16,4,,,,,,,,,2.395
12,16,4,,,,,,,,,3.285
12,16,4,,,,,,,,,2.7925
12,16,4,,,,,,,,,1.51
12,17,4,,,,,,,,,1.9325
12,17,4,,,,,,,,,1.125
12,17,4,,,,,,,,,0.4625
12,17,4,,,,,,,,,0.29
12,18,4,,,,,,,,,0.205
12,18,4,,,,,,,,,0.0475
12,18,4,,,,,,,,,0.0
12,18,4,,,,,,,,,0.0
12,19,4,,,,,,,,,0.0
12,19,4,,,,,,,,,0.0
12,19,4,,,,,,,,,0.0
12,19,4,,,,,,,,,0.0
12,20,4,,,,,,,,,0.0
12,20,4,,,,,,,,,0.0
12,20,4,,,,,,,,,0.0
12,20,4,,,,,,,,,0.0
12,21,4,,,,,,,,,0.0
12,21,4,,,,,,,,,0.0
12,21,4,,,,,,,,,0.0
12,21,4,,,,,,,,,0.0
12,22,4,,,,,,,,,0.0
12,22,4,,,,,,,,,0.0
12,22,4,,,,,,,,,0.0
12,22,4,,,,,,,,,0.0
12,23,4,,,,,,,,,0.0
12,23,4,,,,,,,,,0.0
12,23,4,,,,,,,,,0.0
12,23,4,,,,,,,,,0.0
12,24,4,,,,,,,,,0.0
12,24,4,,,,,,,,,0.0
12,24,4,,,,,,,,,0.0
12,24,4,,,,,,,,,0.0
12,1,5,,,,,,,,,0.0
12,1,5,,,,,,,,,0.0
12,1,5,,,,,,,,,0.0
12,1,5,,,,,,,,,0.0
12,2,5,,,,,,,,,0.0
12,2,5,,,,,,,,,0.0
12,2,5,,,,,,,,,0.0
12,2,5,,,,,,,,,0.0
12,3,5,,,,,,,,,0.0
12,3,5,,,,,,,,,0.0
12,3,5,,,,,,,,,0.0
12,3,5,,,,,,,,,0.0
12,4,5,,,,,,,,,0.0
12,4,5,,,,,,,,,0.0
12,4,5,,,,,,,,,0.0
12,4,5,,,,,,,,,0.0
12,5,5,,,,,,,,,0.0
12,5,5,,,,,,,,,0.0
12,5,5,,,,,,,,,0.0
12,5,5,,,,,,,,,0.0
12,6,5,,,,,,,,,0.0
12,6,5,,,,,,,,,0.0
12,6,5,,,,,,,,,0.0
12,6,5,,,,,,,,,0.0
12,7,5,,,,,,,,,0.0
12,7,5,,,,,,,,,0.0
12,7,5,,,,,,,,,0.0
12,7,5,,,,,,,,,0.0
12,8,5,,,,,,,,,0.0
12,8,5,,,,,,,,,0.0
12,8,5,,,,,,,,,0.0
12,8,5,,,,,,,,,0.0
12,9,5,,,,,,,,,0.0
12,9,5,,,,,,,,,0.05
12,9,5,,,,,,,,,0.23
12,9,5,,,,,,,,,0.61
12,10,5,,,,,,,,,0.945
12,10,5,,,,,,,,,1.225
12,10,5,,,,,,,,,1.09
12,10,5,,,,,,,,,1.595
12,11,5,,,,,,,,,1.915
12,11,5,,,,,,,,,4.1125
12,11,5,,,,,,,,,5.025
12,11,5,,,,,,,,,5.5825
12,12,5,,,,,,,,,3.185
12,12,5,,,,,,,,,2.8725
12,12,5,,,,,,,,,4.4825
12,12,5,,,,,,,,,4.6
12,13,5,,,,,,,,,4.14
12,13,5,,,,,,,,,7.0125
12,13,5,,,,,,,,,6.585
12,13,5,,,,,,,,,6.5525
12,14,5,,,,,,,,,5.945
12,14,5,,,,,,,,,6.34
12,14,5,,,,,,,,,4.55
12,14,5,,,,,,,,,2.505
12,15,5,,,,,,,,,0.8275
12,15,5,,,,,,,,,1.005
12,15,5,,,,,,,,,1.6625
12,15,5,,,,,,,,,2.515
12,16,5,,,,,,,,,4.77
12,16,5,,,,,,,,,3.945
12,16,5,,,,,,,,,2.945
12,16,5,,,,,,,,,1.76
12,17,5,,,,,,,,,0.495
12,17,5,,,,,,,,,0.47
12,17,5,,,,,,,,,0.505
12,17,5,,,,,,,,,0.22
12,18,5,,,,,,,,,0.1
12,18,5,,,,,,,,,0.025
12,18,5,,,,,,,,,0.0
12,18,5,,,,,,,,,0.0
12,19,5,,,,,,,,,0.0
12,19,5,,,,,,,,,0.0
12,19,5,,,,,,,,,0.0
12,19,5,,,,,,,,,0.0
12,20,5,,,,,,,,,0.0
12,20,5,,,,,,,,,0.0
12,20,5,,,,,,,,,0.0
12,20,5,,,,,,,,,0.0
12,21,5,,,,,,,,,0.0
12,21,5,,,,,,,,,0.0
12,21,5,,,,,,,,,0.0
12,21,5,,,,,,,,,0.0
12,22,5,,,,,,,,,0.0
12,22,5,,,,,,,,,0.0
12,22,5,,,,,,,,,0.0
12,22,5,,,,,,,,,0.0
12,23,5,,,,,,,,,0.0
12,23,5,,,,,,,,,0.0
12,23,5,,,,,,,,,0.0
12,23,5,,,,,,,,,0.0
12,24,5,,,,,,,,,0.0
12,24,5,,,,,,,,,0.0
12,24,5,,,,,,,,,0.0
12,24,5,,,,,,,,,0.0
12,1,6,,,,,,,,,0.0
12,1,6,,,,,,,,,0.0
12,1,6,,,,,,,,,0.0
12,1,6,,,,,,,,,0.0
12,2,6,,,,,,,,,0.0
12,2,6,,,,,,,,,0.0
12,2,6,,,,,,,,,0.0
12,2,6,,,,,,,,,0.0
12,3,6,,,,,,,,,0.0
12,3,6,,,,,,,,,0.0
12,3,6,,,,,,,,,0.0
12,3,6,,,,,,,,,0.0
12,4,6,,,,,,,,,0.0
12,4,6,,,,,,,,,0.0
12,4,6,,,,,,,,,0.0
12,4,6,,,,,,,,,0.0
12,5,6,,,,,,,,,0.0
12,5,6,,,,,,,,,0.0
12,5,6,,,,,,,,,0.0
12,5,6,,,,,,,,,0.0
12,6,6,,,,,,,,,0.0
12,6,6,,,,,,,,,0.0
12,6,6,,,,,,,,,0.0
12,6,6,,,,,,,,,0.0
12,7,6,,,,,,,,,0.0
12,7,6,,,,,,,,,0.0
12,7,6,,,,,,,,,0.0
12,7,6,,,,,,,,,0.0
12,8,6,,,,,,,,,0.0
12,8,6,,,,,,,,,0.0
12,8,6,,,,,,,,,0.0
12,8,6,,,,,,,,,0.0
12,9,6,,,,,,,,,0.0
12,9,6,,,,,,,,,0.045
12,9,6,,,,,,,,,0.1675
12,9,6,,,,,,,,,0.28
12,10,6,,,,,,,,,0.45
12,10,6,,,,,,,,,0.5775
12,10,6,,,,,,,,,0.82
12,10,6,,,,,,,,,1.81
12,11,6,,,,,,,,,2.4975
12,11,6,,,,,,,,,4.0525
12,11,6,,,,,,,,,4.8475
12,11,6,,,,,,,,,5.45
12,12,6,,,,,,,,,5.475
12,12,6,,,,,,,,,5.75
12,12,6,,,,,,,,,6.08
12,12,6,,,,,,,,,6.3275
12,13,6,,,,,,,,,6.4625
12,13,6,,,,,,,,,6.555
12,13,6,,,,,,,,,6.6225
12,13,6,,,,,,,,,6.6125
12,14,6,,,,,,,,,6.54
12,14,6,,,,,,,,,6.4025
12,14,6,,,,,,,,,6.3
12,14,6,,,,,,,,,6.155
12,15,6,,,,,,,,,5.9425
12,15,6,,,,,,,,,5.7175
12,15,6,,,,,,,,,5.4275
12,15,6,,,,,,,,,5.1025
12,16,6,,,,,,,,,4.7375
12,16,6,,,,,,,,,4.34
12,16,6,,,,,,,,,3.8075
12,16,6,,,,,,,,,3.1375
12,17,6,,,,,,,,,2.155
12,17,6,,,,,,,,,1.23
12,17,6,,,,,,,,,0.6125
12,17,6,,,,,,,,,0.2925
12,18,6,,,,,,,,,0.1
12,18,6,,,,,,,,,0.0225
12,18,6,,,,,,,,,0.0
12,18,6,,,,,,,,,0.0
12,19,6,,,,,,,,,0.0
12,19,6,,,,,,,,,0.0
12,19,6,,,,,,,,,0.0
12,19,6,,,,,,,,,0.0
12,20,6,,,,,,,,,0.0
12,20,6,,,,,,,,,0.0
12,20,6,,,,,,,,,0.0
12,20,6,,,,,,,,,0.0
12,21,6,,,,,,,,,0.0
12,21,6,,,,,,,,,0.0
12,21,6,,,,,,,,,0.0
12,21,6,,,,,,,,,0.0
12,22,6,,,,,,,,,0.0
12,22,6,,,,,,,,,0.0
12,22,6,,,,,,,,,0.0
12,22,6,,,,,,,,,0.0
12,23,6,,,,,,,,,0.0
12,23,6,,,,,,,,,0.0
12,23,6,,,,,,,,,0.0
12,23,6,,,,,,,,,0.0
12,24,6,,,,,,,,,0.0
12,24,6,,,,,,,,,0.0
12,24,6,,,,,,,,,0.0
12,24,6,,,,,,,,,0.0
12,1,7,,,,,,,,,0.0
12,1,7,,,,,,,,,0.0
12,1,7,,,,,,,,,0.0
12,1,7,,,,,,,,,0.0
12,2,7,,,,,,,,,0.0
12,2,7,,,,,,,,,0.0
12,2,7,,,,,,,,,0.0
12,2,7,,,,,,,,,0.0
12,3,7,,,,,,,,,0.0
12,3,7,,,,,,,,,0.0
12,3,7,,,,,,,,,0.0
12,3,7,,,,,,,,,0.0
12,4,7,,,,,,,,,0.0
12,4,7,,,,,,,,,0.0
12,4,7,,,,,,,,,0.0
12,4,7,,,,,,,,,0.0
12,5,7,,,,,,,,,0.0
12,5,7,,,,,,,,,0.0
12,5,7,,,,,,,,,0.0
12,5,7,,,,,,,,,0.0
12,6,7,,,,,,,,,0.0
12,6,7,,,,,,,,,0.0
12,6,7,,,,,,,,,0.0
12,6,7,,,,,,,,,0.0
12,7,7,,,,,,,,,0.0
12,7,7,,,,,,,,,0.0
12,7,7,,,,,,,,,0.0
12,7,7,,,,,,,,,0.0
12,8,7,,,,,,,,,0.0
12,8,7,,,,,,,,,0.0
12,8,7,,,,,,,,,0.0
12,8,7,,,,,,,,,0.0
12,9,7,,,,,,,,,0.0
12,9,7,,,,,,,,,0.0
12,9,7,,,,,,,,,0.07
12,9,7,,,,,,,,,0.1575
12,10,7,,,,,,,,,0.2425
12,10,7,,,,,,,,,0.46
12,10,7,,,,,,,,,0.69
12,10,7,,,,,,,,,0.9075
12,11,7,,,,,,,,,2.245
12,11,7,,,,,,,,,3.86
12,11,7,,,,,,,,,4.11
12,11,7,,,,,,,,,2.32
12,12,7,,,,,,,,,0.9425
12,12,7,,,,,,,,,0.87
12,12,7,,,,,,,,,1.3825
12,12,7,,,,,,,,,2.085
12,13,7,,,,,,,,,5.815
12,13,7,,,,,,,,,5.645
12,13,7,,,,,,,,,6.32
12,13,7,,,,,,,,,6.255
12,14,7,,,,,,,,,5.7325
12,14,7,,,,,,,,,5.8125
12,14,7,,,,,,,,,5.9825
12,14,7,,,,,,,,,6.0275
12,15,7,,,,,,,,,5.88
12,15,7,,,,,,,,,5.5575
12,15,7,,,,,,,,,5.2525
12,15,7,,,,,,,,,4.925
12,16,7,,,,,,,,,4.565
12,16,7,,,,,,,,,4.125
12,16,7,,,,,,,,,3.5825
12,16,7,,,,,,,,,2.865
12,17,7,,,,,,,,,2.08
12,17,7,,,,,,,,,1.2075
12,17,7,,,,,,,,,0.6325
12,17,7,,,,,,,,,0.3
12,18,7,,,,,,,,,0.145
12,18,7,,,,,,,,,0.05
12,18,7,,,,,,,,,0.0
12,18,7,,,,,,,,,0.0
12,19,7,,,,,,,,,0.0
12,19,7,,,,,,,,,0.0
12,19,7,,,,,,,,,0.0
12,19,7,,,,,,,,,0.0
12,20,7,,,,,,,,,0.0
12,20,7,,,,,,,,,0.0
12,20,7,,,,,,,,,0.0
12,20,7,,,,,,,,,0.0
12,21,7,,,,,,,,,0.0
12,21,7,,,,,,,,,0.0
12,21,7,,,,,,,,,0.0
12,21,7,,,,,,,,,0.0
12,22,7,,,,,,,,,0.0
12,22,7,,,,,,,,,0.0
12,22,7,,,,,,,,,0.0
12,22,7,,,,,,,,,0.0
12,23,7,,,,,,,,,0.0
12,23,7,,,,,,,,,0.0
12,23,7,,,,,,,,,0.0
12,23,7,,,,,,,,,0.0
12,24,7,,,,,,,,,0.0
12,24,7,,,,,,,,,0.0
12,24,7,,,,,,,,,0.0
12,24,7,,,,,,,,,0.0
12,1,1,,,,,,,,,0.0
12,1,1,,,,,,,,,0.0
12,1,1,,,,,,,,,0.0
12,1,1,,,,,,,,,0.0
12,2,1,,,,,,,,,0.0
12,2,1,,,,,,,,,0.0
12,2,1,,,,,,,,,0.0
12,2,1,,,,,,,,,0.0
12,3,1,,,,,,,,,0.0
12,3,1,,,,,,,,,0.0
12,3,1,,,,,,,,,0.0
12,3,1,,,,,,,,,0.0
12,4,1,,,,,,,,,0.0
12,4,1,,,,,,,,,0.0
12,4,1,,,,,,,,,0.0
12,4,1,,,,,,,,,0.0
12,5,1,,,,,,,,,0.0
12,5,1,,,,,,,,,0.0
12,5,1,,,,,,,,,0.0
12,5,1,,,,,,,,,0.0
12,6,1,,,,,,,,,0.0
12,6,1,,,,,,,,,0.0
12,6,1,,,,,,,,,0.0
12,6,1,,,,,,,,,0.0
12,7,1,,,,,,,,,0.0
12,7,1,,,,,,,,,0.0
12,7,1,,,,,,,,,0.0
12,7,1,,,,,,,,,0.0
12,8,1,,,,,,,,,0.0
12,8,1,,,,,,,,,0.0
12,8,1,,,,,,,,,0.0
12,8,1,,,,,,,,,0.0
12,9,1,,,,,,,,,0.0
12,9,1,,,,,,,,,0.03
12,9,1,,,,,,,,,0.14
12,9,1,,,,,,,,,0.25
12,10,1,,,,,,,,,0.4725
12,10,1,,,,,,,,,0.8825
12,10,1,,,,,,,,,1.49
12,10,1,,,,,,,,,2.355
12,11,1,,,,,,,,,2.97
12,11,1,,,,,,,,,3.895
12,11,1,,,,,,,,,4.53
12,11,1,,,,,,,,,4.935
12,12,1,,,,,,,,,5.2275
12,12,1,,,,,,,,,5.52
12,12,1,,,,,,,,,5.73
12,12,1,,,,,,,,,5.9025
12,13,1,,,,,,,,,6.05
12,13,1,,,,,,,,,6.1825
12,13,1,,,,,,,,,6.195
12,13,1,,,,,,,,,6.29
12,14,1,,,,,,,,,6.2575
12,14,1,,,,,,,,,6.17
12,14,1,,,,,,,,,6.01
12,14,1,,,,,,,,,5.8
12,15,1,,,,,,,,,5.6425
12,15,1,,,,,,,,,5.4275
12,15,1,,,,,,,,,5.195
12,15,1,,,,,,,,,4.915
12,16,1,,,,,,,,,4.565
12,16,1,,,,,,,,,4.145
12,16,1,,,,,,,,,3.635
12,16,1,,,,,,,,,3.035
12,17,1,,,,,,,,,2.17
12,17,1,,,,,,,,,1.2675
12,17,1,,,,,,,,,0.66
12,17,1,,,,,,,,,0.335
12,18,1,,,,,,,,,0.1725
12,18,1,,,,,,,,,0.065
12,18,1,,,,,,,,,0.0025
12,18,1,,,,,,,,,0.0
12,19,1,,,,,,,,,0.0
12,19,1,,,,,,,,,0.0
12,19,1,,,,,,,,,0.0
12,19,1,,,,,,,,,0.0
12,20,1,,,,,,,,,0.0
12,20,1,,,,,,,,,0.0
12,20,1,,,,,,,,,0.0
12,20,1,,,,,,,,,0.0
12,21,1,,,,,,,,,0.0
12,21,1,,,,,,,,,0.0
12,21,1,,,,,,,,,0.0
12,21,1,,,,,,,,,0.0
12,22,1,,,,,,,,,0.0
12,22,1,,,,,,,,,0.0
12,22,1,,,,,,,,,0.0
12,22,1,,,,,,,,,0.0
12,23,1,,,,,,,,,0.0
12,23,1,,,,,,,,,0.0
12,23,1,,,,,,,,,0.0
12,23,1,,,,,,,,,0.0
12,24,1,,,,,,,,,0.0
12,24,1,,,,,,,,,0.0
12,24,1,,,,,,,,,0.0
12,24,1,,,,,,,,,0.0
12,1,2,,,,,,,,,0.0
12,1,2,,,,,,,,,0.0
12,1,2,,,,,,,,,0.0
12,1,2,,,,,,,,,0.0
12,2,2,,,,,,,,,0.0
12,2,2,,,,,,,,,0.0
12,2,2,,,,,,,,,0.0
12,2,2,,,,,,,,,0.0
12,3,2,,,,,,,,,0.0
12,3,2,,,,,,,,,0.0
12,3,2,,,,,,,,,0.0
12,3,2,,,,,,,,,0.0
12,4,2,,,,,,,,,0.0
12,4,2,,,,,,,,,0.0
12,4,2,,,,,,,,,0.0
12,4,2,,,,,,,,,0.0
12,5,2,,,,,,,,,0.0
12,5,2,,,,,,,,,0.0
12,5,2,,,,,,,,,0.0
12,5,2,,,,,,,,,0.0
12,6,2,,,,,,,,,0.0
12,6,2,,,,,,,,,0.0
12,6,2,,,,,,,,,0.0
12,6,2,,,,,,,,,0.0
12,7,2,,,,,,,,,0.0
12,7,2,,,,,,,,,0.0
12,7,2,,,,,,,,,0.0
12,7,2,,,,,,,,,0.0
12,8,2,,,,,,,,,0.0
12,8,2,,,,,,,,,0.0
12,8,2,,,,,,,,,0.0
12,8,2,,,,,,,,,0.0
12,9,2,,,,,,,,,0.0
12,9,2,,,,,,,,,0.0275
12,9,2,,,,,,,,,0.14
12,9,2,,,,,,,,,0.26
12,10,2,,,,,,,,,0.48
12,10,2,,,,,,,,,0.895
12,10,2,,,,,,,,,1.495
12,10,2,,,,,,,,,2.3775
12,11,2,,,,,,,,,3.0325
12,11,2,,,,,,,,,4.015
12,11,2,,,,,,,,,4.6825
12,11,2,,,,,,,,,5.095
12,12,2,,,,,,,,,5.4275
12,12,2,,,,,,,,,5.68
12,12,2,,,,,,,,,5.9
12,12,2,,,,,,,,,6.0425
12,13,2,,,,,,,,,6.1525
12,13,2,,,,,,,,,6.195
12,13,2,,,,,,,,,6.18
12,13,2,,,,,,,,,6.23
12,14,2,,,,,,,,,6.28
12,14,2,,,,,,,,,6.165
12,14,2,,,,,,,,,5.9875
12,14,2,,,,,,,,,5.84
12,15,2,,,,,,,,,5.635
12,15,2,,,,,,,,,5.4175
12,15,2,,,,,,,,,5.145
12,15,2,,,,,,,,,4.845
12,16,2,,,,,,,,,4.5175
12,16,2,,,,,,,,,4.14
12,16,2,,,,,,,,,3.68
12,16,2,,,,,,,,,3.085
12,17,2,,,,,,,,,2.215
12,17,2,,,,,,,,,1.2975
12,17,2,,,,,,,,,0.69
12,17,2,,,,,,,,,0.345
12,18,2,,,,,,,,,0.175
12,18,2,,,,,,,,,0.0625
12,18,2,,,,,,,,,0.0025
12,18,2,,,,,,,,,0.0
12,19,2,,,,,,,,,0.0
12,19,2,,,,,,,,,0.0
12,19,2,,,,,,,,,0.0
12,19,2,,,,,,,,,0.0
12,20,2,,,,,,,,,0.0
12,20,2,,,,,,,,,0.0
12,20,2,,,,,,,,,0.0
12,20,2,,,,,,,,,0.0
12,21,2,,,,,,,,,0.0
12,21,2,,,,,,,,,0.0
12,21,2,,,,,,,,,0.0
12,21,2,,,,,,,,,0.0
12,22,2,,,,,,,,,0.0
12,22,2,,,,,,,,,0.0
12,22,2,,,,,,,,,0.0
12,22,2,,,,,,,,,0.0
12,23,2,,,,,,,,,0.0
12,23,2,,,,,,,,,0.0
12,23,2,,,,,,,,,0.0
12,23,2,,,,,,,,,0.0
12,24,2,,,,,,,,,0.0
12,24,2,,,,,,,,,0.0
12,24,2,,,,,,,,,0.0
12,24,2,,,,,,,,,0.0
12,1,3,,,,,,,,,0.0
12,1,3,,,,,,,,,0.0
12,1,3,,,,,,,,,0.0
12,1,3,,,,,,,,,0.0
12,2,3,,,,,,,,,0.0
12,2,3,,,,,,,,,0.0
12,2,3,,,,,,,,,0.0
12,2,3,,,,,,,,,0.0
12,3,3,,,,,,,,,0.0
12,3,3,,,,,,,,,0.0
12,3,3,,,,,,,,,0.0
12,3,3,,,,,,,,,0.0
12,4,3,,,,,,,,,0.0
12,4,3,,,,,,,,,0.0
12,4,3,,,,,,,,,0.0
12,4,3,,,,,,,,,0.0
12,5,3,,,,,,,,,0.0
12,5,3,,,,,,,,,0.0
12,5,3,,,,,,,,,0.0
12,5,3,,,,,,,,,0.0
12,6,3,,,,,,,,,0.0
12,6,3,,,,,,,,,0.0
12,6,3,,,,,,,,,0.0
12,6,3,,,,,,,,,0.0
12,7,3,,,,,,,,,0.0
12,7,3,,,,,,,,,0.0
12,7,3,,,,,,,,,0.0
12,7,3,,,,,,,,,0.0
12,8,3,,,,,,,,,0.0
12,8,3,,,,,,,,,0.0
12,8,3,,,,,,,,,0.0
12,8,3,,,,,,,,,0.0
12,9,3,,,,,,,,,0.0
12,9,3,,,,,,,,,0.0325
12,9,3,,,,,,,,,0.1525
12,9,3,,,,,,,,,0.27
12,10,3,,,,,,,,,0.495
12,10,3,,,,,,,,,0.905
12,10,3,,,,,,,,,1.54
12,10,3,,,,,,,,,2.06
12,11,3,,,,,,,,,2.835
12,11,3,,,,,,,,,3.86
12,11,3,,,,,,,,,4.575
12,11,3,,,,,,,,,4.9825
12,12,3,,,,,,,,,5.4025
12,12,3,,,,,,,,,5.6725
12,12,3,,,,,,,,,5.915
12,12,3,,,,,,,,,6.1775
12,13,3,,,,,,,,,6.2925
12,13,3,,,,,,,,,6.3525
12,13,3,,,,,,,,,6.435
12,13,3,,,,,,,,,6.1625
12,14,3,,,,,,,,,6.34
12,14,3,,,,,,,,,6.27
12,14,3,,,,,,,,,6.1225
12,14,3,,,,,,,,,5.905
12,15,3,,,,,,,,,5.6625
12,15,3,,,,,,,,,5.4225
12,15,3,,,,,,,,,5.105
12,15,3,,,,,,,,,4.765
12,16,3,,,,,,,,,4.56
12,16,3,,,,,,,,,4.11
12,16,3,,,,,,,,,3.5125
12,16,3,,,,,,,,,2.8875
12,17,3,,,,,,,,,2.075
12,17,3,,,,,,,,,1.21
12,17,3,,,,,,,,,0.685
12,17,3,,,,,,,,,0.3675
12,18,3,,,,,,,,,0.165
12,18,3,,,,,,,,,0.06
12,18,3,,,,,,,,,0.0
12,18,3,,,,,,,,,0.0
12,19,3,,,,,,,,,0.0
12,19,3,,,,,,,,,0.0
12,19,3,,,,,,,,,0.0
12,19,3,,,,,,,,,0.0
12,20,3,,,,,,,,,0.0
12,20,3,,,,,,,,,0.0
12,20,3,,,,,,,,,0.0
12,20,3,,,,,,,,,0.0
12,21,3,,,,,,,,,0.0
12,21,3,,,,,,,,,0.0
12,21,3,,,,,,,,,0.0
12,21,3,,,,,,,,,0.0
12,22,3,,,,,,,,,0.0
12,22,3,,,,,,,,,0.0
12,22,3,,,,,,,,,0.0
12,22,3,,,,,,,,,0.0
12,23,3,,,,,,,,,0.0
12,23,3,,,,,,,,,0.0
12,23,3,,,,,,,,,0.0
12,23,3,,,,,,,,,0.0
12,24,3,,,,,,,,,0.0
12,24,3,,,,,,,,,0.0
12,24,3,,,,,,,,,0.0
12,24,3,,,,,,,,,0.0
